--
-- PostgreSQL database dump
--

\restrict et7rNyG56WOXTrdsxdw7sOcz6HvbbKM62WDAa4TXN8rTtILm2aE8XG3oAnytdaI

-- Dumped from database version 15.17 (Debian 15.17-1.pgdg13+1)
-- Dumped by pg_dump version 15.17 (Debian 15.17-1.pgdg13+1)

SET statement_timeout = 0;
SET lock_timeout = 0;
SET idle_in_transaction_session_timeout = 0;
SET client_encoding = 'UTF8';
SET standard_conforming_strings = on;
SELECT pg_catalog.set_config('search_path', '', false);
SET check_function_bodies = false;
SET xmloption = content;
SET client_min_messages = warning;
SET row_security = off;

--
-- Name: uuid-ossp; Type: EXTENSION; Schema: -; Owner: -
--

CREATE EXTENSION IF NOT EXISTS "uuid-ossp" WITH SCHEMA public;


--
-- Name: EXTENSION "uuid-ossp"; Type: COMMENT; Schema: -; Owner: -
--

COMMENT ON EXTENSION "uuid-ossp" IS 'generate universally unique identifiers (UUIDs)';


--
-- Name: increment_workflow_version(); Type: FUNCTION; Schema: public; Owner: -
--

CREATE FUNCTION public.increment_workflow_version() RETURNS trigger
    LANGUAGE plpgsql
    AS $$
			BEGIN
				IF NEW."versionCounter" IS NOT DISTINCT FROM OLD."versionCounter" THEN
					NEW."versionCounter" = OLD."versionCounter" + 1;
				END IF;
				RETURN NEW;
			END;
			$$;


SET default_tablespace = '';

SET default_table_access_method = heap;

--
-- Name: annotation_tag_entity; Type: TABLE; Schema: public; Owner: -
--

CREATE TABLE public.annotation_tag_entity (
    id character varying(16) NOT NULL,
    name character varying(24) NOT NULL,
    "createdAt" timestamp(3) with time zone DEFAULT CURRENT_TIMESTAMP(3) NOT NULL,
    "updatedAt" timestamp(3) with time zone DEFAULT CURRENT_TIMESTAMP(3) NOT NULL
);


--
-- Name: application_analysis; Type: TABLE; Schema: public; Owner: -
--

CREATE TABLE public.application_analysis (
    final_score double precision,
    id bigint NOT NULL,
    job_application_id bigint,
    compatibility_level character varying(255),
    final_feedback text
);


--
-- Name: application_analysis_dimension; Type: TABLE; Schema: public; Owner: -
--

CREATE TABLE public.application_analysis_dimension (
    score double precision,
    weight double precision,
    weighted_score double precision,
    analysis_id bigint,
    id bigint NOT NULL,
    selection_stage_id bigint
);


--
-- Name: application_analysis_dimension_id_seq; Type: SEQUENCE; Schema: public; Owner: -
--

ALTER TABLE public.application_analysis_dimension ALTER COLUMN id ADD GENERATED BY DEFAULT AS IDENTITY (
    SEQUENCE NAME public.application_analysis_dimension_id_seq
    START WITH 1
    INCREMENT BY 1
    NO MINVALUE
    NO MAXVALUE
    CACHE 1
);


--
-- Name: application_analysis_id_seq; Type: SEQUENCE; Schema: public; Owner: -
--

ALTER TABLE public.application_analysis ALTER COLUMN id ADD GENERATED BY DEFAULT AS IDENTITY (
    SEQUENCE NAME public.application_analysis_id_seq
    START WITH 1
    INCREMENT BY 1
    NO MINVALUE
    NO MAXVALUE
    CACHE 1
);


--
-- Name: application_stage_result; Type: TABLE; Schema: public; Owner: -
--

CREATE TABLE public.application_stage_result (
    locked boolean NOT NULL,
    score double precision,
    id bigint NOT NULL,
    job_application_id bigint,
    selection_stage_id bigint,
    stage_status character varying(255),
    CONSTRAINT application_stage_result_stage_status_check CHECK (((stage_status)::text = ANY ((ARRAY['LOCKED'::character varying, 'NOT_STARTED'::character varying, 'IN_PROGRESS'::character varying, 'COMPLETED'::character varying, 'FAILED'::character varying, 'PASSED'::character varying])::text[])))
);


--
-- Name: application_stage_result_id_seq; Type: SEQUENCE; Schema: public; Owner: -
--

ALTER TABLE public.application_stage_result ALTER COLUMN id ADD GENERATED BY DEFAULT AS IDENTITY (
    SEQUENCE NAME public.application_stage_result_id_seq
    START WITH 1
    INCREMENT BY 1
    NO MINVALUE
    NO MAXVALUE
    CACHE 1
);


--
-- Name: attachments; Type: TABLE; Schema: public; Owner: -
--

CREATE TABLE public.attachments (
    candidate_id bigint,
    file_id bigint,
    id bigint NOT NULL,
    type character varying(255),
    CONSTRAINT attachments_type_check CHECK (((type)::text = ANY ((ARRAY['RESUME'::character varying, 'COVER_LETTER'::character varying, 'CERTIFICATE'::character varying, 'PORTFOLIO'::character varying])::text[])))
);


--
-- Name: attachments_id_seq; Type: SEQUENCE; Schema: public; Owner: -
--

ALTER TABLE public.attachments ALTER COLUMN id ADD GENERATED BY DEFAULT AS IDENTITY (
    SEQUENCE NAME public.attachments_id_seq
    START WITH 1
    INCREMENT BY 1
    NO MINVALUE
    NO MAXVALUE
    CACHE 1
);


--
-- Name: auth_identity; Type: TABLE; Schema: public; Owner: -
--

CREATE TABLE public.auth_identity (
    "userId" uuid,
    "providerId" character varying(64) NOT NULL,
    "providerType" character varying(32) NOT NULL,
    "createdAt" timestamp(3) with time zone DEFAULT CURRENT_TIMESTAMP(3) NOT NULL,
    "updatedAt" timestamp(3) with time zone DEFAULT CURRENT_TIMESTAMP(3) NOT NULL
);


--
-- Name: auth_provider_sync_history; Type: TABLE; Schema: public; Owner: -
--

CREATE TABLE public.auth_provider_sync_history (
    id integer NOT NULL,
    "providerType" character varying(32) NOT NULL,
    "runMode" text NOT NULL,
    status text NOT NULL,
    "startedAt" timestamp(3) with time zone DEFAULT CURRENT_TIMESTAMP NOT NULL,
    "endedAt" timestamp(3) with time zone DEFAULT CURRENT_TIMESTAMP NOT NULL,
    scanned integer NOT NULL,
    created integer NOT NULL,
    updated integer NOT NULL,
    disabled integer NOT NULL,
    error text
);


--
-- Name: auth_provider_sync_history_id_seq; Type: SEQUENCE; Schema: public; Owner: -
--

CREATE SEQUENCE public.auth_provider_sync_history_id_seq
    AS integer
    START WITH 1
    INCREMENT BY 1
    NO MINVALUE
    NO MAXVALUE
    CACHE 1;


--
-- Name: auth_provider_sync_history_id_seq; Type: SEQUENCE OWNED BY; Schema: public; Owner: -
--

ALTER SEQUENCE public.auth_provider_sync_history_id_seq OWNED BY public.auth_provider_sync_history.id;


--
-- Name: binary_data; Type: TABLE; Schema: public; Owner: -
--

CREATE TABLE public.binary_data (
    "fileId" uuid NOT NULL,
    "sourceType" character varying(50) NOT NULL,
    "sourceId" character varying(255) NOT NULL,
    data bytea NOT NULL,
    "mimeType" character varying(255),
    "fileName" character varying(255),
    "fileSize" integer NOT NULL,
    "createdAt" timestamp(3) with time zone DEFAULT CURRENT_TIMESTAMP(3) NOT NULL,
    "updatedAt" timestamp(3) with time zone DEFAULT CURRENT_TIMESTAMP(3) NOT NULL,
    CONSTRAINT "CHK_binary_data_sourceType" CHECK ((("sourceType")::text = ANY ((ARRAY['execution'::character varying, 'chat_message_attachment'::character varying])::text[])))
);


--
-- Name: COLUMN binary_data."sourceType"; Type: COMMENT; Schema: public; Owner: -
--

COMMENT ON COLUMN public.binary_data."sourceType" IS 'Source the file belongs to, e.g. ''execution''';


--
-- Name: COLUMN binary_data."sourceId"; Type: COMMENT; Schema: public; Owner: -
--

COMMENT ON COLUMN public.binary_data."sourceId" IS 'ID of the source, e.g. execution ID';


--
-- Name: COLUMN binary_data.data; Type: COMMENT; Schema: public; Owner: -
--

COMMENT ON COLUMN public.binary_data.data IS 'Raw, not base64 encoded';


--
-- Name: COLUMN binary_data."fileSize"; Type: COMMENT; Schema: public; Owner: -
--

COMMENT ON COLUMN public.binary_data."fileSize" IS 'In bytes';


--
-- Name: candidates; Type: TABLE; Schema: public; Owner: -
--

CREATE TABLE public.candidates (
    date_of_birth date,
    created_at timestamp(6) without time zone NOT NULL,
    id bigint NOT NULL,
    profile_id bigint,
    updated_at timestamp(6) without time zone,
    user_id bigint,
    availability character varying(255),
    contact character varying(255) NOT NULL,
    cpf character varying(255) NOT NULL,
    full_name character varying(255) NOT NULL,
    gender character varying(255),
    race_ethnicity character varying(255),
    sector character varying(255),
    CONSTRAINT candidates_availability_check CHECK (((availability)::text = ANY ((ARRAY['FULL_TIME'::character varying, 'PART_TIME'::character varying, 'INTERSHIP'::character varying, 'TRAINEE'::character varying, 'TEMPORARY'::character varying, 'CONTRACT'::character varying, 'FREELANCE'::character varying, 'SELF_EMPLOYED'::character varying, 'VOLUNTEER'::character varying, 'APPRENTICESHIP'::character varying])::text[])))
);


--
-- Name: candidates_id_seq; Type: SEQUENCE; Schema: public; Owner: -
--

ALTER TABLE public.candidates ALTER COLUMN id ADD GENERATED BY DEFAULT AS IDENTITY (
    SEQUENCE NAME public.candidates_id_seq
    START WITH 1
    INCREMENT BY 1
    NO MINVALUE
    NO MAXVALUE
    CACHE 1
);


--
-- Name: certificate_sectors; Type: TABLE; Schema: public; Owner: -
--

CREATE TABLE public.certificate_sectors (
    certificate_id bigint NOT NULL,
    sector_id bigint NOT NULL
);


--
-- Name: certificates; Type: TABLE; Schema: public; Owner: -
--

CREATE TABLE public.certificates (
    candidate_id bigint NOT NULL,
    hours bigint,
    id bigint NOT NULL,
    expiration_date character varying(255),
    issue_date character varying(255),
    issuing_organization character varying(255),
    title character varying(255),
    url character varying(255)
);


--
-- Name: certificates_id_seq; Type: SEQUENCE; Schema: public; Owner: -
--

ALTER TABLE public.certificates ALTER COLUMN id ADD GENERATED BY DEFAULT AS IDENTITY (
    SEQUENCE NAME public.certificates_id_seq
    START WITH 1
    INCREMENT BY 1
    NO MINVALUE
    NO MAXVALUE
    CACHE 1
);


--
-- Name: chat_hub_agent_tools; Type: TABLE; Schema: public; Owner: -
--

CREATE TABLE public.chat_hub_agent_tools (
    "agentId" uuid NOT NULL,
    "toolId" uuid NOT NULL
);


--
-- Name: chat_hub_agents; Type: TABLE; Schema: public; Owner: -
--

CREATE TABLE public.chat_hub_agents (
    id uuid NOT NULL,
    name character varying(256) NOT NULL,
    description character varying(512),
    "systemPrompt" text NOT NULL,
    "ownerId" uuid NOT NULL,
    "credentialId" character varying(36),
    provider character varying(16) NOT NULL,
    model character varying(64) NOT NULL,
    "createdAt" timestamp(3) with time zone DEFAULT CURRENT_TIMESTAMP(3) NOT NULL,
    "updatedAt" timestamp(3) with time zone DEFAULT CURRENT_TIMESTAMP(3) NOT NULL,
    icon json
);


--
-- Name: COLUMN chat_hub_agents.provider; Type: COMMENT; Schema: public; Owner: -
--

COMMENT ON COLUMN public.chat_hub_agents.provider IS 'ChatHubProvider enum: "openai", "anthropic", "google", "n8n"';


--
-- Name: COLUMN chat_hub_agents.model; Type: COMMENT; Schema: public; Owner: -
--

COMMENT ON COLUMN public.chat_hub_agents.model IS 'Model name used at the respective Model node, ie. "gpt-4"';


--
-- Name: chat_hub_messages; Type: TABLE; Schema: public; Owner: -
--

CREATE TABLE public.chat_hub_messages (
    id uuid NOT NULL,
    "sessionId" uuid NOT NULL,
    "previousMessageId" uuid,
    "revisionOfMessageId" uuid,
    "retryOfMessageId" uuid,
    type character varying(16) NOT NULL,
    name character varying(128) NOT NULL,
    content text NOT NULL,
    provider character varying(16),
    model character varying(256),
    "workflowId" character varying(36),
    "executionId" integer,
    "createdAt" timestamp(3) with time zone DEFAULT CURRENT_TIMESTAMP(3) NOT NULL,
    "updatedAt" timestamp(3) with time zone DEFAULT CURRENT_TIMESTAMP(3) NOT NULL,
    "agentId" uuid,
    status character varying(16) DEFAULT 'success'::character varying NOT NULL,
    attachments json
);


--
-- Name: COLUMN chat_hub_messages.type; Type: COMMENT; Schema: public; Owner: -
--

COMMENT ON COLUMN public.chat_hub_messages.type IS 'ChatHubMessageType enum: "human", "ai", "system", "tool", "generic"';


--
-- Name: COLUMN chat_hub_messages.provider; Type: COMMENT; Schema: public; Owner: -
--

COMMENT ON COLUMN public.chat_hub_messages.provider IS 'ChatHubProvider enum: "openai", "anthropic", "google", "n8n"';


--
-- Name: COLUMN chat_hub_messages.model; Type: COMMENT; Schema: public; Owner: -
--

COMMENT ON COLUMN public.chat_hub_messages.model IS 'Model name used at the respective Model node, ie. "gpt-4"';


--
-- Name: COLUMN chat_hub_messages."agentId"; Type: COMMENT; Schema: public; Owner: -
--

COMMENT ON COLUMN public.chat_hub_messages."agentId" IS 'ID of the custom agent (if provider is "custom-agent")';


--
-- Name: COLUMN chat_hub_messages.status; Type: COMMENT; Schema: public; Owner: -
--

COMMENT ON COLUMN public.chat_hub_messages.status IS 'ChatHubMessageStatus enum, eg. "success", "error", "running", "cancelled"';


--
-- Name: COLUMN chat_hub_messages.attachments; Type: COMMENT; Schema: public; Owner: -
--

COMMENT ON COLUMN public.chat_hub_messages.attachments IS 'File attachments for the message (if any), stored as JSON. Files are stored as base64-encoded data URLs.';


--
-- Name: chat_hub_session_tools; Type: TABLE; Schema: public; Owner: -
--

CREATE TABLE public.chat_hub_session_tools (
    "sessionId" uuid NOT NULL,
    "toolId" uuid NOT NULL
);


--
-- Name: chat_hub_sessions; Type: TABLE; Schema: public; Owner: -
--

CREATE TABLE public.chat_hub_sessions (
    id uuid NOT NULL,
    title character varying(256) NOT NULL,
    "ownerId" uuid NOT NULL,
    "lastMessageAt" timestamp(3) with time zone NOT NULL,
    "credentialId" character varying(36),
    provider character varying(16),
    model character varying(256),
    "workflowId" character varying(36),
    "createdAt" timestamp(3) with time zone DEFAULT CURRENT_TIMESTAMP(3) NOT NULL,
    "updatedAt" timestamp(3) with time zone DEFAULT CURRENT_TIMESTAMP(3) NOT NULL,
    "agentId" uuid,
    "agentName" character varying(128)
);


--
-- Name: COLUMN chat_hub_sessions.provider; Type: COMMENT; Schema: public; Owner: -
--

COMMENT ON COLUMN public.chat_hub_sessions.provider IS 'ChatHubProvider enum: "openai", "anthropic", "google", "n8n"';


--
-- Name: COLUMN chat_hub_sessions.model; Type: COMMENT; Schema: public; Owner: -
--

COMMENT ON COLUMN public.chat_hub_sessions.model IS 'Model name used at the respective Model node, ie. "gpt-4"';


--
-- Name: COLUMN chat_hub_sessions."agentId"; Type: COMMENT; Schema: public; Owner: -
--

COMMENT ON COLUMN public.chat_hub_sessions."agentId" IS 'ID of the custom agent (if provider is "custom-agent")';


--
-- Name: COLUMN chat_hub_sessions."agentName"; Type: COMMENT; Schema: public; Owner: -
--

COMMENT ON COLUMN public.chat_hub_sessions."agentName" IS 'Cached name of the custom agent (if provider is "custom-agent")';


--
-- Name: chat_hub_tools; Type: TABLE; Schema: public; Owner: -
--

CREATE TABLE public.chat_hub_tools (
    id uuid NOT NULL,
    name character varying(255) NOT NULL,
    type character varying(255) NOT NULL,
    "typeVersion" double precision NOT NULL,
    "ownerId" uuid NOT NULL,
    definition json NOT NULL,
    enabled boolean DEFAULT true NOT NULL,
    "createdAt" timestamp(3) with time zone DEFAULT CURRENT_TIMESTAMP(3) NOT NULL,
    "updatedAt" timestamp(3) with time zone DEFAULT CURRENT_TIMESTAMP(3) NOT NULL
);


--
-- Name: credentials_entity; Type: TABLE; Schema: public; Owner: -
--

CREATE TABLE public.credentials_entity (
    name character varying(128) NOT NULL,
    data text NOT NULL,
    type character varying(128) NOT NULL,
    "createdAt" timestamp(3) with time zone DEFAULT CURRENT_TIMESTAMP(3) NOT NULL,
    "updatedAt" timestamp(3) with time zone DEFAULT CURRENT_TIMESTAMP(3) NOT NULL,
    id character varying(36) NOT NULL,
    "isManaged" boolean DEFAULT false NOT NULL,
    "isGlobal" boolean DEFAULT false NOT NULL,
    "isResolvable" boolean DEFAULT false NOT NULL,
    "resolvableAllowFallback" boolean DEFAULT false NOT NULL,
    "resolverId" character varying(16)
);


--
-- Name: data_table; Type: TABLE; Schema: public; Owner: -
--

CREATE TABLE public.data_table (
    id character varying(36) NOT NULL,
    name character varying(128) NOT NULL,
    "projectId" character varying(36) NOT NULL,
    "createdAt" timestamp(3) with time zone DEFAULT CURRENT_TIMESTAMP(3) NOT NULL,
    "updatedAt" timestamp(3) with time zone DEFAULT CURRENT_TIMESTAMP(3) NOT NULL
);


--
-- Name: data_table_column; Type: TABLE; Schema: public; Owner: -
--

CREATE TABLE public.data_table_column (
    id character varying(36) NOT NULL,
    name character varying(128) NOT NULL,
    type character varying(32) NOT NULL,
    index integer NOT NULL,
    "dataTableId" character varying(36) NOT NULL,
    "createdAt" timestamp(3) with time zone DEFAULT CURRENT_TIMESTAMP(3) NOT NULL,
    "updatedAt" timestamp(3) with time zone DEFAULT CURRENT_TIMESTAMP(3) NOT NULL
);


--
-- Name: COLUMN data_table_column.type; Type: COMMENT; Schema: public; Owner: -
--

COMMENT ON COLUMN public.data_table_column.type IS 'Expected: string, number, boolean, or date (not enforced as a constraint)';


--
-- Name: COLUMN data_table_column.index; Type: COMMENT; Schema: public; Owner: -
--

COMMENT ON COLUMN public.data_table_column.index IS 'Column order, starting from 0 (0 = first column)';


--
-- Name: dynamic_credential_entry; Type: TABLE; Schema: public; Owner: -
--

CREATE TABLE public.dynamic_credential_entry (
    credential_id character varying(16) NOT NULL,
    subject_id character varying(2048) NOT NULL,
    resolver_id character varying(16) NOT NULL,
    data text NOT NULL,
    "createdAt" timestamp(3) with time zone DEFAULT CURRENT_TIMESTAMP(3) NOT NULL,
    "updatedAt" timestamp(3) with time zone DEFAULT CURRENT_TIMESTAMP(3) NOT NULL
);


--
-- Name: dynamic_credential_resolver; Type: TABLE; Schema: public; Owner: -
--

CREATE TABLE public.dynamic_credential_resolver (
    id character varying(16) NOT NULL,
    name character varying(128) NOT NULL,
    type character varying(128) NOT NULL,
    config text NOT NULL,
    "createdAt" timestamp(3) with time zone DEFAULT CURRENT_TIMESTAMP(3) NOT NULL,
    "updatedAt" timestamp(3) with time zone DEFAULT CURRENT_TIMESTAMP(3) NOT NULL
);


--
-- Name: COLUMN dynamic_credential_resolver.config; Type: COMMENT; Schema: public; Owner: -
--

COMMENT ON COLUMN public.dynamic_credential_resolver.config IS 'Encrypted resolver configuration (JSON encrypted as string)';


--
-- Name: dynamic_credential_user_entry; Type: TABLE; Schema: public; Owner: -
--

CREATE TABLE public.dynamic_credential_user_entry (
    "credentialId" character varying(16) NOT NULL,
    "userId" uuid NOT NULL,
    "resolverId" character varying(16) NOT NULL,
    data text NOT NULL,
    "createdAt" timestamp(3) with time zone DEFAULT CURRENT_TIMESTAMP(3) NOT NULL,
    "updatedAt" timestamp(3) with time zone DEFAULT CURRENT_TIMESTAMP(3) NOT NULL
);


--
-- Name: enterprises; Type: TABLE; Schema: public; Owner: -
--

CREATE TABLE public.enterprises (
    is_approved boolean NOT NULL,
    size_enterprise smallint,
    created_at timestamp(6) without time zone NOT NULL,
    id bigint NOT NULL,
    number_of_employees bigint,
    profile_id bigint,
    updated_at timestamp(6) without time zone,
    user_id bigint,
    cnpj character varying(255) NOT NULL,
    contact character varying(255) NOT NULL,
    description character varying(255),
    enterprise_name character varying(255) NOT NULL,
    sector character varying(255),
    site_url character varying(255),
    social_reason character varying(255),
    CONSTRAINT enterprises_size_enterprise_check CHECK (((size_enterprise >= 0) AND (size_enterprise <= 2)))
);


--
-- Name: enterprises_id_seq; Type: SEQUENCE; Schema: public; Owner: -
--

ALTER TABLE public.enterprises ALTER COLUMN id ADD GENERATED BY DEFAULT AS IDENTITY (
    SEQUENCE NAME public.enterprises_id_seq
    START WITH 1
    INCREMENT BY 1
    NO MINVALUE
    NO MAXVALUE
    CACHE 1
);


--
-- Name: event_destinations; Type: TABLE; Schema: public; Owner: -
--

CREATE TABLE public.event_destinations (
    id uuid NOT NULL,
    destination jsonb NOT NULL,
    "createdAt" timestamp(3) with time zone DEFAULT CURRENT_TIMESTAMP(3) NOT NULL,
    "updatedAt" timestamp(3) with time zone DEFAULT CURRENT_TIMESTAMP(3) NOT NULL
);


--
-- Name: execution_annotation_tags; Type: TABLE; Schema: public; Owner: -
--

CREATE TABLE public.execution_annotation_tags (
    "annotationId" integer NOT NULL,
    "tagId" character varying(24) NOT NULL
);


--
-- Name: execution_annotations; Type: TABLE; Schema: public; Owner: -
--

CREATE TABLE public.execution_annotations (
    id integer NOT NULL,
    "executionId" integer NOT NULL,
    vote character varying(6),
    note text,
    "createdAt" timestamp(3) with time zone DEFAULT CURRENT_TIMESTAMP(3) NOT NULL,
    "updatedAt" timestamp(3) with time zone DEFAULT CURRENT_TIMESTAMP(3) NOT NULL
);


--
-- Name: execution_annotations_id_seq; Type: SEQUENCE; Schema: public; Owner: -
--

CREATE SEQUENCE public.execution_annotations_id_seq
    AS integer
    START WITH 1
    INCREMENT BY 1
    NO MINVALUE
    NO MAXVALUE
    CACHE 1;


--
-- Name: execution_annotations_id_seq; Type: SEQUENCE OWNED BY; Schema: public; Owner: -
--

ALTER SEQUENCE public.execution_annotations_id_seq OWNED BY public.execution_annotations.id;


--
-- Name: execution_data; Type: TABLE; Schema: public; Owner: -
--

CREATE TABLE public.execution_data (
    "executionId" integer NOT NULL,
    "workflowData" json NOT NULL,
    data text NOT NULL,
    "workflowVersionId" character varying(36)
);


--
-- Name: execution_entity; Type: TABLE; Schema: public; Owner: -
--

CREATE TABLE public.execution_entity (
    id integer NOT NULL,
    finished boolean NOT NULL,
    mode character varying NOT NULL,
    "retryOf" character varying,
    "retrySuccessId" character varying,
    "startedAt" timestamp(3) with time zone,
    "stoppedAt" timestamp(3) with time zone,
    "waitTill" timestamp(3) with time zone,
    status character varying NOT NULL,
    "workflowId" character varying(36) NOT NULL,
    "deletedAt" timestamp(3) with time zone,
    "createdAt" timestamp(3) with time zone DEFAULT CURRENT_TIMESTAMP(3) NOT NULL,
    "storedAt" character varying(2) DEFAULT 'db'::character varying NOT NULL,
    CONSTRAINT "execution_entity_storedAt_check" CHECK ((("storedAt")::text = ANY ((ARRAY['db'::character varying, 'fs'::character varying, 's3'::character varying])::text[])))
);


--
-- Name: execution_entity_id_seq; Type: SEQUENCE; Schema: public; Owner: -
--

CREATE SEQUENCE public.execution_entity_id_seq
    AS integer
    START WITH 1
    INCREMENT BY 1
    NO MINVALUE
    NO MAXVALUE
    CACHE 1;


--
-- Name: execution_entity_id_seq; Type: SEQUENCE OWNED BY; Schema: public; Owner: -
--

ALTER SEQUENCE public.execution_entity_id_seq OWNED BY public.execution_entity.id;


--
-- Name: execution_metadata; Type: TABLE; Schema: public; Owner: -
--

CREATE TABLE public.execution_metadata (
    id integer NOT NULL,
    "executionId" integer NOT NULL,
    key character varying(255) NOT NULL,
    value text NOT NULL
);


--
-- Name: execution_metadata_temp_id_seq; Type: SEQUENCE; Schema: public; Owner: -
--

CREATE SEQUENCE public.execution_metadata_temp_id_seq
    AS integer
    START WITH 1
    INCREMENT BY 1
    NO MINVALUE
    NO MAXVALUE
    CACHE 1;


--
-- Name: execution_metadata_temp_id_seq; Type: SEQUENCE OWNED BY; Schema: public; Owner: -
--

ALTER SEQUENCE public.execution_metadata_temp_id_seq OWNED BY public.execution_metadata.id;


--
-- Name: experiences; Type: TABLE; Schema: public; Owner: -
--

CREATE TABLE public.experiences (
    end_date date,
    is_current boolean NOT NULL,
    start_date date,
    candidate_id bigint,
    id bigint NOT NULL,
    description character varying(255),
    locality character varying(255),
    organization character varying(255),
    title character varying(255),
    work_modality character varying(255),
    work_type character varying(255),
    CONSTRAINT experiences_work_modality_check CHECK (((work_modality)::text = ANY ((ARRAY['ON_SITE'::character varying, 'REMOTE'::character varying, 'HYBRID'::character varying])::text[]))),
    CONSTRAINT experiences_work_type_check CHECK (((work_type)::text = ANY ((ARRAY['FULL_TIME'::character varying, 'PART_TIME'::character varying, 'INTERSHIP'::character varying, 'TRAINEE'::character varying, 'TEMPORARY'::character varying, 'CONTRACT'::character varying, 'FREELANCE'::character varying, 'SELF_EMPLOYED'::character varying, 'VOLUNTEER'::character varying, 'APPRENTICESHIP'::character varying])::text[])))
);


--
-- Name: experiences_id_seq; Type: SEQUENCE; Schema: public; Owner: -
--

ALTER TABLE public.experiences ALTER COLUMN id ADD GENERATED BY DEFAULT AS IDENTITY (
    SEQUENCE NAME public.experiences_id_seq
    START WITH 1
    INCREMENT BY 1
    NO MINVALUE
    NO MAXVALUE
    CACHE 1
);


--
-- Name: files; Type: TABLE; Schema: public; Owner: -
--

CREATE TABLE public.files (
    id bigint NOT NULL,
    size bigint,
    content_type character varying(255),
    file_name character varying(255),
    path character varying(255)
);


--
-- Name: files_id_seq; Type: SEQUENCE; Schema: public; Owner: -
--

ALTER TABLE public.files ALTER COLUMN id ADD GENERATED BY DEFAULT AS IDENTITY (
    SEQUENCE NAME public.files_id_seq
    START WITH 1
    INCREMENT BY 1
    NO MINVALUE
    NO MAXVALUE
    CACHE 1
);


--
-- Name: folder; Type: TABLE; Schema: public; Owner: -
--

CREATE TABLE public.folder (
    id character varying(36) NOT NULL,
    name character varying(128) NOT NULL,
    "parentFolderId" character varying(36),
    "projectId" character varying(36) NOT NULL,
    "createdAt" timestamp(3) with time zone DEFAULT CURRENT_TIMESTAMP(3) NOT NULL,
    "updatedAt" timestamp(3) with time zone DEFAULT CURRENT_TIMESTAMP(3) NOT NULL
);


--
-- Name: folder_tag; Type: TABLE; Schema: public; Owner: -
--

CREATE TABLE public.folder_tag (
    "folderId" character varying(36) NOT NULL,
    "tagId" character varying(36) NOT NULL
);


--
-- Name: insights_by_period; Type: TABLE; Schema: public; Owner: -
--

CREATE TABLE public.insights_by_period (
    id integer NOT NULL,
    "metaId" integer NOT NULL,
    type integer NOT NULL,
    value bigint NOT NULL,
    "periodUnit" integer NOT NULL,
    "periodStart" timestamp(0) with time zone DEFAULT CURRENT_TIMESTAMP
);


--
-- Name: COLUMN insights_by_period.type; Type: COMMENT; Schema: public; Owner: -
--

COMMENT ON COLUMN public.insights_by_period.type IS '0: time_saved_minutes, 1: runtime_milliseconds, 2: success, 3: failure';


--
-- Name: COLUMN insights_by_period."periodUnit"; Type: COMMENT; Schema: public; Owner: -
--

COMMENT ON COLUMN public.insights_by_period."periodUnit" IS '0: hour, 1: day, 2: week';


--
-- Name: insights_by_period_id_seq; Type: SEQUENCE; Schema: public; Owner: -
--

ALTER TABLE public.insights_by_period ALTER COLUMN id ADD GENERATED BY DEFAULT AS IDENTITY (
    SEQUENCE NAME public.insights_by_period_id_seq
    START WITH 1
    INCREMENT BY 1
    NO MINVALUE
    NO MAXVALUE
    CACHE 1
);


--
-- Name: insights_metadata; Type: TABLE; Schema: public; Owner: -
--

CREATE TABLE public.insights_metadata (
    "metaId" integer NOT NULL,
    "workflowId" character varying(36),
    "projectId" character varying(36),
    "workflowName" character varying(128) NOT NULL,
    "projectName" character varying(255) NOT NULL
);


--
-- Name: insights_metadata_metaId_seq; Type: SEQUENCE; Schema: public; Owner: -
--

ALTER TABLE public.insights_metadata ALTER COLUMN "metaId" ADD GENERATED BY DEFAULT AS IDENTITY (
    SEQUENCE NAME public."insights_metadata_metaId_seq"
    START WITH 1
    INCREMENT BY 1
    NO MINVALUE
    NO MAXVALUE
    CACHE 1
);


--
-- Name: insights_raw; Type: TABLE; Schema: public; Owner: -
--

CREATE TABLE public.insights_raw (
    id integer NOT NULL,
    "metaId" integer NOT NULL,
    type integer NOT NULL,
    value bigint NOT NULL,
    "timestamp" timestamp(0) with time zone DEFAULT CURRENT_TIMESTAMP NOT NULL
);


--
-- Name: COLUMN insights_raw.type; Type: COMMENT; Schema: public; Owner: -
--

COMMENT ON COLUMN public.insights_raw.type IS '0: time_saved_minutes, 1: runtime_milliseconds, 2: success, 3: failure';


--
-- Name: insights_raw_id_seq; Type: SEQUENCE; Schema: public; Owner: -
--

ALTER TABLE public.insights_raw ALTER COLUMN id ADD GENERATED BY DEFAULT AS IDENTITY (
    SEQUENCE NAME public.insights_raw_id_seq
    START WITH 1
    INCREMENT BY 1
    NO MINVALUE
    NO MAXVALUE
    CACHE 1
);


--
-- Name: installed_nodes; Type: TABLE; Schema: public; Owner: -
--

CREATE TABLE public.installed_nodes (
    name character varying(200) NOT NULL,
    type character varying(200) NOT NULL,
    "latestVersion" integer DEFAULT 1 NOT NULL,
    package character varying(241) NOT NULL
);


--
-- Name: installed_packages; Type: TABLE; Schema: public; Owner: -
--

CREATE TABLE public.installed_packages (
    "packageName" character varying(214) NOT NULL,
    "installedVersion" character varying(50) NOT NULL,
    "authorName" character varying(70),
    "authorEmail" character varying(70),
    "createdAt" timestamp(3) with time zone DEFAULT CURRENT_TIMESTAMP(3) NOT NULL,
    "updatedAt" timestamp(3) with time zone DEFAULT CURRENT_TIMESTAMP(3) NOT NULL
);


--
-- Name: invalid_auth_token; Type: TABLE; Schema: public; Owner: -
--

CREATE TABLE public.invalid_auth_token (
    token character varying(512) NOT NULL,
    "expiresAt" timestamp(3) with time zone NOT NULL
);


--
-- Name: job_application; Type: TABLE; Schema: public; Owner: -
--

CREATE TABLE public.job_application (
    candidate_id bigint NOT NULL,
    id bigint NOT NULL,
    vacancy_id bigint NOT NULL,
    status character varying(255),
    CONSTRAINT job_application_status_check CHECK (((status)::text = ANY ((ARRAY['APPLIED'::character varying, 'IN_PROGRESS'::character varying, 'WAITING_TEST'::character varying, 'TEST_IN_PROGRESS'::character varying, 'APPROVED'::character varying, 'REJECTED'::character varying, 'WITHDRAW'::character varying])::text[])))
);


--
-- Name: job_application_id_seq; Type: SEQUENCE; Schema: public; Owner: -
--

ALTER TABLE public.job_application ALTER COLUMN id ADD GENERATED BY DEFAULT AS IDENTITY (
    SEQUENCE NAME public.job_application_id_seq
    START WITH 1
    INCREMENT BY 1
    NO MINVALUE
    NO MAXVALUE
    CACHE 1
);


--
-- Name: migrations; Type: TABLE; Schema: public; Owner: -
--

CREATE TABLE public.migrations (
    id integer NOT NULL,
    "timestamp" bigint NOT NULL,
    name character varying NOT NULL
);


--
-- Name: migrations_id_seq; Type: SEQUENCE; Schema: public; Owner: -
--

CREATE SEQUENCE public.migrations_id_seq
    AS integer
    START WITH 1
    INCREMENT BY 1
    NO MINVALUE
    NO MAXVALUE
    CACHE 1;


--
-- Name: migrations_id_seq; Type: SEQUENCE OWNED BY; Schema: public; Owner: -
--

ALTER SEQUENCE public.migrations_id_seq OWNED BY public.migrations.id;


--
-- Name: oauth_access_tokens; Type: TABLE; Schema: public; Owner: -
--

CREATE TABLE public.oauth_access_tokens (
    token character varying NOT NULL,
    "clientId" character varying NOT NULL,
    "userId" uuid NOT NULL
);


--
-- Name: oauth_authorization_codes; Type: TABLE; Schema: public; Owner: -
--

CREATE TABLE public.oauth_authorization_codes (
    code character varying(255) NOT NULL,
    "clientId" character varying NOT NULL,
    "userId" uuid NOT NULL,
    "redirectUri" character varying NOT NULL,
    "codeChallenge" character varying NOT NULL,
    "codeChallengeMethod" character varying(255) NOT NULL,
    "expiresAt" bigint NOT NULL,
    state character varying,
    used boolean DEFAULT false NOT NULL,
    "createdAt" timestamp(3) with time zone DEFAULT CURRENT_TIMESTAMP(3) NOT NULL,
    "updatedAt" timestamp(3) with time zone DEFAULT CURRENT_TIMESTAMP(3) NOT NULL
);


--
-- Name: COLUMN oauth_authorization_codes."expiresAt"; Type: COMMENT; Schema: public; Owner: -
--

COMMENT ON COLUMN public.oauth_authorization_codes."expiresAt" IS 'Unix timestamp in milliseconds';


--
-- Name: oauth_clients; Type: TABLE; Schema: public; Owner: -
--

CREATE TABLE public.oauth_clients (
    id character varying NOT NULL,
    name character varying(255) NOT NULL,
    "redirectUris" json NOT NULL,
    "grantTypes" json NOT NULL,
    "clientSecret" character varying(255),
    "clientSecretExpiresAt" bigint,
    "tokenEndpointAuthMethod" character varying(255) DEFAULT 'none'::character varying NOT NULL,
    "createdAt" timestamp(3) with time zone DEFAULT CURRENT_TIMESTAMP(3) NOT NULL,
    "updatedAt" timestamp(3) with time zone DEFAULT CURRENT_TIMESTAMP(3) NOT NULL
);


--
-- Name: COLUMN oauth_clients."tokenEndpointAuthMethod"; Type: COMMENT; Schema: public; Owner: -
--

COMMENT ON COLUMN public.oauth_clients."tokenEndpointAuthMethod" IS 'Possible values: none, client_secret_basic or client_secret_post';


--
-- Name: oauth_refresh_tokens; Type: TABLE; Schema: public; Owner: -
--

CREATE TABLE public.oauth_refresh_tokens (
    token character varying(255) NOT NULL,
    "clientId" character varying NOT NULL,
    "userId" uuid NOT NULL,
    "expiresAt" bigint NOT NULL,
    "createdAt" timestamp(3) with time zone DEFAULT CURRENT_TIMESTAMP(3) NOT NULL,
    "updatedAt" timestamp(3) with time zone DEFAULT CURRENT_TIMESTAMP(3) NOT NULL
);


--
-- Name: COLUMN oauth_refresh_tokens."expiresAt"; Type: COMMENT; Schema: public; Owner: -
--

COMMENT ON COLUMN public.oauth_refresh_tokens."expiresAt" IS 'Unix timestamp in milliseconds';


--
-- Name: oauth_user_consents; Type: TABLE; Schema: public; Owner: -
--

CREATE TABLE public.oauth_user_consents (
    id integer NOT NULL,
    "userId" uuid NOT NULL,
    "clientId" character varying NOT NULL,
    "grantedAt" bigint NOT NULL
);


--
-- Name: COLUMN oauth_user_consents."grantedAt"; Type: COMMENT; Schema: public; Owner: -
--

COMMENT ON COLUMN public.oauth_user_consents."grantedAt" IS 'Unix timestamp in milliseconds';


--
-- Name: oauth_user_consents_id_seq; Type: SEQUENCE; Schema: public; Owner: -
--

ALTER TABLE public.oauth_user_consents ALTER COLUMN id ADD GENERATED BY DEFAULT AS IDENTITY (
    SEQUENCE NAME public.oauth_user_consents_id_seq
    START WITH 1
    INCREMENT BY 1
    NO MINVALUE
    NO MAXVALUE
    CACHE 1
);


--
-- Name: permissions; Type: TABLE; Schema: public; Owner: -
--

CREATE TABLE public.permissions (
    id bigint NOT NULL,
    permission_name character varying(255),
    CONSTRAINT permissions_permission_name_check CHECK (((permission_name)::text = ANY ((ARRAY['PROFILE_UPDATE'::character varying, 'SKILL_ADD'::character varying, 'SKILL_UPDATE'::character varying, 'CERTIFICATE_CREATE'::character varying, 'CERTIFICATE_UPDATE'::character varying, 'CERTIFICATE_DELETE'::character varying, 'EXPERIENCE_CREATE'::character varying, 'EXPERIENCE_UPDATE'::character varying, 'EXPERIENCE_DELETE'::character varying, 'VACANCY_VIEW'::character varying, 'VACANCY_APPLY'::character varying, 'VACANCY_CREATE'::character varying, 'VACANCY_UPDATE'::character varying, 'VACANCY_CLOSE'::character varying, 'CANDIDATE_VIEW'::character varying, 'ENTERPRISE_VIEW'::character varying, 'ADMIN_ACCESS'::character varying])::text[])))
);


--
-- Name: permissions_id_seq; Type: SEQUENCE; Schema: public; Owner: -
--

ALTER TABLE public.permissions ALTER COLUMN id ADD GENERATED BY DEFAULT AS IDENTITY (
    SEQUENCE NAME public.permissions_id_seq
    START WITH 1
    INCREMENT BY 1
    NO MINVALUE
    NO MAXVALUE
    CACHE 1
);


--
-- Name: processed_data; Type: TABLE; Schema: public; Owner: -
--

CREATE TABLE public.processed_data (
    "workflowId" character varying(36) NOT NULL,
    context character varying(255) NOT NULL,
    "createdAt" timestamp(3) with time zone DEFAULT CURRENT_TIMESTAMP(3) NOT NULL,
    "updatedAt" timestamp(3) with time zone DEFAULT CURRENT_TIMESTAMP(3) NOT NULL,
    value text NOT NULL
);


--
-- Name: profile; Type: TABLE; Schema: public; Owner: -
--

CREATE TABLE public.profile (
    created_at timestamp(6) without time zone NOT NULL,
    id bigint NOT NULL,
    updated_at timestamp(6) without time zone,
    personal_summary character varying(1000),
    banner character varying(255),
    head_line character varying(255),
    locality character varying(255),
    photo character varying(255),
    social_links character varying(255)
);


--
-- Name: profile_id_seq; Type: SEQUENCE; Schema: public; Owner: -
--

ALTER TABLE public.profile ALTER COLUMN id ADD GENERATED BY DEFAULT AS IDENTITY (
    SEQUENCE NAME public.profile_id_seq
    START WITH 1
    INCREMENT BY 1
    NO MINVALUE
    NO MAXVALUE
    CACHE 1
);


--
-- Name: project; Type: TABLE; Schema: public; Owner: -
--

CREATE TABLE public.project (
    id character varying(36) NOT NULL,
    name character varying(255) NOT NULL,
    type character varying(36) NOT NULL,
    "createdAt" timestamp(3) with time zone DEFAULT CURRENT_TIMESTAMP(3) NOT NULL,
    "updatedAt" timestamp(3) with time zone DEFAULT CURRENT_TIMESTAMP(3) NOT NULL,
    icon json,
    description character varying(512),
    "creatorId" uuid
);


--
-- Name: COLUMN project."creatorId"; Type: COMMENT; Schema: public; Owner: -
--

COMMENT ON COLUMN public.project."creatorId" IS 'ID of the user who created the project';


--
-- Name: project_relation; Type: TABLE; Schema: public; Owner: -
--

CREATE TABLE public.project_relation (
    "projectId" character varying(36) NOT NULL,
    "userId" uuid NOT NULL,
    role character varying NOT NULL,
    "createdAt" timestamp(3) with time zone DEFAULT CURRENT_TIMESTAMP(3) NOT NULL,
    "updatedAt" timestamp(3) with time zone DEFAULT CURRENT_TIMESTAMP(3) NOT NULL
);


--
-- Name: project_secrets_provider_access; Type: TABLE; Schema: public; Owner: -
--

CREATE TABLE public.project_secrets_provider_access (
    "secretsProviderConnectionId" integer NOT NULL,
    "projectId" character varying(36) NOT NULL,
    "createdAt" timestamp(3) with time zone DEFAULT CURRENT_TIMESTAMP(3) NOT NULL,
    "updatedAt" timestamp(3) with time zone DEFAULT CURRENT_TIMESTAMP(3) NOT NULL
);


--
-- Name: role; Type: TABLE; Schema: public; Owner: -
--

CREATE TABLE public.role (
    slug character varying(128) NOT NULL,
    "displayName" text,
    description text,
    "roleType" text,
    "systemRole" boolean DEFAULT false NOT NULL,
    "createdAt" timestamp(3) with time zone DEFAULT CURRENT_TIMESTAMP(3) NOT NULL,
    "updatedAt" timestamp(3) with time zone DEFAULT CURRENT_TIMESTAMP(3) NOT NULL
);


--
-- Name: COLUMN role.slug; Type: COMMENT; Schema: public; Owner: -
--

COMMENT ON COLUMN public.role.slug IS 'Unique identifier of the role for example: "global:owner"';


--
-- Name: COLUMN role."displayName"; Type: COMMENT; Schema: public; Owner: -
--

COMMENT ON COLUMN public.role."displayName" IS 'Name used to display in the UI';


--
-- Name: COLUMN role.description; Type: COMMENT; Schema: public; Owner: -
--

COMMENT ON COLUMN public.role.description IS 'Text describing the scope in more detail of users';


--
-- Name: COLUMN role."roleType"; Type: COMMENT; Schema: public; Owner: -
--

COMMENT ON COLUMN public.role."roleType" IS 'Type of the role, e.g., global, project, or workflow';


--
-- Name: COLUMN role."systemRole"; Type: COMMENT; Schema: public; Owner: -
--

COMMENT ON COLUMN public.role."systemRole" IS 'Indicates if the role is managed by the system and cannot be edited';


--
-- Name: role_permissions; Type: TABLE; Schema: public; Owner: -
--

CREATE TABLE public.role_permissions (
    permission_id bigint NOT NULL,
    role_id bigint NOT NULL
);


--
-- Name: role_scope; Type: TABLE; Schema: public; Owner: -
--

CREATE TABLE public.role_scope (
    "roleSlug" character varying(128) NOT NULL,
    "scopeSlug" character varying(128) NOT NULL
);


--
-- Name: roles; Type: TABLE; Schema: public; Owner: -
--

CREATE TABLE public.roles (
    created_at timestamp(6) without time zone NOT NULL,
    id bigint NOT NULL,
    updated_at timestamp(6) without time zone,
    role_name character varying(255),
    CONSTRAINT roles_role_name_check CHECK (((role_name)::text = ANY ((ARRAY['ADMINISTRATOR'::character varying, 'CANDIDATE'::character varying, 'ENTERPRISE'::character varying])::text[])))
);


--
-- Name: roles_id_seq; Type: SEQUENCE; Schema: public; Owner: -
--

ALTER TABLE public.roles ALTER COLUMN id ADD GENERATED BY DEFAULT AS IDENTITY (
    SEQUENCE NAME public.roles_id_seq
    START WITH 1
    INCREMENT BY 1
    NO MINVALUE
    NO MAXVALUE
    CACHE 1
);


--
-- Name: scope; Type: TABLE; Schema: public; Owner: -
--

CREATE TABLE public.scope (
    slug character varying(128) NOT NULL,
    "displayName" text,
    description text
);


--
-- Name: COLUMN scope.slug; Type: COMMENT; Schema: public; Owner: -
--

COMMENT ON COLUMN public.scope.slug IS 'Unique identifier of the scope for example: "project:create"';


--
-- Name: COLUMN scope."displayName"; Type: COMMENT; Schema: public; Owner: -
--

COMMENT ON COLUMN public.scope."displayName" IS 'Name used to display in the UI';


--
-- Name: COLUMN scope.description; Type: COMMENT; Schema: public; Owner: -
--

COMMENT ON COLUMN public.scope.description IS 'Text describing the scope in more detail of users';


--
-- Name: secrets_provider_connection; Type: TABLE; Schema: public; Owner: -
--

CREATE TABLE public.secrets_provider_connection (
    id integer NOT NULL,
    "providerKey" character varying(128) NOT NULL,
    type character varying(36) NOT NULL,
    "encryptedSettings" text NOT NULL,
    "isEnabled" boolean DEFAULT false NOT NULL,
    "createdAt" timestamp(3) with time zone DEFAULT CURRENT_TIMESTAMP(3) NOT NULL,
    "updatedAt" timestamp(3) with time zone DEFAULT CURRENT_TIMESTAMP(3) NOT NULL
);


--
-- Name: COLUMN secrets_provider_connection.type; Type: COMMENT; Schema: public; Owner: -
--

COMMENT ON COLUMN public.secrets_provider_connection.type IS 'Type of secrets provider. Possible values: awsSecretsManager, gcpSecretsManager, vault, azureKeyVault, infisical';


--
-- Name: secrets_provider_connection_id_seq; Type: SEQUENCE; Schema: public; Owner: -
--

ALTER TABLE public.secrets_provider_connection ALTER COLUMN id ADD GENERATED BY DEFAULT AS IDENTITY (
    SEQUENCE NAME public.secrets_provider_connection_id_seq
    START WITH 1
    INCREMENT BY 1
    NO MINVALUE
    NO MAXVALUE
    CACHE 1
);


--
-- Name: sector; Type: TABLE; Schema: public; Owner: -
--

CREATE TABLE public.sector (
    created_at timestamp(6) without time zone NOT NULL,
    id bigint NOT NULL,
    updated_at timestamp(6) without time zone,
    title character varying(255)
);


--
-- Name: sector_id_seq; Type: SEQUENCE; Schema: public; Owner: -
--

ALTER TABLE public.sector ALTER COLUMN id ADD GENERATED BY DEFAULT AS IDENTITY (
    SEQUENCE NAME public.sector_id_seq
    START WITH 1
    INCREMENT BY 1
    NO MINVALUE
    NO MAXVALUE
    CACHE 1
);


--
-- Name: selection_process; Type: TABLE; Schema: public; Owner: -
--

CREATE TABLE public.selection_process (
    is_active boolean NOT NULL,
    created_at timestamp(6) without time zone NOT NULL,
    id bigint NOT NULL,
    updated_at timestamp(6) without time zone,
    vacancy_id bigint,
    description character varying(255),
    title character varying(255)
);


--
-- Name: selection_process_id_seq; Type: SEQUENCE; Schema: public; Owner: -
--

ALTER TABLE public.selection_process ALTER COLUMN id ADD GENERATED BY DEFAULT AS IDENTITY (
    SEQUENCE NAME public.selection_process_id_seq
    START WITH 1
    INCREMENT BY 1
    NO MINVALUE
    NO MAXVALUE
    CACHE 1
);


--
-- Name: selection_stage; Type: TABLE; Schema: public; Owner: -
--

CREATE TABLE public.selection_stage (
    is_required boolean,
    max_score double precision,
    stage_order integer,
    visible boolean NOT NULL,
    weight double precision,
    id bigint NOT NULL,
    vacancy_id bigint NOT NULL,
    analysis_dimension character varying(255),
    name character varying(255),
    stage_type character varying(255),
    url character varying(255),
    CONSTRAINT selection_stage_analysis_dimension_check CHECK (((analysis_dimension)::text = ANY ((ARRAY['REQUIRED_SKILL'::character varying, 'OPTIONAL_SKILL'::character varying, 'TECHNICAL'::character varying, 'BEHAVIORAL'::character varying, 'CERTIFICATES'::character varying, 'EXPERIENCES'::character varying])::text[]))),
    CONSTRAINT selection_stage_stage_type_check CHECK (((stage_type)::text = ANY ((ARRAY['TECHNICAL_TEST'::character varying, 'BEHAVIORAL_TEST'::character varying, 'SKILL_REQUIRED'::character varying, 'SKILL_OPTIONAL'::character varying, 'CERTIFICATE'::character varying, 'EXPERIENCE'::character varying])::text[])))
);


--
-- Name: selection_stage_id_seq; Type: SEQUENCE; Schema: public; Owner: -
--

ALTER TABLE public.selection_stage ALTER COLUMN id ADD GENERATED BY DEFAULT AS IDENTITY (
    SEQUENCE NAME public.selection_stage_id_seq
    START WITH 1
    INCREMENT BY 1
    NO MINVALUE
    NO MAXVALUE
    CACHE 1
);


--
-- Name: settings; Type: TABLE; Schema: public; Owner: -
--

CREATE TABLE public.settings (
    key character varying(255) NOT NULL,
    value text NOT NULL,
    "loadOnStartup" boolean DEFAULT false NOT NULL
);


--
-- Name: shared_credentials; Type: TABLE; Schema: public; Owner: -
--

CREATE TABLE public.shared_credentials (
    "credentialsId" character varying(36) NOT NULL,
    "projectId" character varying(36) NOT NULL,
    role text NOT NULL,
    "createdAt" timestamp(3) with time zone DEFAULT CURRENT_TIMESTAMP(3) NOT NULL,
    "updatedAt" timestamp(3) with time zone DEFAULT CURRENT_TIMESTAMP(3) NOT NULL
);


--
-- Name: shared_workflow; Type: TABLE; Schema: public; Owner: -
--

CREATE TABLE public.shared_workflow (
    "workflowId" character varying(36) NOT NULL,
    "projectId" character varying(36) NOT NULL,
    role text NOT NULL,
    "createdAt" timestamp(3) with time zone DEFAULT CURRENT_TIMESTAMP(3) NOT NULL,
    "updatedAt" timestamp(3) with time zone DEFAULT CURRENT_TIMESTAMP(3) NOT NULL
);


--
-- Name: skill_base; Type: TABLE; Schema: public; Owner: -
--

CREATE TABLE public.skill_base (
    created_at timestamp(6) without time zone NOT NULL,
    id bigint NOT NULL,
    updated_at timestamp(6) without time zone,
    skill_type character varying(255),
    title character varying(255),
    CONSTRAINT skill_base_skill_type_check CHECK (((skill_type)::text = ANY ((ARRAY['BEHAVIORAL'::character varying, 'TECHNICAL'::character varying])::text[])))
);


--
-- Name: skill_base_id_seq; Type: SEQUENCE; Schema: public; Owner: -
--

ALTER TABLE public.skill_base ALTER COLUMN id ADD GENERATED BY DEFAULT AS IDENTITY (
    SEQUENCE NAME public.skill_base_id_seq
    START WITH 1
    INCREMENT BY 1
    NO MINVALUE
    NO MAXVALUE
    CACHE 1
);


--
-- Name: skill_candidate; Type: TABLE; Schema: public; Owner: -
--

CREATE TABLE public.skill_candidate (
    candidate_id bigint NOT NULL,
    certificate_id bigint,
    created_at timestamp(6) without time zone NOT NULL,
    experience_id bigint,
    id bigint NOT NULL,
    skill_base_id bigint NOT NULL,
    updated_at timestamp(6) without time zone,
    skill_level character varying(255),
    source character varying(255),
    CONSTRAINT skill_candidate_skill_level_check CHECK (((skill_level)::text = ANY ((ARRAY['BASIC'::character varying, 'INTERMEDIATE'::character varying, 'ADVANCED'::character varying, 'NON_SPECIFIED'::character varying])::text[]))),
    CONSTRAINT skill_candidate_source_check CHECK (((source)::text = ANY ((ARRAY['MANUAL'::character varying, 'CERTIFICATE'::character varying, 'EXPERIENCE'::character varying])::text[])))
);


--
-- Name: skill_candidate_id_seq; Type: SEQUENCE; Schema: public; Owner: -
--

ALTER TABLE public.skill_candidate ALTER COLUMN id ADD GENERATED BY DEFAULT AS IDENTITY (
    SEQUENCE NAME public.skill_candidate_id_seq
    START WITH 1
    INCREMENT BY 1
    NO MINVALUE
    NO MAXVALUE
    CACHE 1
);


--
-- Name: skill_vacancy; Type: TABLE; Schema: public; Owner: -
--

CREATE TABLE public.skill_vacancy (
    required boolean,
    created_at timestamp(6) without time zone NOT NULL,
    id bigint NOT NULL,
    skill_base_id bigint,
    updated_at timestamp(6) without time zone,
    vacancy_id bigint
);


--
-- Name: skill_vacancy_id_seq; Type: SEQUENCE; Schema: public; Owner: -
--

ALTER TABLE public.skill_vacancy ALTER COLUMN id ADD GENERATED BY DEFAULT AS IDENTITY (
    SEQUENCE NAME public.skill_vacancy_id_seq
    START WITH 1
    INCREMENT BY 1
    NO MINVALUE
    NO MAXVALUE
    CACHE 1
);


--
-- Name: tag_entity; Type: TABLE; Schema: public; Owner: -
--

CREATE TABLE public.tag_entity (
    name character varying(24) NOT NULL,
    "createdAt" timestamp(3) with time zone DEFAULT CURRENT_TIMESTAMP(3) NOT NULL,
    "updatedAt" timestamp(3) with time zone DEFAULT CURRENT_TIMESTAMP(3) NOT NULL,
    id character varying(36) NOT NULL
);


--
-- Name: test_case_execution; Type: TABLE; Schema: public; Owner: -
--

CREATE TABLE public.test_case_execution (
    id character varying(36) NOT NULL,
    "testRunId" character varying(36) NOT NULL,
    "executionId" integer,
    status character varying NOT NULL,
    "runAt" timestamp(3) with time zone,
    "completedAt" timestamp(3) with time zone,
    "errorCode" character varying,
    "errorDetails" json,
    metrics json,
    "createdAt" timestamp(3) with time zone DEFAULT CURRENT_TIMESTAMP(3) NOT NULL,
    "updatedAt" timestamp(3) with time zone DEFAULT CURRENT_TIMESTAMP(3) NOT NULL,
    inputs json,
    outputs json
);


--
-- Name: test_run; Type: TABLE; Schema: public; Owner: -
--

CREATE TABLE public.test_run (
    id character varying(36) NOT NULL,
    "workflowId" character varying(36) NOT NULL,
    status character varying NOT NULL,
    "errorCode" character varying,
    "errorDetails" json,
    "runAt" timestamp(3) with time zone,
    "completedAt" timestamp(3) with time zone,
    metrics json,
    "createdAt" timestamp(3) with time zone DEFAULT CURRENT_TIMESTAMP(3) NOT NULL,
    "updatedAt" timestamp(3) with time zone DEFAULT CURRENT_TIMESTAMP(3) NOT NULL
);


--
-- Name: user; Type: TABLE; Schema: public; Owner: -
--

CREATE TABLE public."user" (
    id uuid DEFAULT gen_random_uuid() NOT NULL,
    email character varying(255),
    "firstName" character varying(32),
    "lastName" character varying(32),
    password character varying(255),
    "personalizationAnswers" json,
    "createdAt" timestamp(3) with time zone DEFAULT CURRENT_TIMESTAMP(3) NOT NULL,
    "updatedAt" timestamp(3) with time zone DEFAULT CURRENT_TIMESTAMP(3) NOT NULL,
    settings json,
    disabled boolean DEFAULT false NOT NULL,
    "mfaEnabled" boolean DEFAULT false NOT NULL,
    "mfaSecret" text,
    "mfaRecoveryCodes" text,
    "lastActiveAt" date,
    "roleSlug" character varying(128) DEFAULT 'global:member'::character varying NOT NULL
);


--
-- Name: user_api_keys; Type: TABLE; Schema: public; Owner: -
--

CREATE TABLE public.user_api_keys (
    id character varying(36) NOT NULL,
    "userId" uuid NOT NULL,
    label character varying(100) NOT NULL,
    "apiKey" character varying NOT NULL,
    "createdAt" timestamp(3) with time zone DEFAULT CURRENT_TIMESTAMP(3) NOT NULL,
    "updatedAt" timestamp(3) with time zone DEFAULT CURRENT_TIMESTAMP(3) NOT NULL,
    scopes json,
    audience character varying DEFAULT 'public-api'::character varying NOT NULL
);


--
-- Name: user_roles; Type: TABLE; Schema: public; Owner: -
--

CREATE TABLE public.user_roles (
    role_id bigint NOT NULL,
    user_id bigint NOT NULL
);


--
-- Name: users; Type: TABLE; Schema: public; Owner: -
--

CREATE TABLE public.users (
    created_at timestamp(6) without time zone NOT NULL,
    id bigint NOT NULL,
    updated_at timestamp(6) without time zone,
    email character varying(255),
    password character varying(255)
);


--
-- Name: users_id_seq; Type: SEQUENCE; Schema: public; Owner: -
--

ALTER TABLE public.users ALTER COLUMN id ADD GENERATED BY DEFAULT AS IDENTITY (
    SEQUENCE NAME public.users_id_seq
    START WITH 1
    INCREMENT BY 1
    NO MINVALUE
    NO MAXVALUE
    CACHE 1
);


--
-- Name: vacancys; Type: TABLE; Schema: public; Owner: -
--

CREATE TABLE public.vacancys (
    expiration_date date,
    has_a_behavioral_test boolean,
    has_a_technical_test boolean,
    publication_date date,
    required_certificate boolean,
    closed_at timestamp(6) without time zone,
    created_at timestamp(6) without time zone NOT NULL,
    enterprise_id bigint,
    id bigint NOT NULL,
    max_experience_range bigint,
    min_experience_range bigint,
    sector_id bigint,
    updated_at timestamp(6) without time zone,
    description character varying(255),
    experience_range character varying(255),
    locality character varying(255),
    modality_type character varying(255),
    "position" character varying(255),
    title character varying(255),
    vacancy_status character varying(255),
    vacancy_type character varying(255),
    CONSTRAINT vacancys_experience_range_check CHECK (((experience_range)::text = ANY ((ARRAY['ZERO_TO_SIX_MONTHS'::character varying, 'ONE_TO_TWO_YEARS'::character varying, 'TWO_TO_FOUR_YEARS'::character varying, 'FOUR_PLUS_YEARS'::character varying])::text[]))),
    CONSTRAINT vacancys_modality_type_check CHECK (((modality_type)::text = ANY ((ARRAY['ON_SITE'::character varying, 'REMOTE'::character varying, 'HYBRID'::character varying])::text[]))),
    CONSTRAINT vacancys_vacancy_status_check CHECK (((vacancy_status)::text = ANY ((ARRAY['PENDING_APPROVAL'::character varying, 'APPROVED'::character varying, 'OPEN'::character varying, 'CLOSED'::character varying, 'PAUSED'::character varying, 'ARCHIVED'::character varying, 'REJECTED'::character varying])::text[]))),
    CONSTRAINT vacancys_vacancy_type_check CHECK (((vacancy_type)::text = ANY ((ARRAY['FULL_TIME'::character varying, 'PART_TIME'::character varying, 'INTERSHIP'::character varying, 'TRAINEE'::character varying, 'TEMPORARY'::character varying, 'CONTRACT'::character varying, 'FREELANCE'::character varying, 'SELF_EMPLOYED'::character varying, 'VOLUNTEER'::character varying, 'APPRENTICESHIP'::character varying])::text[])))
);


--
-- Name: vacancys_id_seq; Type: SEQUENCE; Schema: public; Owner: -
--

ALTER TABLE public.vacancys ALTER COLUMN id ADD GENERATED BY DEFAULT AS IDENTITY (
    SEQUENCE NAME public.vacancys_id_seq
    START WITH 1
    INCREMENT BY 1
    NO MINVALUE
    NO MAXVALUE
    CACHE 1
);


--
-- Name: variables; Type: TABLE; Schema: public; Owner: -
--

CREATE TABLE public.variables (
    key character varying(50) NOT NULL,
    type character varying(50) DEFAULT 'string'::character varying NOT NULL,
    value character varying(255),
    id character varying(36) NOT NULL,
    "projectId" character varying(36)
);


--
-- Name: webhook_entity; Type: TABLE; Schema: public; Owner: -
--

CREATE TABLE public.webhook_entity (
    "webhookPath" character varying NOT NULL,
    method character varying NOT NULL,
    node character varying NOT NULL,
    "webhookId" character varying,
    "pathLength" integer,
    "workflowId" character varying(36) NOT NULL
);


--
-- Name: workflow_dependency; Type: TABLE; Schema: public; Owner: -
--

CREATE TABLE public.workflow_dependency (
    id integer NOT NULL,
    "workflowId" character varying(36) NOT NULL,
    "workflowVersionId" integer NOT NULL,
    "dependencyType" character varying(32) NOT NULL,
    "dependencyKey" character varying(255) NOT NULL,
    "dependencyInfo" json,
    "indexVersionId" smallint DEFAULT 1 NOT NULL,
    "createdAt" timestamp(3) with time zone DEFAULT CURRENT_TIMESTAMP(3) NOT NULL,
    "publishedVersionId" character varying(36)
);


--
-- Name: COLUMN workflow_dependency."workflowVersionId"; Type: COMMENT; Schema: public; Owner: -
--

COMMENT ON COLUMN public.workflow_dependency."workflowVersionId" IS 'Version of the workflow';


--
-- Name: COLUMN workflow_dependency."dependencyType"; Type: COMMENT; Schema: public; Owner: -
--

COMMENT ON COLUMN public.workflow_dependency."dependencyType" IS 'Type of dependency: "credential", "nodeType", "webhookPath", or "workflowCall"';


--
-- Name: COLUMN workflow_dependency."dependencyKey"; Type: COMMENT; Schema: public; Owner: -
--

COMMENT ON COLUMN public.workflow_dependency."dependencyKey" IS 'ID or name of the dependency';


--
-- Name: COLUMN workflow_dependency."dependencyInfo"; Type: COMMENT; Schema: public; Owner: -
--

COMMENT ON COLUMN public.workflow_dependency."dependencyInfo" IS 'Additional info about the dependency, interpreted based on type';


--
-- Name: COLUMN workflow_dependency."indexVersionId"; Type: COMMENT; Schema: public; Owner: -
--

COMMENT ON COLUMN public.workflow_dependency."indexVersionId" IS 'Version of the index structure';


--
-- Name: workflow_dependency_id_seq; Type: SEQUENCE; Schema: public; Owner: -
--

ALTER TABLE public.workflow_dependency ALTER COLUMN id ADD GENERATED BY DEFAULT AS IDENTITY (
    SEQUENCE NAME public.workflow_dependency_id_seq
    START WITH 1
    INCREMENT BY 1
    NO MINVALUE
    NO MAXVALUE
    CACHE 1
);


--
-- Name: workflow_entity; Type: TABLE; Schema: public; Owner: -
--

CREATE TABLE public.workflow_entity (
    name character varying(128) NOT NULL,
    active boolean NOT NULL,
    nodes json NOT NULL,
    connections json NOT NULL,
    "createdAt" timestamp(3) with time zone DEFAULT CURRENT_TIMESTAMP(3) NOT NULL,
    "updatedAt" timestamp(3) with time zone DEFAULT CURRENT_TIMESTAMP(3) NOT NULL,
    settings json,
    "staticData" json,
    "pinData" json,
    "versionId" character(36) NOT NULL,
    "triggerCount" integer DEFAULT 0 NOT NULL,
    id character varying(36) NOT NULL,
    meta json,
    "parentFolderId" character varying(36) DEFAULT NULL::character varying,
    "isArchived" boolean DEFAULT false NOT NULL,
    "versionCounter" integer DEFAULT 1 NOT NULL,
    description text,
    "activeVersionId" character varying(36)
);


--
-- Name: workflow_history; Type: TABLE; Schema: public; Owner: -
--

CREATE TABLE public.workflow_history (
    "versionId" character varying(36) NOT NULL,
    "workflowId" character varying(36) NOT NULL,
    authors character varying(255) NOT NULL,
    "createdAt" timestamp(3) with time zone DEFAULT CURRENT_TIMESTAMP(3) NOT NULL,
    "updatedAt" timestamp(3) with time zone DEFAULT CURRENT_TIMESTAMP(3) NOT NULL,
    nodes json NOT NULL,
    connections json NOT NULL,
    name character varying(128),
    autosaved boolean DEFAULT false NOT NULL,
    description text
);


--
-- Name: workflow_publish_history; Type: TABLE; Schema: public; Owner: -
--

CREATE TABLE public.workflow_publish_history (
    id integer NOT NULL,
    "workflowId" character varying(36) NOT NULL,
    "versionId" character varying(36) NOT NULL,
    event character varying(36) NOT NULL,
    "userId" uuid,
    "createdAt" timestamp(3) with time zone DEFAULT CURRENT_TIMESTAMP(3) NOT NULL,
    CONSTRAINT "CHK_workflow_publish_history_event" CHECK (((event)::text = ANY ((ARRAY['activated'::character varying, 'deactivated'::character varying])::text[])))
);


--
-- Name: COLUMN workflow_publish_history.event; Type: COMMENT; Schema: public; Owner: -
--

COMMENT ON COLUMN public.workflow_publish_history.event IS 'Type of history record: activated (workflow is now active), deactivated (workflow is now inactive)';


--
-- Name: workflow_publish_history_id_seq; Type: SEQUENCE; Schema: public; Owner: -
--

ALTER TABLE public.workflow_publish_history ALTER COLUMN id ADD GENERATED BY DEFAULT AS IDENTITY (
    SEQUENCE NAME public.workflow_publish_history_id_seq
    START WITH 1
    INCREMENT BY 1
    NO MINVALUE
    NO MAXVALUE
    CACHE 1
);


--
-- Name: workflow_published_version; Type: TABLE; Schema: public; Owner: -
--

CREATE TABLE public.workflow_published_version (
    "workflowId" character varying(36) NOT NULL,
    "publishedVersionId" character varying(36) NOT NULL,
    "createdAt" timestamp(3) with time zone DEFAULT CURRENT_TIMESTAMP(3) NOT NULL,
    "updatedAt" timestamp(3) with time zone DEFAULT CURRENT_TIMESTAMP(3) NOT NULL
);


--
-- Name: workflow_statistics; Type: TABLE; Schema: public; Owner: -
--

CREATE TABLE public.workflow_statistics (
    count bigint DEFAULT 0,
    "latestEvent" timestamp(3) with time zone,
    name character varying(128) NOT NULL,
    "workflowId" character varying(36) NOT NULL,
    "rootCount" bigint DEFAULT 0,
    id integer NOT NULL,
    "workflowName" character varying(128)
);


--
-- Name: workflow_statistics_id_seq; Type: SEQUENCE; Schema: public; Owner: -
--

CREATE SEQUENCE public.workflow_statistics_id_seq
    AS integer
    START WITH 1
    INCREMENT BY 1
    NO MINVALUE
    NO MAXVALUE
    CACHE 1;


--
-- Name: workflow_statistics_id_seq; Type: SEQUENCE OWNED BY; Schema: public; Owner: -
--

ALTER SEQUENCE public.workflow_statistics_id_seq OWNED BY public.workflow_statistics.id;


--
-- Name: workflows_tags; Type: TABLE; Schema: public; Owner: -
--

CREATE TABLE public.workflows_tags (
    "workflowId" character varying(36) NOT NULL,
    "tagId" character varying(36) NOT NULL
);


--
-- Name: auth_provider_sync_history id; Type: DEFAULT; Schema: public; Owner: -
--

ALTER TABLE ONLY public.auth_provider_sync_history ALTER COLUMN id SET DEFAULT nextval('public.auth_provider_sync_history_id_seq'::regclass);


--
-- Name: execution_annotations id; Type: DEFAULT; Schema: public; Owner: -
--

ALTER TABLE ONLY public.execution_annotations ALTER COLUMN id SET DEFAULT nextval('public.execution_annotations_id_seq'::regclass);


--
-- Name: execution_entity id; Type: DEFAULT; Schema: public; Owner: -
--

ALTER TABLE ONLY public.execution_entity ALTER COLUMN id SET DEFAULT nextval('public.execution_entity_id_seq'::regclass);


--
-- Name: execution_metadata id; Type: DEFAULT; Schema: public; Owner: -
--

ALTER TABLE ONLY public.execution_metadata ALTER COLUMN id SET DEFAULT nextval('public.execution_metadata_temp_id_seq'::regclass);


--
-- Name: migrations id; Type: DEFAULT; Schema: public; Owner: -
--

ALTER TABLE ONLY public.migrations ALTER COLUMN id SET DEFAULT nextval('public.migrations_id_seq'::regclass);


--
-- Name: workflow_statistics id; Type: DEFAULT; Schema: public; Owner: -
--

ALTER TABLE ONLY public.workflow_statistics ALTER COLUMN id SET DEFAULT nextval('public.workflow_statistics_id_seq'::regclass);


--
-- Data for Name: annotation_tag_entity; Type: TABLE DATA; Schema: public; Owner: -
--

COPY public.annotation_tag_entity (id, name, "createdAt", "updatedAt") FROM stdin;
\.


--
-- Data for Name: application_analysis; Type: TABLE DATA; Schema: public; Owner: -
--

COPY public.application_analysis (final_score, id, job_application_id, compatibility_level, final_feedback) FROM stdin;
\.


--
-- Data for Name: application_analysis_dimension; Type: TABLE DATA; Schema: public; Owner: -
--

COPY public.application_analysis_dimension (score, weight, weighted_score, analysis_id, id, selection_stage_id) FROM stdin;
\.


--
-- Data for Name: application_stage_result; Type: TABLE DATA; Schema: public; Owner: -
--

COPY public.application_stage_result (locked, score, id, job_application_id, selection_stage_id, stage_status) FROM stdin;
\.


--
-- Data for Name: attachments; Type: TABLE DATA; Schema: public; Owner: -
--

COPY public.attachments (candidate_id, file_id, id, type) FROM stdin;
\.


--
-- Data for Name: auth_identity; Type: TABLE DATA; Schema: public; Owner: -
--

COPY public.auth_identity ("userId", "providerId", "providerType", "createdAt", "updatedAt") FROM stdin;
\.


--
-- Data for Name: auth_provider_sync_history; Type: TABLE DATA; Schema: public; Owner: -
--

COPY public.auth_provider_sync_history (id, "providerType", "runMode", status, "startedAt", "endedAt", scanned, created, updated, disabled, error) FROM stdin;
\.


--
-- Data for Name: binary_data; Type: TABLE DATA; Schema: public; Owner: -
--

COPY public.binary_data ("fileId", "sourceType", "sourceId", data, "mimeType", "fileName", "fileSize", "createdAt", "updatedAt") FROM stdin;
\.


--
-- Data for Name: candidates; Type: TABLE DATA; Schema: public; Owner: -
--

COPY public.candidates (date_of_birth, created_at, id, profile_id, updated_at, user_id, availability, contact, cpf, full_name, gender, race_ethnicity, sector) FROM stdin;
\N	2026-03-24 16:49:02.472738	1	1	2026-03-24 16:49:02.472762	1	\N	98999998888	12345678901	Candidato de teste	\N	\N	\N
\.


--
-- Data for Name: certificate_sectors; Type: TABLE DATA; Schema: public; Owner: -
--

COPY public.certificate_sectors (certificate_id, sector_id) FROM stdin;
\.


--
-- Data for Name: certificates; Type: TABLE DATA; Schema: public; Owner: -
--

COPY public.certificates (candidate_id, hours, id, expiration_date, issue_date, issuing_organization, title, url) FROM stdin;
\.


--
-- Data for Name: chat_hub_agent_tools; Type: TABLE DATA; Schema: public; Owner: -
--

COPY public.chat_hub_agent_tools ("agentId", "toolId") FROM stdin;
\.


--
-- Data for Name: chat_hub_agents; Type: TABLE DATA; Schema: public; Owner: -
--

COPY public.chat_hub_agents (id, name, description, "systemPrompt", "ownerId", "credentialId", provider, model, "createdAt", "updatedAt", icon) FROM stdin;
\.


--
-- Data for Name: chat_hub_messages; Type: TABLE DATA; Schema: public; Owner: -
--

COPY public.chat_hub_messages (id, "sessionId", "previousMessageId", "revisionOfMessageId", "retryOfMessageId", type, name, content, provider, model, "workflowId", "executionId", "createdAt", "updatedAt", "agentId", status, attachments) FROM stdin;
\.


--
-- Data for Name: chat_hub_session_tools; Type: TABLE DATA; Schema: public; Owner: -
--

COPY public.chat_hub_session_tools ("sessionId", "toolId") FROM stdin;
\.


--
-- Data for Name: chat_hub_sessions; Type: TABLE DATA; Schema: public; Owner: -
--

COPY public.chat_hub_sessions (id, title, "ownerId", "lastMessageAt", "credentialId", provider, model, "workflowId", "createdAt", "updatedAt", "agentId", "agentName") FROM stdin;
\.


--
-- Data for Name: chat_hub_tools; Type: TABLE DATA; Schema: public; Owner: -
--

COPY public.chat_hub_tools (id, name, type, "typeVersion", "ownerId", definition, enabled, "createdAt", "updatedAt") FROM stdin;
\.


--
-- Data for Name: credentials_entity; Type: TABLE DATA; Schema: public; Owner: -
--

COPY public.credentials_entity (name, data, type, "createdAt", "updatedAt", id, "isManaged", "isGlobal", "isResolvable", "resolvableAllowFallback", "resolverId") FROM stdin;
\.


--
-- Data for Name: data_table; Type: TABLE DATA; Schema: public; Owner: -
--

COPY public.data_table (id, name, "projectId", "createdAt", "updatedAt") FROM stdin;
\.


--
-- Data for Name: data_table_column; Type: TABLE DATA; Schema: public; Owner: -
--

COPY public.data_table_column (id, name, type, index, "dataTableId", "createdAt", "updatedAt") FROM stdin;
\.


--
-- Data for Name: dynamic_credential_entry; Type: TABLE DATA; Schema: public; Owner: -
--

COPY public.dynamic_credential_entry (credential_id, subject_id, resolver_id, data, "createdAt", "updatedAt") FROM stdin;
\.


--
-- Data for Name: dynamic_credential_resolver; Type: TABLE DATA; Schema: public; Owner: -
--

COPY public.dynamic_credential_resolver (id, name, type, config, "createdAt", "updatedAt") FROM stdin;
\.


--
-- Data for Name: dynamic_credential_user_entry; Type: TABLE DATA; Schema: public; Owner: -
--

COPY public.dynamic_credential_user_entry ("credentialId", "userId", "resolverId", data, "createdAt", "updatedAt") FROM stdin;
\.


--
-- Data for Name: enterprises; Type: TABLE DATA; Schema: public; Owner: -
--

COPY public.enterprises (is_approved, size_enterprise, created_at, id, number_of_employees, profile_id, updated_at, user_id, cnpj, contact, description, enterprise_name, sector, site_url, social_reason) FROM stdin;
f	\N	2026-03-24 16:49:14.651077	1	\N	2	2026-03-24 16:49:14.651101	2	12345678000199	1133334444	\N	Tech Solutions LTDA	\N	\N	\N
\.


--
-- Data for Name: event_destinations; Type: TABLE DATA; Schema: public; Owner: -
--

COPY public.event_destinations (id, destination, "createdAt", "updatedAt") FROM stdin;
\.


--
-- Data for Name: execution_annotation_tags; Type: TABLE DATA; Schema: public; Owner: -
--

COPY public.execution_annotation_tags ("annotationId", "tagId") FROM stdin;
\.


--
-- Data for Name: execution_annotations; Type: TABLE DATA; Schema: public; Owner: -
--

COPY public.execution_annotations (id, "executionId", vote, note, "createdAt", "updatedAt") FROM stdin;
\.


--
-- Data for Name: execution_data; Type: TABLE DATA; Schema: public; Owner: -
--

COPY public.execution_data ("executionId", "workflowData", data, "workflowVersionId") FROM stdin;
1	{"id":"gQNU19rilh6uxqFw","name":"My workflow","active":false,"activeVersionId":null,"nodes":[{"parameters":{"notice":""},"type":"n8n-nodes-base.manualTrigger","typeVersion":1,"position":[0,0],"id":"e8cab224-516e-4c36-9fb4-1b81fa951abd","name":"When clicking ‘Execute workflow’"},{"parameters":{"curlImport":"","method":"POST","url":"http://java-backend:8080/job-applications/finish-test","authentication":"none","provideSslCertificates":false,"sendQuery":false,"sendHeaders":false,"sendBody":true,"contentType":"json","specifyBody":"json","jsonBody":"={\\n  \\"url\\": \\"https://talentos.sintonya.com/form/question-rio-de-teste\\",\\n  \\"cpf\\": \\"12345678901\\"\\n\\n}","options":{},"infoMessage":""},"type":"n8n-nodes-base.httpRequest","typeVersion":4.4,"position":[208,0],"id":"6fa1a99b-ad69-497c-81a4-4b3d200a7069","name":"HTTP Request"}],"connections":{"When clicking ‘Execute workflow’":{"main":[[{"node":"HTTP Request","type":"main","index":0}]]}},"settings":{"executionOrder":"v1","binaryMode":"separate","availableInMCP":false},"pinData":{}}	[{"version":1,"startData":"1","resultData":"2","executionData":"3"},{"destinationNode":"4","runNodeFilter":"5"},{"error":"6","runData":"7","pinData":"8","lastNodeExecuted":"9"},{"contextData":"10","nodeExecutionStack":"11","metadata":"12","waitingExecution":"13","waitingExecutionSource":"14","runtimeData":"15"},{"nodeName":"9","mode":"16"},["17","9"],{"level":"18","tags":"19","message":"20","stack":"21"},{"When clicking ‘Execute workflow’":"22","HTTP Request":"23"},{},"HTTP Request",{"node:HTTP Request":"24"},["25"],{},{},{},{"version":1,"establishedAt":1773421074252,"source":"26","triggerNode":"27"},"inclusive","When clicking ‘Execute workflow’","error",{},"Invalid JSON in response body","Error: Invalid JSON in response body\\n    at jsonParse (/usr/local/lib/node_modules/n8n/node_modules/.pnpm/n8n-workflow@file+packages+workflow/node_modules/n8n-workflow/src/utils.ts:178:10)\\n    at ExecuteContext.execute (/usr/local/lib/node_modules/n8n/node_modules/.pnpm/n8n-nodes-base@file+packages+nodes-base_@aws-sdk+credential-providers@3.808.0_asn1.js@5_8da18263ca0574b0db58d4fefd8173ce/node_modules/n8n-nodes-base/nodes/HttpRequest/V3/HttpRequestV3.node.ts:936:34)\\n    at processTicksAndRejections (node:internal/process/task_queues:103:5)\\n    at WorkflowExecute.executeNode (/usr/local/lib/node_modules/n8n/node_modules/.pnpm/n8n-core@file+packages+core_@opentelemetry+api@1.9.0_@opentelemetry+exporter-trace-otlp_9f358c3eeaef0d2736f54ac9757ada43/node_modules/n8n-core/src/execution-engine/workflow-execute.ts:1043:8)\\n    at WorkflowExecute.runNode (/usr/local/lib/node_modules/n8n/node_modules/.pnpm/n8n-core@file+packages+core_@opentelemetry+api@1.9.0_@opentelemetry+exporter-trace-otlp_9f358c3eeaef0d2736f54ac9757ada43/node_modules/n8n-core/src/execution-engine/workflow-execute.ts:1222:11)\\n    at /usr/local/lib/node_modules/n8n/node_modules/.pnpm/n8n-core@file+packages+core_@opentelemetry+api@1.9.0_@opentelemetry+exporter-trace-otlp_9f358c3eeaef0d2736f54ac9757ada43/node_modules/n8n-core/src/execution-engine/workflow-execute.ts:1659:27\\n    at /usr/local/lib/node_modules/n8n/node_modules/.pnpm/n8n-core@file+packages+core_@opentelemetry+api@1.9.0_@opentelemetry+exporter-trace-otlp_9f358c3eeaef0d2736f54ac9757ada43/node_modules/n8n-core/src/execution-engine/workflow-execute.ts:2302:11",["28"],["29"],{"response":"30"},{"node":"31","data":"32","source":"33"},"manual",{"name":"17","type":"34"},{"startTime":1773421074256,"executionIndex":0,"source":"35","hints":"36","executionTime":7,"executionStatus":"37","data":"38"},{"startTime":1773421074266,"executionIndex":1,"source":"39","hints":"40","executionTime":1051,"executionStatus":"18","error":"41"},{"body":"42","headers":"43","statusCode":200,"statusMessage":"44"},{"parameters":"45","type":"46","typeVersion":4.4,"position":"47","id":"48","name":"9"},{"main":"49"},{"main":"39"},"n8n-nodes-base.manualTrigger",[],[],"success",{"main":"50"},["51"],[],{"level":"18","tags":"19","message":"20","stack":"21"},{"_events":"52","_readableState":"53","socket":"54","httpVersionMajor":1,"httpVersionMinor":1,"httpVersion":"55","complete":true,"rawHeaders":"56","rawTrailers":"57","aborted":false,"upgrade":false,"url":"44","method":null,"statusCode":200,"statusMessage":"44","client":"54","_consuming":false,"_dumped":false,"req":"58","_eventsCount":3,"responseUrl":"59","redirects":"60","contentType":"61","encoding":"62"},{"vary":"63","x-content-type-options":"64","x-xss-protection":"65","cache-control":"66","pragma":"67","expires":"65","content-type":"61","content-length":"68","date":"69","connection":"70"},"",{"curlImport":"44","method":"71","url":"59","authentication":"72","provideSslCertificates":false,"sendQuery":false,"sendHeaders":false,"sendBody":true,"contentType":"73","specifyBody":"73","jsonBody":"74","options":"75","infoMessage":"44"},"n8n-nodes-base.httpRequest",[208,0],"6fa1a99b-ad69-497c-81a4-4b3d200a7069",["76"],["77"],{"previousNode":"17","previousNodeOutput":0,"previousNodeRun":0},{"end":"78"},{"highWaterMark":65536,"buffer":"79","bufferIndex":0,"length":0,"pipes":"80","awaitDrainWriters":null},{"connecting":false,"_hadError":false,"_parent":null,"_host":"81","_closeAfterHandlingError":false,"_events":"82","_readableState":"83","_writableState":"84","allowHalfOpen":false,"_eventsCount":7,"_sockname":null,"_pendingData":null,"_pendingEncoding":"44","server":null,"_server":null,"parser":null,"_httpMessage":"58","timeout":300000},"1.1",["85","86","85","87","85","88","89","64","90","65","91","66","92","67","93","65","94","61","95","68","96","69","97","70"],[],{"_events":"98","_eventsCount":7,"outputData":"99","outputSize":0,"writable":true,"destroyed":false,"_last":true,"chunkedEncoding":false,"shouldKeepAlive":false,"maxRequestsOnConnectionReached":false,"_defaultKeepAlive":true,"useChunkedEncodingByDefault":true,"sendDate":false,"_removedConnection":false,"_removedContLen":false,"_removedTE":false,"strictContentLength":false,"_contentLength":86,"_hasBody":true,"_trailer":"44","finished":true,"_headerSent":true,"_closed":false,"_header":"100","_keepAliveTimeout":0,"agent":"101","method":"71","path":"102","_ended":true,"res":"42","aborted":false,"timeoutCb":null,"upgradeOrConnect":false,"parser":null,"maxHeadersCount":null,"reusedSocket":false,"host":"81","protocol":"103","_redirectable":"104"},"http://java-backend:8080/job-applications/finish-test",[],"application/json","utf-8","Origin, Access-Control-Request-Method, Access-Control-Request-Headers","nosniff","0","no-cache, no-store, max-age=0, must-revalidate","no-cache","14","Fri, 13 Mar 2026 16:57:55 GMT","close","POST","none","json","={\\n  \\"url\\": \\"https://talentos.sintonya.com/form/question-rio-de-teste\\",\\n  \\"cpf\\": \\"12345678901\\"\\n\\n}",{},["105"],["106"],[null,null],[],[],"java-backend",{"close":"107","timeout":"108"},{"highWaterMark":65536,"buffer":"109","bufferIndex":0,"length":0,"pipes":"110","awaitDrainWriters":null},{"highWaterMark":65536,"length":0,"corked":0,"writelen":0,"bufferedIndex":0,"pendingcb":1},"Vary","Origin","Access-Control-Request-Method","Access-Control-Request-Headers","X-Content-Type-Options","X-XSS-Protection","Cache-Control","Pragma","Expires","Content-Type","Content-Length","Date","Connection",{},[],"POST /job-applications/finish-test HTTP/1.1\\r\\nAccept: application/json,text/html,application/xhtml+xml,application/xml,text/*;q=0.9, image/*;q=0.8, */*;q=0.7\\r\\nContent-Type: application/json\\r\\nUser-Agent: axios/1.13.5\\r\\nContent-Length: 86\\r\\nAccept-Encoding: gzip, compress, deflate, br\\r\\nHost: java-backend:8080\\r\\nConnection: close\\r\\n\\r\\n",{"_events":"111","_eventsCount":2,"options":"112","defaultPort":80,"protocol":"103","requests":"113","sockets":"114","freeSockets":"115","keepAliveMsecs":1000,"keepAlive":false,"maxSockets":null,"maxFreeSockets":256,"scheduling":"116","maxTotalSockets":null,"totalSocketCount":1,"agentKeepAliveTimeoutBuffer":1000},"/job-applications/finish-test","http:",{"_events":"117","_writableState":"118","_options":"119","_ended":true,"_ending":true,"_redirectCount":0,"_redirects":"60","_requestBodyLength":86,"_requestBodyBuffers":"120","_eventsCount":3,"_currentRequest":"58","_currentUrl":"59","_timeout":null},{"json":"121","pairedItem":"122"},{"json":"121","pairedItem":"123"},[null,null],[null,null],[],[],{},{"servername":"81","noDelay":true,"path":null},{},{"java-backend:8080:":"124"},{},"lifo",{"socket":"125"},{"highWaterMark":65536,"length":0,"corked":0,"writelen":0,"bufferedIndex":0,"pendingcb":0},{"maxRedirects":21,"maxBodyLength":null,"protocol":"103","path":"102","method":"71","headers":"126","agents":"127","beforeRedirects":"128","hostname":"81","port":"129","agent":"101","nativeProtocols":"130","pathname":"102"},[],{},{"item":0},{"item":0},["54"],[null,null],{"Accept":"131","Content-Type":"61","User-Agent":"132","Content-Length":"133","Accept-Encoding":"134"},{"http":"101","https":"135"},{},"8080",{"http:":"136","https:":"137"},"application/json,text/html,application/xhtml+xml,application/xml,text/*;q=0.9, image/*;q=0.8, */*;q=0.7","axios/1.13.5","86","gzip, compress, deflate, br",{"_events":"138","_eventsCount":2,"options":"139","defaultPort":443,"protocol":"140","requests":"141","sockets":"142","freeSockets":"143","keepAliveMsecs":1000,"keepAlive":false,"maxSockets":null,"maxFreeSockets":256,"scheduling":"116","maxTotalSockets":null,"totalSocketCount":0,"agentKeepAliveTimeoutBuffer":1000,"maxCachedSessions":100,"_sessionCache":"144"},{"METHODS":"145","STATUS_CODES":"146","maxHeaderSize":16384,"globalAgent":"147"},{"globalAgent":"148"},{},{"servername":"81","defaultPort":443,"protocol":"140","noDelay":true,"path":null},"https:",{},{},{},{"map":"149","list":"150"},["151","152","153","154","155","156","157","158","159","160","161","162","163","164","165","166","167","168","169","71","170","171","172","173","174","175","176","177","178","179","180","181","182","183","184"],{"100":"185","101":"186","102":"187","103":"188","200":"189","201":"190","202":"191","203":"192","204":"193","205":"194","206":"195","207":"196","208":"197","226":"198","300":"199","301":"200","302":"201","303":"202","304":"203","305":"204","307":"205","308":"206","400":"207","401":"208","402":"209","403":"210","404":"211","405":"212","406":"213","407":"214","408":"215","409":"216","410":"217","411":"218","412":"219","413":"220","414":"221","415":"222","416":"223","417":"224","418":"225","421":"226","422":"227","423":"228","424":"229","425":"230","426":"231","428":"232","429":"233","431":"234","451":"235","500":"236","501":"237","502":"238","503":"239","504":"240","505":"241","506":"242","507":"243","508":"244","509":"245","510":"246","511":"247"},{"_events":"248","_eventsCount":2,"options":"249","defaultPort":80,"protocol":"103","requests":"250","sockets":"251","freeSockets":"252","keepAliveMsecs":1000,"keepAlive":true,"maxSockets":null,"maxFreeSockets":256,"scheduling":"116","maxTotalSockets":null,"totalSocketCount":0,"agentKeepAliveTimeoutBuffer":1000},{"_events":"253","_eventsCount":2,"options":"254","defaultPort":443,"protocol":"140","requests":"255","sockets":"256","freeSockets":"257","keepAliveMsecs":1000,"keepAlive":true,"maxSockets":null,"maxFreeSockets":256,"scheduling":"116","maxTotalSockets":null,"totalSocketCount":1,"agentKeepAliveTimeoutBuffer":1000,"maxCachedSessions":100,"_sessionCache":"258"},{},[],"ACL","BIND","CHECKOUT","CONNECT","COPY","DELETE","GET","HEAD","LINK","LOCK","M-SEARCH","MERGE","MKACTIVITY","MKCALENDAR","MKCOL","MOVE","NOTIFY","OPTIONS","PATCH","PROPFIND","PROPPATCH","PURGE","PUT","QUERY","REBIND","REPORT","SEARCH","SOURCE","SUBSCRIBE","TRACE","UNBIND","UNLINK","UNLOCK","UNSUBSCRIBE","Continue","Switching Protocols","Processing","Early Hints","OK","Created","Accepted","Non-Authoritative Information","No Content","Reset Content","Partial Content","Multi-Status","Already Reported","IM Used","Multiple Choices","Moved Permanently","Found","See Other","Not Modified","Use Proxy","Temporary Redirect","Permanent Redirect","Bad Request","Unauthorized","Payment Required","Forbidden","Not Found","Method Not Allowed","Not Acceptable","Proxy Authentication Required","Request Timeout","Conflict","Gone","Length Required","Precondition Failed","Payload Too Large","URI Too Long","Unsupported Media Type","Range Not Satisfiable","Expectation Failed","I'm a Teapot","Misdirected Request","Unprocessable Entity","Locked","Failed Dependency","Too Early","Upgrade Required","Precondition Required","Too Many Requests","Request Header Fields Too Large","Unavailable For Legal Reasons","Internal Server Error","Not Implemented","Bad Gateway","Service Unavailable","Gateway Timeout","HTTP Version Not Supported","Variant Also Negotiates","Insufficient Storage","Loop Detected","Bandwidth Limit Exceeded","Not Extended","Network Authentication Required",{},{"keepAlive":true,"scheduling":"116","timeout":5000,"noDelay":true,"path":null},{},{},{},{},{"keepAlive":true,"scheduling":"116","timeout":5000,"defaultPort":443,"protocol":"140","noDelay":true,"path":null},{},{},{"telemetry.n8n.io:443:::::::::::::::::::::":"259"},{"map":"260","list":"261"},["262"],{"telemetry.n8n.io:443:::::::::::::::::::::":"263"},["264"],{"_tlsOptions":"265","_secureEstablished":true,"_securePending":false,"_newSessionPending":false,"_controlReleased":true,"secureConnecting":false,"_SNICallback":null,"servername":"266","alpnProtocol":false,"authorized":true,"authorizationError":null,"encrypted":true,"_events":"267","_eventsCount":9,"connecting":false,"_hadError":false,"_parent":null,"_host":"266","_closeAfterHandlingError":false,"_readableState":"268","_writableState":"269","allowHalfOpen":false,"_sockname":null,"_pendingData":null,"_pendingEncoding":"44","_server":null,"ssl":"270","_requestCert":true,"_rejectUnauthorized":true,"timeout":5000,"parser":null,"_httpMessage":null},{"type":"271","data":"272"},"telemetry.n8n.io:443:::::::::::::::::::::",{"pipe":false,"secureContext":"273","isServer":false,"requestCert":true,"rejectUnauthorized":true,"session":"274"},"telemetry.n8n.io",{"close":"275","timeout":"276"},{"highWaterMark":65536,"buffer":"277","bufferIndex":0,"length":0,"pipes":"278","awaitDrainWriters":null},{"highWaterMark":65536,"length":0,"corked":0,"writelen":0,"bufferedIndex":0,"pendingcb":0},{"_parent":"279","_parentWrap":null,"_secureContext":"273","reading":true},"Buffer",[48,130,4,226,2,1,1,2,2,3,4,4,2,19,2,4,32,93,158,29,152,222,157,131,147,124,83,156,171,155,147,248,89,145,162,188,72,24,177,243,243,150,7,17,178,49,194,101,15,4,48,93,194,131,224,102,99,86,64,80,97,229,95,143,174,147,191,227,11,51,137,149,230,174,218,242,71,184,125,160,66,85,237,96,178,62,96,7,9,255,105,55,219,214,46,11,168,25,178,161,6,2,4,105,180,66,18,162,4,2,2,28,32,163,130,3,125,48,130,3,121,48,130,2,255,160,3,2,1,2,2,18,6,190,26,247,188,82,61,95,208,128,140,176,184,87,215,186,102,57,48,10,6,8,42,134,72,206,61,4,3,3,48,50,49,11,48,9,6,3,85,4,6,19,2,85,83,49,22,48,20,6,3,85,4,10,19,13,76,101,116,39,115,32,69,110,99,114,121,112,116,49,11,48,9,6,3,85,4,3,19,2,69,55,48,30,23,13,50,54,48,51,48,49,50,51,52,52,52,50,90,23,13,50,54,48,53,51,48,50,51,52,52,52,49,90,48,17,49,15,48,13,6,3,85,4,3,19,6,110,56,110,46,105,111,48,89,48,19,6,7,42,134,72,206,61,2,1,6,8,42,134,72,206,61,3,1,7,3,66,0,4,239,89,42,184,106,76,119,249,226,17,223,231,118,213,9,222,154,159,164,59,17,5,35,56,120,40,156,223,10,87,51,187,241,199,79,62,253,169,126,230,184,12,25,63,233,69,129,106,145,67,180,123,213,75,229,109,115,97,88,233,212,117,125,30,163,130,2,20,48,130,2,16,48,14,6,3,85,29,15,1,1,255,4,4,3,2,7,128,48,19,6,3,85,29,37,4,12,48,10,6,8,43,6,1,5,5,7,3,1,48,12,6,3,85,29,19,1,1,255,4,2,48,0,48,29,6,3,85,29,14,4,22,4,20,130,148,94,53,49,178,156,83,51,92,176,173,46,140,145,196,139,82,108,69,48,31,6,3,85,29,35,4,24,48,22,128,20,174,72,158,220,135,29,68,160,111,218,162,229,96,116,4,120,194,156,0,128,48,50,6,8,43,6,1,5,5,7,1,1,4,38,48,36,48,34,6,8,43,6,1,5,5,7,48,2,134,22,104,116,116,112,58,47,47,101,55,46,105,46,108,101,110,99,114,46,111,114,103,47,48,27,6,3,85,29,17,4,20,48,18,130,8,42,46,110,56,110,46,105,111,130,6,110,56,110,46,105,111,48,19,6,3,85,29,32,4,12,48,10,48,8,6,6,103,129,12,1,2,1,48,45,6,3,85,29,31,4,38,48,36,48,34,160,32,160,30,134,28,104,116,116,112,58,47,47,101,55,46,99,46,108,101,110,99,114,46,111,114,103,47,53,56,46,99,114,108,48,130,1,4,6,10,43,6,1,4,1,214,121,2,4,2,4,129,245,4,129,242,0,240,0,117,0,150,151,100,191,85,88,151,173,247,67,135,104,55,8,66,119,233,240,58,213,246,164,243,54,110,70,164,63,15,202,169,198,0,0,1,156,171,255,197,222,0,0,4,3,0,70,48,68,2,32,107,125,249,84,71,121,192,69,159,174,174,217,189,117,185,59,30,218,60,14,134,16,78,222,203,224,14,26,201,204,5,72,2,32,71,192,81,215,207,39,41,134,238,82,11,244,78,15,46,29,99,30,5,67,242,66,29,167,192,12,2,106,90,145,199,32,0,119,0,73,156,155,105,222,29,124,236,252,54,222,205,135,100,166,184,91,175,10,135,128,25,209,85,82,251,233,235,41,221,248,195,0,0,1,156,171,255,205,109,0,0,4,3,0,72,48,70,2,33,0,175,168,214,196,213,17,65,182,232,111,169,51,82,77,158,212,100,154,236,39,34,68,165,249,62,209,33,153,61,213,255,188,2,33,0,158,175,244,33,240,143,0,176,127,45,83,176,132,47,104,237,243,132,26,99,64,165,37,8,150,69,89,233,239,192,98,77,48,10,6,8,42,134,72,206,61,4,3,3,3,104,0,48,101,2,48,123,37,123,177,167,172,34,216,133,252,108,175,26,155,15,224,124,7,96,236,19,125,185,194,222,191,8,47,72,125,214,113,182,250,145,53,207,219,20,123,13,175,3,133,155,198,237,252,2,49,0,175,150,54,21,173,39,186,121,146,253,2,114,38,214,41,183,90,255,208,32,79,197,77,17,152,105,119,55,125,83,228,183,167,33,163,254,219,240,187,74,80,203,16,154,139,71,35,176,164,2,4,0,166,18,4,16,116,101,108,101,109,101,116,114,121,46,110,56,110,46,105,111,169,5,2,3,0,253,32,170,129,195,4,129,192,122,111,49,175,71,83,182,173,94,79,243,215,64,240,212,36,103,243,5,187,172,67,211,46,200,206,20,28,167,68,218,62,47,136,87,200,211,36,112,100,249,105,206,231,65,127,235,11,155,66,180,86,30,236,162,166,65,226,160,209,130,69,230,215,130,4,244,255,85,120,237,4,176,165,206,239,241,173,97,38,141,46,127,81,130,156,12,201,69,231,104,188,201,100,111,64,51,158,171,23,115,71,34,110,50,12,8,167,17,93,227,141,23,89,64,204,131,25,135,203,46,205,125,135,156,190,169,113,4,93,61,34,196,21,71,5,100,3,38,30,216,101,242,60,219,2,38,42,203,23,220,229,81,12,78,62,190,132,96,146,115,151,90,211,245,242,13,50,36,90,60,71,152,96,123,192,226,130,11,118,132,132,228,123,46,29,151,198,140,28,173,51,174,7,2,5,0,223,63,214,173,179,4,2,2,17,236],{"context":"280"},{"type":"271","data":"281"},[null,null,null],[null,null],[],[],{"reading":true,"onconnection":null},{},[48,130,4,226,2,1,1,2,2,3,4,4,2,19,2,4,32,73,52,115,41,68,134,72,194,103,254,145,99,87,245,244,77,241,14,179,42,46,119,222,197,201,253,95,248,69,172,223,254,4,48,103,173,120,219,38,219,244,205,208,182,162,60,18,20,26,21,188,107,69,66,113,210,176,40,68,249,28,86,249,67,55,177,196,204,133,225,172,113,133,142,239,122,169,214,11,121,32,232,161,6,2,4,105,180,65,246,162,4,2,2,28,32,163,130,3,125,48,130,3,121,48,130,2,255,160,3,2,1,2,2,18,6,190,26,247,188,82,61,95,208,128,140,176,184,87,215,186,102,57,48,10,6,8,42,134,72,206,61,4,3,3,48,50,49,11,48,9,6,3,85,4,6,19,2,85,83,49,22,48,20,6,3,85,4,10,19,13,76,101,116,39,115,32,69,110,99,114,121,112,116,49,11,48,9,6,3,85,4,3,19,2,69,55,48,30,23,13,50,54,48,51,48,49,50,51,52,52,52,50,90,23,13,50,54,48,53,51,48,50,51,52,52,52,49,90,48,17,49,15,48,13,6,3,85,4,3,19,6,110,56,110,46,105,111,48,89,48,19,6,7,42,134,72,206,61,2,1,6,8,42,134,72,206,61,3,1,7,3,66,0,4,239,89,42,184,106,76,119,249,226,17,223,231,118,213,9,222,154,159,164,59,17,5,35,56,120,40,156,223,10,87,51,187,241,199,79,62,253,169,126,230,184,12,25,63,233,69,129,106,145,67,180,123,213,75,229,109,115,97,88,233,212,117,125,30,163,130,2,20,48,130,2,16,48,14,6,3,85,29,15,1,1,255,4,4,3,2,7,128,48,19,6,3,85,29,37,4,12,48,10,6,8,43,6,1,5,5,7,3,1,48,12,6,3,85,29,19,1,1,255,4,2,48,0,48,29,6,3,85,29,14,4,22,4,20,130,148,94,53,49,178,156,83,51,92,176,173,46,140,145,196,139,82,108,69,48,31,6,3,85,29,35,4,24,48,22,128,20,174,72,158,220,135,29,68,160,111,218,162,229,96,116,4,120,194,156,0,128,48,50,6,8,43,6,1,5,5,7,1,1,4,38,48,36,48,34,6,8,43,6,1,5,5,7,48,2,134,22,104,116,116,112,58,47,47,101,55,46,105,46,108,101,110,99,114,46,111,114,103,47,48,27,6,3,85,29,17,4,20,48,18,130,8,42,46,110,56,110,46,105,111,130,6,110,56,110,46,105,111,48,19,6,3,85,29,32,4,12,48,10,48,8,6,6,103,129,12,1,2,1,48,45,6,3,85,29,31,4,38,48,36,48,34,160,32,160,30,134,28,104,116,116,112,58,47,47,101,55,46,99,46,108,101,110,99,114,46,111,114,103,47,53,56,46,99,114,108,48,130,1,4,6,10,43,6,1,4,1,214,121,2,4,2,4,129,245,4,129,242,0,240,0,117,0,150,151,100,191,85,88,151,173,247,67,135,104,55,8,66,119,233,240,58,213,246,164,243,54,110,70,164,63,15,202,169,198,0,0,1,156,171,255,197,222,0,0,4,3,0,70,48,68,2,32,107,125,249,84,71,121,192,69,159,174,174,217,189,117,185,59,30,218,60,14,134,16,78,222,203,224,14,26,201,204,5,72,2,32,71,192,81,215,207,39,41,134,238,82,11,244,78,15,46,29,99,30,5,67,242,66,29,167,192,12,2,106,90,145,199,32,0,119,0,73,156,155,105,222,29,124,236,252,54,222,205,135,100,166,184,91,175,10,135,128,25,209,85,82,251,233,235,41,221,248,195,0,0,1,156,171,255,205,109,0,0,4,3,0,72,48,70,2,33,0,175,168,214,196,213,17,65,182,232,111,169,51,82,77,158,212,100,154,236,39,34,68,165,249,62,209,33,153,61,213,255,188,2,33,0,158,175,244,33,240,143,0,176,127,45,83,176,132,47,104,237,243,132,26,99,64,165,37,8,150,69,89,233,239,192,98,77,48,10,6,8,42,134,72,206,61,4,3,3,3,104,0,48,101,2,48,123,37,123,177,167,172,34,216,133,252,108,175,26,155,15,224,124,7,96,236,19,125,185,194,222,191,8,47,72,125,214,113,182,250,145,53,207,219,20,123,13,175,3,133,155,198,237,252,2,49,0,175,150,54,21,173,39,186,121,146,253,2,114,38,214,41,183,90,255,208,32,79,197,77,17,152,105,119,55,125,83,228,183,167,33,163,254,219,240,187,74,80,203,16,154,139,71,35,176,164,2,4,0,166,18,4,16,116,101,108,101,109,101,116,114,121,46,110,56,110,46,105,111,169,5,2,3,0,253,32,170,129,195,4,129,192,122,111,49,175,71,83,182,173,94,79,243,215,64,240,212,36,24,113,218,150,123,68,111,186,155,241,169,25,81,30,159,135,58,177,19,3,140,94,90,23,72,172,29,252,34,236,249,245,201,244,54,135,108,224,62,72,247,24,198,231,23,91,203,157,227,232,5,157,116,139,150,0,168,48,35,109,183,238,171,61,68,22,5,35,10,48,160,31,208,229,127,146,237,214,5,104,46,229,190,89,49,62,155,197,93,197,193,211,191,195,77,225,179,211,151,164,234,105,204,87,176,156,126,67,211,59,226,79,132,201,9,254,206,251,29,242,178,91,227,145,20,34,121,205,120,201,233,78,9,161,5,161,46,53,217,200,146,24,236,4,222,58,84,210,15,64,121,250,207,0,220,110,136,224,32,1,76,94,115,5,16,178,170,32,145,9,65,240,197,68,146,141,174,7,2,5,0,129,112,36,176,179,4,2,2,17,236]]	32cd1022-7da4-484f-90a3-2e739f28a882
2	{"id":"gQNU19rilh6uxqFw","name":"My workflow","active":false,"activeVersionId":null,"nodes":[{"parameters":{"notice":""},"type":"n8n-nodes-base.manualTrigger","typeVersion":1,"position":[0,0],"id":"e8cab224-516e-4c36-9fb4-1b81fa951abd","name":"When clicking ‘Execute workflow’"},{"parameters":{"curlImport":"","method":"POST","url":"http://java-backend:8080/job-applications/finish-test","authentication":"none","provideSslCertificates":false,"sendQuery":false,"sendHeaders":false,"sendBody":true,"contentType":"json","specifyBody":"json","jsonBody":"={\\n  \\"url\\": \\"https://talentos.sintonya.com/form/question-rio-de-teste\\",\\n  \\"cpf\\": \\"12345678901\\"\\n\\n}","options":{},"infoMessage":""},"type":"n8n-nodes-base.httpRequest","typeVersion":4.4,"position":[208,0],"id":"6fa1a99b-ad69-497c-81a4-4b3d200a7069","name":"HTTP Request"}],"connections":{"When clicking ‘Execute workflow’":{"main":[[{"node":"HTTP Request","type":"main","index":0}]]}},"settings":{"executionOrder":"v1","binaryMode":"separate","availableInMCP":false},"pinData":{}}	[{"version":1,"startData":"1","resultData":"2","executionData":"3"},{"destinationNode":"4","runNodeFilter":"5"},{"error":"6","runData":"7","pinData":"8","lastNodeExecuted":"9"},{"contextData":"10","nodeExecutionStack":"11","metadata":"12","waitingExecution":"13","waitingExecutionSource":"14","runtimeData":"15"},{"nodeName":"9","mode":"16"},["17","9"],{"level":"18","tags":"19","message":"20","stack":"21"},{"When clicking ‘Execute workflow’":"22","HTTP Request":"23"},{},"HTTP Request",{"node:HTTP Request":"24"},["25"],{},{},{},{"version":1,"establishedAt":1773421231485,"source":"26","triggerNode":"27"},"inclusive","When clicking ‘Execute workflow’","error",{},"Invalid JSON in response body","Error: Invalid JSON in response body\\n    at jsonParse (/usr/local/lib/node_modules/n8n/node_modules/.pnpm/n8n-workflow@file+packages+workflow/node_modules/n8n-workflow/src/utils.ts:178:10)\\n    at ExecuteContext.execute (/usr/local/lib/node_modules/n8n/node_modules/.pnpm/n8n-nodes-base@file+packages+nodes-base_@aws-sdk+credential-providers@3.808.0_asn1.js@5_8da18263ca0574b0db58d4fefd8173ce/node_modules/n8n-nodes-base/nodes/HttpRequest/V3/HttpRequestV3.node.ts:936:34)\\n    at processTicksAndRejections (node:internal/process/task_queues:103:5)\\n    at WorkflowExecute.executeNode (/usr/local/lib/node_modules/n8n/node_modules/.pnpm/n8n-core@file+packages+core_@opentelemetry+api@1.9.0_@opentelemetry+exporter-trace-otlp_9f358c3eeaef0d2736f54ac9757ada43/node_modules/n8n-core/src/execution-engine/workflow-execute.ts:1043:8)\\n    at WorkflowExecute.runNode (/usr/local/lib/node_modules/n8n/node_modules/.pnpm/n8n-core@file+packages+core_@opentelemetry+api@1.9.0_@opentelemetry+exporter-trace-otlp_9f358c3eeaef0d2736f54ac9757ada43/node_modules/n8n-core/src/execution-engine/workflow-execute.ts:1222:11)\\n    at /usr/local/lib/node_modules/n8n/node_modules/.pnpm/n8n-core@file+packages+core_@opentelemetry+api@1.9.0_@opentelemetry+exporter-trace-otlp_9f358c3eeaef0d2736f54ac9757ada43/node_modules/n8n-core/src/execution-engine/workflow-execute.ts:1659:27\\n    at /usr/local/lib/node_modules/n8n/node_modules/.pnpm/n8n-core@file+packages+core_@opentelemetry+api@1.9.0_@opentelemetry+exporter-trace-otlp_9f358c3eeaef0d2736f54ac9757ada43/node_modules/n8n-core/src/execution-engine/workflow-execute.ts:2302:11",["28"],["29"],{"response":"30"},{"node":"31","data":"32","source":"33"},"manual",{"name":"9","type":"34"},{"startTime":1773421074256,"executionIndex":0,"source":"35","hints":"36","executionTime":7,"executionStatus":"37","data":"38"},{"startTime":1773421231490,"executionIndex":1,"source":"39","hints":"40","executionTime":1074,"executionStatus":"18","error":"41"},{"body":"42","headers":"43","statusCode":200,"statusMessage":"44"},{"parameters":"45","type":"34","typeVersion":4.4,"position":"46","id":"47","name":"9"},{"main":"48"},{"main":"39"},"n8n-nodes-base.httpRequest",[],[],"success",{"main":"49"},["50"],[],{"level":"18","tags":"19","message":"20","stack":"21"},{"_events":"51","_readableState":"52","socket":"53","httpVersionMajor":1,"httpVersionMinor":1,"httpVersion":"54","complete":true,"rawHeaders":"55","rawTrailers":"56","aborted":false,"upgrade":false,"url":"44","method":null,"statusCode":200,"statusMessage":"44","client":"53","_consuming":false,"_dumped":false,"req":"57","_eventsCount":3,"responseUrl":"58","redirects":"59","contentType":"60","encoding":"61"},{"vary":"62","x-content-type-options":"63","x-xss-protection":"64","cache-control":"65","pragma":"66","expires":"64","content-type":"60","content-length":"67","date":"68","connection":"69"},"",{"curlImport":"44","method":"70","url":"58","authentication":"71","provideSslCertificates":false,"sendQuery":false,"sendHeaders":false,"sendBody":true,"contentType":"72","specifyBody":"72","jsonBody":"73","options":"74","infoMessage":"44"},[208,0],"6fa1a99b-ad69-497c-81a4-4b3d200a7069",["75"],["76"],{"previousNode":"17","previousNodeOutput":0,"previousNodeRun":0},{"end":"77"},{"highWaterMark":65536,"buffer":"78","bufferIndex":0,"length":0,"pipes":"79","awaitDrainWriters":null},{"connecting":false,"_hadError":false,"_parent":null,"_host":"80","_closeAfterHandlingError":false,"_events":"81","_readableState":"82","_writableState":"83","allowHalfOpen":false,"_eventsCount":7,"_sockname":null,"_pendingData":null,"_pendingEncoding":"44","server":null,"_server":null,"parser":null,"_httpMessage":"57","timeout":300000},"1.1",["84","85","84","86","84","87","88","63","89","64","90","65","91","66","92","64","93","60","94","67","95","68","96","69"],[],{"_events":"97","_eventsCount":7,"outputData":"98","outputSize":0,"writable":true,"destroyed":false,"_last":true,"chunkedEncoding":false,"shouldKeepAlive":false,"maxRequestsOnConnectionReached":false,"_defaultKeepAlive":true,"useChunkedEncodingByDefault":true,"sendDate":false,"_removedConnection":false,"_removedContLen":false,"_removedTE":false,"strictContentLength":false,"_contentLength":86,"_hasBody":true,"_trailer":"44","finished":true,"_headerSent":true,"_closed":false,"_header":"99","_keepAliveTimeout":0,"agent":"100","method":"70","path":"101","_ended":true,"res":"42","aborted":false,"timeoutCb":null,"upgradeOrConnect":false,"parser":null,"maxHeadersCount":null,"reusedSocket":false,"host":"80","protocol":"102","_redirectable":"103"},"http://java-backend:8080/job-applications/finish-test",[],"application/json","utf-8","Origin, Access-Control-Request-Method, Access-Control-Request-Headers","nosniff","0","no-cache, no-store, max-age=0, must-revalidate","no-cache","14","Fri, 13 Mar 2026 17:00:32 GMT","close","POST","none","json","={\\n  \\"url\\": \\"https://talentos.sintonya.com/form/question-rio-de-teste\\",\\n  \\"cpf\\": \\"12345678901\\"\\n\\n}",{},["104"],["105"],[null,null],[],[],"java-backend",{"close":"106","timeout":"107"},{"highWaterMark":65536,"buffer":"108","bufferIndex":0,"length":0,"pipes":"109","awaitDrainWriters":null},{"highWaterMark":65536,"length":0,"corked":0,"writelen":0,"bufferedIndex":0,"pendingcb":1},"Vary","Origin","Access-Control-Request-Method","Access-Control-Request-Headers","X-Content-Type-Options","X-XSS-Protection","Cache-Control","Pragma","Expires","Content-Type","Content-Length","Date","Connection",{},[],"POST /job-applications/finish-test HTTP/1.1\\r\\nAccept: application/json,text/html,application/xhtml+xml,application/xml,text/*;q=0.9, image/*;q=0.8, */*;q=0.7\\r\\nContent-Type: application/json\\r\\nUser-Agent: axios/1.13.5\\r\\nContent-Length: 86\\r\\nAccept-Encoding: gzip, compress, deflate, br\\r\\nHost: java-backend:8080\\r\\nConnection: close\\r\\n\\r\\n",{"_events":"110","_eventsCount":2,"options":"111","defaultPort":80,"protocol":"102","requests":"112","sockets":"113","freeSockets":"114","keepAliveMsecs":1000,"keepAlive":false,"maxSockets":null,"maxFreeSockets":256,"scheduling":"115","maxTotalSockets":null,"totalSocketCount":1,"agentKeepAliveTimeoutBuffer":1000},"/job-applications/finish-test","http:",{"_events":"116","_writableState":"117","_options":"118","_ended":true,"_ending":true,"_redirectCount":0,"_redirects":"59","_requestBodyLength":86,"_requestBodyBuffers":"119","_eventsCount":3,"_currentRequest":"57","_currentUrl":"58","_timeout":null},{"json":"120","pairedItem":"121"},{"json":"120","pairedItem":"122"},[null,null],[null,null],[],[],{},{"servername":"80","noDelay":true,"path":null},{},{"java-backend:8080:":"123"},{},"lifo",{"socket":"124"},{"highWaterMark":65536,"length":0,"corked":0,"writelen":0,"bufferedIndex":0,"pendingcb":0},{"maxRedirects":21,"maxBodyLength":null,"protocol":"102","path":"101","method":"70","headers":"125","agents":"126","beforeRedirects":"127","hostname":"80","port":"128","agent":"100","nativeProtocols":"129","pathname":"101"},[],{},{"item":0},{"item":0},["53"],[null,null],{"Accept":"130","Content-Type":"60","User-Agent":"131","Content-Length":"132","Accept-Encoding":"133"},{"http":"100","https":"134"},{},"8080",{"http:":"135","https:":"136"},"application/json,text/html,application/xhtml+xml,application/xml,text/*;q=0.9, image/*;q=0.8, */*;q=0.7","axios/1.13.5","86","gzip, compress, deflate, br",{"_events":"137","_eventsCount":2,"options":"138","defaultPort":443,"protocol":"139","requests":"140","sockets":"141","freeSockets":"142","keepAliveMsecs":1000,"keepAlive":false,"maxSockets":null,"maxFreeSockets":256,"scheduling":"115","maxTotalSockets":null,"totalSocketCount":0,"agentKeepAliveTimeoutBuffer":1000,"maxCachedSessions":100,"_sessionCache":"143"},{"METHODS":"144","STATUS_CODES":"145","maxHeaderSize":16384,"globalAgent":"146"},{"globalAgent":"147"},{},{"servername":"80","defaultPort":443,"protocol":"139","noDelay":true,"path":null},"https:",{},{},{},{"map":"148","list":"149"},["150","151","152","153","154","155","156","157","158","159","160","161","162","163","164","165","166","167","168","70","169","170","171","172","173","174","175","176","177","178","179","180","181","182","183"],{"100":"184","101":"185","102":"186","103":"187","200":"188","201":"189","202":"190","203":"191","204":"192","205":"193","206":"194","207":"195","208":"196","226":"197","300":"198","301":"199","302":"200","303":"201","304":"202","305":"203","307":"204","308":"205","400":"206","401":"207","402":"208","403":"209","404":"210","405":"211","406":"212","407":"213","408":"214","409":"215","410":"216","411":"217","412":"218","413":"219","414":"220","415":"221","416":"222","417":"223","418":"224","421":"225","422":"226","423":"227","424":"228","425":"229","426":"230","428":"231","429":"232","431":"233","451":"234","500":"235","501":"236","502":"237","503":"238","504":"239","505":"240","506":"241","507":"242","508":"243","509":"244","510":"245","511":"246"},{"_events":"247","_eventsCount":2,"options":"248","defaultPort":80,"protocol":"102","requests":"249","sockets":"250","freeSockets":"251","keepAliveMsecs":1000,"keepAlive":true,"maxSockets":null,"maxFreeSockets":256,"scheduling":"115","maxTotalSockets":null,"totalSocketCount":0,"agentKeepAliveTimeoutBuffer":1000},{"_events":"252","_eventsCount":2,"options":"253","defaultPort":443,"protocol":"139","requests":"254","sockets":"255","freeSockets":"256","keepAliveMsecs":1000,"keepAlive":true,"maxSockets":null,"maxFreeSockets":256,"scheduling":"115","maxTotalSockets":null,"totalSocketCount":0,"agentKeepAliveTimeoutBuffer":1000,"maxCachedSessions":100,"_sessionCache":"257"},{},[],"ACL","BIND","CHECKOUT","CONNECT","COPY","DELETE","GET","HEAD","LINK","LOCK","M-SEARCH","MERGE","MKACTIVITY","MKCALENDAR","MKCOL","MOVE","NOTIFY","OPTIONS","PATCH","PROPFIND","PROPPATCH","PURGE","PUT","QUERY","REBIND","REPORT","SEARCH","SOURCE","SUBSCRIBE","TRACE","UNBIND","UNLINK","UNLOCK","UNSUBSCRIBE","Continue","Switching Protocols","Processing","Early Hints","OK","Created","Accepted","Non-Authoritative Information","No Content","Reset Content","Partial Content","Multi-Status","Already Reported","IM Used","Multiple Choices","Moved Permanently","Found","See Other","Not Modified","Use Proxy","Temporary Redirect","Permanent Redirect","Bad Request","Unauthorized","Payment Required","Forbidden","Not Found","Method Not Allowed","Not Acceptable","Proxy Authentication Required","Request Timeout","Conflict","Gone","Length Required","Precondition Failed","Payload Too Large","URI Too Long","Unsupported Media Type","Range Not Satisfiable","Expectation Failed","I'm a Teapot","Misdirected Request","Unprocessable Entity","Locked","Failed Dependency","Too Early","Upgrade Required","Precondition Required","Too Many Requests","Request Header Fields Too Large","Unavailable For Legal Reasons","Internal Server Error","Not Implemented","Bad Gateway","Service Unavailable","Gateway Timeout","HTTP Version Not Supported","Variant Also Negotiates","Insufficient Storage","Loop Detected","Bandwidth Limit Exceeded","Not Extended","Network Authentication Required",{},{"keepAlive":true,"scheduling":"115","timeout":5000,"noDelay":true,"path":null},{},{},{},{},{"keepAlive":true,"scheduling":"115","timeout":5000,"defaultPort":443,"protocol":"139","noDelay":true,"path":null},{},{},{},{"map":"258","list":"259"},{"telemetry.n8n.io:443:::::::::::::::::::::":"260"},["261"],{"type":"262","data":"263"},"telemetry.n8n.io:443:::::::::::::::::::::","Buffer",[48,130,4,226,2,1,1,2,2,3,4,4,2,19,2,4,32,24,95,242,117,109,108,110,10,52,113,49,4,194,42,120,6,198,158,95,105,154,59,7,110,212,122,252,201,10,178,69,130,4,48,250,97,215,106,206,133,16,17,169,142,139,95,253,200,1,210,18,34,220,14,16,17,121,70,72,1,94,20,111,90,120,146,210,181,204,134,86,122,30,223,227,117,126,200,54,175,2,139,161,6,2,4,105,180,66,29,162,4,2,2,28,32,163,130,3,125,48,130,3,121,48,130,2,255,160,3,2,1,2,2,18,6,190,26,247,188,82,61,95,208,128,140,176,184,87,215,186,102,57,48,10,6,8,42,134,72,206,61,4,3,3,48,50,49,11,48,9,6,3,85,4,6,19,2,85,83,49,22,48,20,6,3,85,4,10,19,13,76,101,116,39,115,32,69,110,99,114,121,112,116,49,11,48,9,6,3,85,4,3,19,2,69,55,48,30,23,13,50,54,48,51,48,49,50,51,52,52,52,50,90,23,13,50,54,48,53,51,48,50,51,52,52,52,49,90,48,17,49,15,48,13,6,3,85,4,3,19,6,110,56,110,46,105,111,48,89,48,19,6,7,42,134,72,206,61,2,1,6,8,42,134,72,206,61,3,1,7,3,66,0,4,239,89,42,184,106,76,119,249,226,17,223,231,118,213,9,222,154,159,164,59,17,5,35,56,120,40,156,223,10,87,51,187,241,199,79,62,253,169,126,230,184,12,25,63,233,69,129,106,145,67,180,123,213,75,229,109,115,97,88,233,212,117,125,30,163,130,2,20,48,130,2,16,48,14,6,3,85,29,15,1,1,255,4,4,3,2,7,128,48,19,6,3,85,29,37,4,12,48,10,6,8,43,6,1,5,5,7,3,1,48,12,6,3,85,29,19,1,1,255,4,2,48,0,48,29,6,3,85,29,14,4,22,4,20,130,148,94,53,49,178,156,83,51,92,176,173,46,140,145,196,139,82,108,69,48,31,6,3,85,29,35,4,24,48,22,128,20,174,72,158,220,135,29,68,160,111,218,162,229,96,116,4,120,194,156,0,128,48,50,6,8,43,6,1,5,5,7,1,1,4,38,48,36,48,34,6,8,43,6,1,5,5,7,48,2,134,22,104,116,116,112,58,47,47,101,55,46,105,46,108,101,110,99,114,46,111,114,103,47,48,27,6,3,85,29,17,4,20,48,18,130,8,42,46,110,56,110,46,105,111,130,6,110,56,110,46,105,111,48,19,6,3,85,29,32,4,12,48,10,48,8,6,6,103,129,12,1,2,1,48,45,6,3,85,29,31,4,38,48,36,48,34,160,32,160,30,134,28,104,116,116,112,58,47,47,101,55,46,99,46,108,101,110,99,114,46,111,114,103,47,53,56,46,99,114,108,48,130,1,4,6,10,43,6,1,4,1,214,121,2,4,2,4,129,245,4,129,242,0,240,0,117,0,150,151,100,191,85,88,151,173,247,67,135,104,55,8,66,119,233,240,58,213,246,164,243,54,110,70,164,63,15,202,169,198,0,0,1,156,171,255,197,222,0,0,4,3,0,70,48,68,2,32,107,125,249,84,71,121,192,69,159,174,174,217,189,117,185,59,30,218,60,14,134,16,78,222,203,224,14,26,201,204,5,72,2,32,71,192,81,215,207,39,41,134,238,82,11,244,78,15,46,29,99,30,5,67,242,66,29,167,192,12,2,106,90,145,199,32,0,119,0,73,156,155,105,222,29,124,236,252,54,222,205,135,100,166,184,91,175,10,135,128,25,209,85,82,251,233,235,41,221,248,195,0,0,1,156,171,255,205,109,0,0,4,3,0,72,48,70,2,33,0,175,168,214,196,213,17,65,182,232,111,169,51,82,77,158,212,100,154,236,39,34,68,165,249,62,209,33,153,61,213,255,188,2,33,0,158,175,244,33,240,143,0,176,127,45,83,176,132,47,104,237,243,132,26,99,64,165,37,8,150,69,89,233,239,192,98,77,48,10,6,8,42,134,72,206,61,4,3,3,3,104,0,48,101,2,48,123,37,123,177,167,172,34,216,133,252,108,175,26,155,15,224,124,7,96,236,19,125,185,194,222,191,8,47,72,125,214,113,182,250,145,53,207,219,20,123,13,175,3,133,155,198,237,252,2,49,0,175,150,54,21,173,39,186,121,146,253,2,114,38,214,41,183,90,255,208,32,79,197,77,17,152,105,119,55,125,83,228,183,167,33,163,254,219,240,187,74,80,203,16,154,139,71,35,176,164,2,4,0,166,18,4,16,116,101,108,101,109,101,116,114,121,46,110,56,110,46,105,111,169,5,2,3,0,253,32,170,129,195,4,129,192,122,111,49,175,71,83,182,173,94,79,243,215,64,240,212,36,222,209,119,146,244,104,194,182,49,153,19,29,80,75,40,93,245,155,163,240,150,93,210,125,110,122,236,237,157,18,165,17,2,219,174,148,212,56,224,120,51,51,254,117,163,5,234,242,205,169,181,204,223,24,53,158,90,2,253,83,75,233,104,61,46,217,23,167,24,42,233,12,241,162,228,202,175,219,202,252,168,83,187,139,235,55,157,78,193,9,169,15,103,32,54,76,183,21,248,96,5,225,255,249,203,161,42,13,182,72,134,185,169,70,19,17,166,111,167,162,72,68,21,68,254,170,39,188,177,171,129,15,190,35,9,227,28,54,34,182,61,78,19,6,143,241,175,24,165,234,17,21,31,103,13,42,98,255,246,95,44,95,32,217,45,246,100,132,10,22,175,93,201,137,88,194,174,7,2,5,0,213,14,9,184,179,4,2,2,17,236]]	32cd1022-7da4-484f-90a3-2e739f28a882
3	{"id":"gQNU19rilh6uxqFw","name":"My workflow","active":false,"activeVersionId":null,"nodes":[{"parameters":{"notice":""},"type":"n8n-nodes-base.manualTrigger","typeVersion":1,"position":[0,0],"id":"e8cab224-516e-4c36-9fb4-1b81fa951abd","name":"When clicking ‘Execute workflow’"},{"parameters":{"curlImport":"","method":"POST","url":"http://java-backend:8080/job-applications/finish-test","authentication":"none","provideSslCertificates":false,"sendQuery":false,"sendHeaders":false,"sendBody":true,"contentType":"json","specifyBody":"json","jsonBody":"={\\n  \\"url\\": \\"https://talentos.sintonya.com/form/question-rio-de-teste\\",\\n  \\"cpf\\": \\"12345678901\\"\\n\\n}","options":{},"infoMessage":""},"type":"n8n-nodes-base.httpRequest","typeVersion":4.4,"position":[208,0],"id":"6fa1a99b-ad69-497c-81a4-4b3d200a7069","name":"HTTP Request"}],"connections":{"When clicking ‘Execute workflow’":{"main":[[{"node":"HTTP Request","type":"main","index":0}]]}},"settings":{"executionOrder":"v1","binaryMode":"separate","availableInMCP":false},"pinData":{}}	[{"version":1,"startData":"1","resultData":"2","executionData":"3"},{"destinationNode":"4","runNodeFilter":"5"},{"runData":"6","pinData":"7","lastNodeExecuted":"8"},{"contextData":"9","nodeExecutionStack":"10","metadata":"11","waitingExecution":"12","waitingExecutionSource":"13","runtimeData":"14"},{"nodeName":"8","mode":"15"},["16","8"],{"When clicking ‘Execute workflow’":"17","HTTP Request":"18"},{},"HTTP Request",{"node:HTTP Request":"19"},[],{},{},{},{"version":1,"establishedAt":1773421386617,"source":"20","triggerNode":"21"},"inclusive","When clicking ‘Execute workflow’",["22"],["23"],{"response":"24"},"manual",{"name":"8","type":"25"},{"startTime":1773421074256,"executionIndex":0,"source":"26","hints":"27","executionTime":7,"executionStatus":"28","data":"29"},{"startTime":1773421386618,"executionIndex":1,"source":"30","hints":"31","executionTime":393,"executionStatus":"28","data":"32"},{"body":"33"},"n8n-nodes-base.httpRequest",[],[],"success",{"main":"34"},["35"],[],{"main":"36"},{"fullName":"37"},["38"],{"previousNode":"16","previousNodeOutput":0,"previousNodeRun":0},["39"],"Adrian Moreira",["40"],["41"],{"json":"42","pairedItem":"43"},{"json":"33","pairedItem":"44"},{},{"item":0},{"item":0}]	32cd1022-7da4-484f-90a3-2e739f28a882
4	{"id":"gQNU19rilh6uxqFw","name":"My workflow","active":false,"activeVersionId":null,"nodes":[{"parameters":{"notice":""},"type":"n8n-nodes-base.manualTrigger","typeVersion":1,"position":[0,0],"id":"e8cab224-516e-4c36-9fb4-1b81fa951abd","name":"When clicking ‘Execute workflow’"},{"parameters":{"curlImport":"","method":"POST","url":"http://java-backend:8080/job-applications/finish-test","authentication":"none","provideSslCertificates":false,"sendQuery":false,"sendHeaders":false,"sendBody":true,"contentType":"json","specifyBody":"json","jsonBody":"={\\n  \\"url\\": \\"https://talentos.sintonya.com/form/question-rio-de-teste\\",\\n  \\"cpf\\": \\"12345678901\\",\\n  \\"score\\": 20\\n\\n}","options":{},"infoMessage":""},"type":"n8n-nodes-base.httpRequest","typeVersion":4.4,"position":[208,0],"id":"6fa1a99b-ad69-497c-81a4-4b3d200a7069","name":"HTTP Request"}],"connections":{"When clicking ‘Execute workflow’":{"main":[[{"node":"HTTP Request","type":"main","index":0}]]}},"settings":{"executionOrder":"v1","binaryMode":"separate","availableInMCP":false},"pinData":{}}	[{"version":1,"startData":"1","resultData":"2","executionData":"3"},{"destinationNode":"4","runNodeFilter":"5"},{"error":"6","runData":"7","pinData":"8","lastNodeExecuted":"9"},{"contextData":"10","nodeExecutionStack":"11","metadata":"12","waitingExecution":"13","waitingExecutionSource":"14","runtimeData":"15"},{"nodeName":"9","mode":"16"},["17","9"],{"level":"18","tags":"19","description":"20","timestamp":1773424979513,"context":"21","functionality":"22","name":"23","node":"24","messages":"25","httpCode":"26","message":"27","stack":"28"},{"When clicking ‘Execute workflow’":"29","HTTP Request":"30"},{},"HTTP Request",{},["31"],{},{},{},{"version":1,"establishedAt":1773424979092,"source":"32","triggerNode":"33"},"inclusive","When clicking ‘Execute workflow’","warning",{},"<html><body><h1>Whitelabel Error Page</h1><p>This application has no explicit mapping for /error, so you are seeing this as a fallback.</p><div id='created'>Fri Mar 13 18:02:59 UTC 2026</div><div>There was an unexpected error (type=Internal Server Error, status=500).</div></body></html>",{"itemIndex":0,"request":"34"},"regular","NodeApiError",{"parameters":"35","type":"36","typeVersion":4.4,"position":"37","id":"38","name":"9"},["39"],"500","The service was not able to process your request","NodeApiError: The service was not able to process your request\\n    at ExecuteContext.execute (/usr/local/lib/node_modules/n8n/node_modules/.pnpm/n8n-nodes-base@file+packages+nodes-base_@aws-sdk+credential-providers@3.808.0_asn1.js@5_8da18263ca0574b0db58d4fefd8173ce/node_modules/n8n-nodes-base/nodes/HttpRequest/V3/HttpRequestV3.node.ts:864:16)\\n    at processTicksAndRejections (node:internal/process/task_queues:103:5)\\n    at WorkflowExecute.executeNode (/usr/local/lib/node_modules/n8n/node_modules/.pnpm/n8n-core@file+packages+core_@opentelemetry+api@1.9.0_@opentelemetry+exporter-trace-otlp_9f358c3eeaef0d2736f54ac9757ada43/node_modules/n8n-core/src/execution-engine/workflow-execute.ts:1043:8)\\n    at WorkflowExecute.runNode (/usr/local/lib/node_modules/n8n/node_modules/.pnpm/n8n-core@file+packages+core_@opentelemetry+api@1.9.0_@opentelemetry+exporter-trace-otlp_9f358c3eeaef0d2736f54ac9757ada43/node_modules/n8n-core/src/execution-engine/workflow-execute.ts:1222:11)\\n    at /usr/local/lib/node_modules/n8n/node_modules/.pnpm/n8n-core@file+packages+core_@opentelemetry+api@1.9.0_@opentelemetry+exporter-trace-otlp_9f358c3eeaef0d2736f54ac9757ada43/node_modules/n8n-core/src/execution-engine/workflow-execute.ts:1659:27\\n    at /usr/local/lib/node_modules/n8n/node_modules/.pnpm/n8n-core@file+packages+core_@opentelemetry+api@1.9.0_@opentelemetry+exporter-trace-otlp_9f358c3eeaef0d2736f54ac9757ada43/node_modules/n8n-core/src/execution-engine/workflow-execute.ts:2302:11",["40"],["41"],{"node":"42","data":"43","source":"44"},"manual",{"name":"9","type":"36"},{"body":"45","headers":"46","method":"47","uri":"48","gzip":true,"rejectUnauthorized":true,"followRedirect":true,"resolveWithFullResponse":true,"sendCredentialsOnCrossOriginRedirect":false,"followAllRedirects":true,"timeout":300000,"encoding":null,"json":false,"useStream":true},{"curlImport":"49","method":"47","url":"48","authentication":"50","provideSslCertificates":false,"sendQuery":false,"sendHeaders":false,"sendBody":true,"contentType":"51","specifyBody":"51","jsonBody":"52","options":"53","infoMessage":"49"},"n8n-nodes-base.httpRequest",[208,0],"6fa1a99b-ad69-497c-81a4-4b3d200a7069","500 - \\"<html><body><h1>Whitelabel Error Page</h1><p>This application has no explicit mapping for /error, so you are seeing this as a fallback.</p><div id='created'>Fri Mar 13 18:02:59 UTC 2026</div><div>There was an unexpected error (type=Internal Server Error, status=500).</div></body></html>\\"",{"startTime":1773421074256,"executionIndex":0,"source":"54","hints":"55","executionTime":7,"executionStatus":"56","data":"57"},{"startTime":1773424979094,"executionIndex":1,"source":"58","hints":"59","executionTime":437,"executionStatus":"60","error":"61"},{"parameters":"62","type":"36","typeVersion":4.4,"position":"63","id":"38","name":"9"},{"main":"64"},{"main":"58"},{"url":"65","cpf":"66","score":20},{"accept":"67"},"POST","http://java-backend:8080/job-applications/finish-test","","none","json","={\\n  \\"url\\": \\"https://talentos.sintonya.com/form/question-rio-de-teste\\",\\n  \\"cpf\\": \\"12345678901\\",\\n  \\"score\\": 20\\n\\n}",{},[],[],"success",{"main":"68"},["69"],[],"error",{"level":"18","tags":"19","description":"20","timestamp":1773424979513,"context":"21","functionality":"22","name":"23","node":"24","messages":"25","httpCode":"26","message":"27","stack":"28"},{"curlImport":"49","method":"47","url":"48","authentication":"50","provideSslCertificates":false,"sendQuery":false,"sendHeaders":false,"sendBody":true,"contentType":"51","specifyBody":"51","jsonBody":"52","options":"70","infoMessage":"49"},[208,0],["71"],"https://talentos.sintonya.com/form/question-rio-de-teste","12345678901","application/json,text/html,application/xhtml+xml,application/xml,text/*;q=0.9, image/*;q=0.8, */*;q=0.7",["72"],{"previousNode":"17","previousNodeOutput":0,"previousNodeRun":0},{},["73"],["74"],{"json":"75","pairedItem":"76"},{"json":"75","pairedItem":"77"},{},{"item":0},{"item":0}]	dc3550f5-6867-4674-ab0d-8ecf8b190bbf
9	{"id":"gQNU19rilh6uxqFw","name":"My workflow","active":false,"activeVersionId":null,"nodes":[{"parameters":{"notice":""},"type":"n8n-nodes-base.manualTrigger","typeVersion":1,"position":[0,0],"id":"e8cab224-516e-4c36-9fb4-1b81fa951abd","name":"When clicking ‘Execute workflow’"},{"parameters":{"curlImport":"","method":"POST","url":"http://java-backend:8080/job-applications/finish-test","authentication":"none","provideSslCertificates":false,"sendQuery":false,"sendHeaders":false,"sendBody":true,"contentType":"json","specifyBody":"json","jsonBody":"={\\n  \\"url\\": \\"https://talentos.sintonya.com/form/question-rio-de-teste\\",\\n  \\"cpf\\": \\"12345678901\\",\\n  \\"score\\": 20\\n\\n}","options":{},"infoMessage":""},"type":"n8n-nodes-base.httpRequest","typeVersion":4.4,"position":[208,0],"id":"6fa1a99b-ad69-497c-81a4-4b3d200a7069","name":"HTTP Request"}],"connections":{"When clicking ‘Execute workflow’":{"main":[[{"node":"HTTP Request","type":"main","index":0}]]}},"settings":{"executionOrder":"v1","binaryMode":"separate","availableInMCP":false},"pinData":{}}	[{"version":1,"startData":"1","resultData":"2","executionData":"3"},{"destinationNode":"4","runNodeFilter":"5"},{"error":"6","runData":"7","pinData":"8","lastNodeExecuted":"9"},{"contextData":"10","nodeExecutionStack":"11","metadata":"12","waitingExecution":"13","waitingExecutionSource":"14","runtimeData":"15"},{"nodeName":"9","mode":"16"},["17","9"],{"level":"18","tags":"19","description":"20","timestamp":1773425365049,"context":"21","functionality":"22","name":"23","node":"24","messages":"25","httpCode":"26","message":"27","stack":"28"},{"When clicking ‘Execute workflow’":"29","HTTP Request":"30"},{},"HTTP Request",{},["31"],{},{},{},{"version":1,"establishedAt":1773425364991,"source":"32","triggerNode":"33"},"inclusive","When clicking ‘Execute workflow’","warning",{},"<html><body><h1>Whitelabel Error Page</h1><p>This application has no explicit mapping for /error, so you are seeing this as a fallback.</p><div id='created'>Fri Mar 13 18:09:25 UTC 2026</div><div>There was an unexpected error (type=Internal Server Error, status=500).</div></body></html>",{"itemIndex":0,"request":"34"},"regular","NodeApiError",{"parameters":"35","type":"36","typeVersion":4.4,"position":"37","id":"38","name":"9"},["39"],"500","The service was not able to process your request","NodeApiError: The service was not able to process your request\\n    at ExecuteContext.execute (/usr/local/lib/node_modules/n8n/node_modules/.pnpm/n8n-nodes-base@file+packages+nodes-base_@aws-sdk+credential-providers@3.808.0_asn1.js@5_8da18263ca0574b0db58d4fefd8173ce/node_modules/n8n-nodes-base/nodes/HttpRequest/V3/HttpRequestV3.node.ts:864:16)\\n    at processTicksAndRejections (node:internal/process/task_queues:103:5)\\n    at WorkflowExecute.executeNode (/usr/local/lib/node_modules/n8n/node_modules/.pnpm/n8n-core@file+packages+core_@opentelemetry+api@1.9.0_@opentelemetry+exporter-trace-otlp_9f358c3eeaef0d2736f54ac9757ada43/node_modules/n8n-core/src/execution-engine/workflow-execute.ts:1043:8)\\n    at WorkflowExecute.runNode (/usr/local/lib/node_modules/n8n/node_modules/.pnpm/n8n-core@file+packages+core_@opentelemetry+api@1.9.0_@opentelemetry+exporter-trace-otlp_9f358c3eeaef0d2736f54ac9757ada43/node_modules/n8n-core/src/execution-engine/workflow-execute.ts:1222:11)\\n    at /usr/local/lib/node_modules/n8n/node_modules/.pnpm/n8n-core@file+packages+core_@opentelemetry+api@1.9.0_@opentelemetry+exporter-trace-otlp_9f358c3eeaef0d2736f54ac9757ada43/node_modules/n8n-core/src/execution-engine/workflow-execute.ts:1659:27\\n    at /usr/local/lib/node_modules/n8n/node_modules/.pnpm/n8n-core@file+packages+core_@opentelemetry+api@1.9.0_@opentelemetry+exporter-trace-otlp_9f358c3eeaef0d2736f54ac9757ada43/node_modules/n8n-core/src/execution-engine/workflow-execute.ts:2302:11",["40"],["41"],{"node":"42","data":"43","source":"44"},"manual",{"name":"9","type":"36"},{"body":"45","headers":"46","method":"47","uri":"48","gzip":true,"rejectUnauthorized":true,"followRedirect":true,"resolveWithFullResponse":true,"sendCredentialsOnCrossOriginRedirect":false,"followAllRedirects":true,"timeout":300000,"encoding":null,"json":false,"useStream":true},{"curlImport":"49","method":"47","url":"48","authentication":"50","provideSslCertificates":false,"sendQuery":false,"sendHeaders":false,"sendBody":true,"contentType":"51","specifyBody":"51","jsonBody":"52","options":"53","infoMessage":"49"},"n8n-nodes-base.httpRequest",[208,0],"6fa1a99b-ad69-497c-81a4-4b3d200a7069","500 - \\"<html><body><h1>Whitelabel Error Page</h1><p>This application has no explicit mapping for /error, so you are seeing this as a fallback.</p><div id='created'>Fri Mar 13 18:09:25 UTC 2026</div><div>There was an unexpected error (type=Internal Server Error, status=500).</div></body></html>\\"",{"startTime":1773421074256,"executionIndex":0,"source":"54","hints":"55","executionTime":7,"executionStatus":"56","data":"57"},{"startTime":1773425364992,"executionIndex":1,"source":"58","hints":"59","executionTime":58,"executionStatus":"60","error":"61"},{"parameters":"62","type":"36","typeVersion":4.4,"position":"63","id":"38","name":"9"},{"main":"64"},{"main":"58"},{"url":"65","cpf":"66","score":20},{"accept":"67"},"POST","http://java-backend:8080/job-applications/finish-test","","none","json","={\\n  \\"url\\": \\"https://talentos.sintonya.com/form/question-rio-de-teste\\",\\n  \\"cpf\\": \\"12345678901\\",\\n  \\"score\\": 20\\n\\n}",{},[],[],"success",{"main":"68"},["69"],[],"error",{"level":"18","tags":"19","description":"20","timestamp":1773425365049,"context":"21","functionality":"22","name":"23","node":"24","messages":"25","httpCode":"26","message":"27","stack":"28"},{"curlImport":"49","method":"47","url":"48","authentication":"50","provideSslCertificates":false,"sendQuery":false,"sendHeaders":false,"sendBody":true,"contentType":"51","specifyBody":"51","jsonBody":"52","options":"70","infoMessage":"49"},[208,0],["71"],"https://talentos.sintonya.com/form/question-rio-de-teste","12345678901","application/json,text/html,application/xhtml+xml,application/xml,text/*;q=0.9, image/*;q=0.8, */*;q=0.7",["72"],{"previousNode":"17","previousNodeOutput":0,"previousNodeRun":0},{},["73"],["74"],{"json":"75","pairedItem":"76"},{"json":"75","pairedItem":"77"},{},{"item":0},{"item":0}]	dc3550f5-6867-4674-ab0d-8ecf8b190bbf
5	{"id":"gQNU19rilh6uxqFw","name":"My workflow","active":false,"activeVersionId":null,"nodes":[{"parameters":{"notice":""},"type":"n8n-nodes-base.manualTrigger","typeVersion":1,"position":[0,0],"id":"e8cab224-516e-4c36-9fb4-1b81fa951abd","name":"When clicking ‘Execute workflow’"},{"parameters":{"curlImport":"","method":"POST","url":"http://java-backend:8080/job-applications/finish-test","authentication":"none","provideSslCertificates":false,"sendQuery":false,"sendHeaders":false,"sendBody":true,"contentType":"json","specifyBody":"json","jsonBody":"={\\n  \\"url\\": \\"https://talentos.sintonya.com/form/question-rio-de-teste\\",\\n  \\"cpf\\": \\"12345678901\\",\\n  \\"score\\": 20\\n\\n}","options":{},"infoMessage":""},"type":"n8n-nodes-base.httpRequest","typeVersion":4.4,"position":[208,0],"id":"6fa1a99b-ad69-497c-81a4-4b3d200a7069","name":"HTTP Request"}],"connections":{"When clicking ‘Execute workflow’":{"main":[[{"node":"HTTP Request","type":"main","index":0}]]}},"settings":{"executionOrder":"v1","binaryMode":"separate","availableInMCP":false},"pinData":{}}	[{"version":1,"startData":"1","resultData":"2","executionData":"3"},{"destinationNode":"4","runNodeFilter":"5"},{"runData":"6","pinData":"7","lastNodeExecuted":"8"},{"contextData":"9","nodeExecutionStack":"10","metadata":"11","waitingExecution":"12","waitingExecutionSource":"13","runtimeData":"14"},{"nodeName":"8","mode":"15"},["16","8"],{"When clicking ‘Execute workflow’":"17","HTTP Request":"18"},{},"HTTP Request",{"node:HTTP Request":"19"},[],{},{},{},{"version":1,"establishedAt":1773425142943,"source":"20","triggerNode":"21"},"inclusive","When clicking ‘Execute workflow’",["22"],["23"],{"response":"24"},"manual",{"name":"8","type":"25"},{"startTime":1773421074256,"executionIndex":0,"source":"26","hints":"27","executionTime":7,"executionStatus":"28","data":"29"},{"startTime":1773425142944,"executionIndex":1,"source":"30","hints":"31","executionTime":411,"executionStatus":"28","data":"32"},{"body":"33"},"n8n-nodes-base.httpRequest",[],[],"success",{"main":"34"},["35"],[],{"main":"36"},{"fullName":"37"},["38"],{"previousNode":"16","previousNodeOutput":0,"previousNodeRun":0},["39"],"Adrian Moreiracom.example.demo.entities.ApplicationStageResult@30d9a9cb",["40"],["41"],{"json":"42","pairedItem":"43"},{"json":"33","pairedItem":"44"},{},{"item":0},{"item":0}]	dc3550f5-6867-4674-ab0d-8ecf8b190bbf
6	{"id":"gQNU19rilh6uxqFw","name":"My workflow","active":false,"activeVersionId":null,"nodes":[{"parameters":{"notice":""},"type":"n8n-nodes-base.manualTrigger","typeVersion":1,"position":[0,0],"id":"e8cab224-516e-4c36-9fb4-1b81fa951abd","name":"When clicking ‘Execute workflow’"},{"parameters":{"curlImport":"","method":"POST","url":"http://java-backend:8080/job-applications/finish-test","authentication":"none","provideSslCertificates":false,"sendQuery":false,"sendHeaders":false,"sendBody":true,"contentType":"json","specifyBody":"json","jsonBody":"={\\n  \\"url\\": \\"https://talentos.sintonya.com/form/question-rio-de-teste\\",\\n  \\"cpf\\": \\"12345678901\\",\\n  \\"score\\": 20\\n\\n}","options":{},"infoMessage":""},"type":"n8n-nodes-base.httpRequest","typeVersion":4.4,"position":[208,0],"id":"6fa1a99b-ad69-497c-81a4-4b3d200a7069","name":"HTTP Request"}],"connections":{"When clicking ‘Execute workflow’":{"main":[[{"node":"HTTP Request","type":"main","index":0}]]}},"settings":{"executionOrder":"v1","binaryMode":"separate","availableInMCP":false},"pinData":{}}	[{"version":1,"startData":"1","resultData":"2","executionData":"3"},{"destinationNode":"4","runNodeFilter":"5"},{"runData":"6","pinData":"7","lastNodeExecuted":"8"},{"contextData":"9","nodeExecutionStack":"10","metadata":"11","waitingExecution":"12","waitingExecutionSource":"13","runtimeData":"14"},{"nodeName":"8","mode":"15"},["16","8"],{"When clicking ‘Execute workflow’":"17","HTTP Request":"18"},{},"HTTP Request",{"node:HTTP Request":"19"},[],{},{},{},{"version":1,"establishedAt":1773425247293,"source":"20","triggerNode":"21"},"inclusive","When clicking ‘Execute workflow’",["22"],["23"],{"response":"24"},"manual",{"name":"8","type":"25"},{"startTime":1773421074256,"executionIndex":0,"source":"26","hints":"27","executionTime":7,"executionStatus":"28","data":"29"},{"startTime":1773425247296,"executionIndex":1,"source":"30","hints":"31","executionTime":388,"executionStatus":"28","data":"32"},{"body":"33"},"n8n-nodes-base.httpRequest",[],[],"success",{"main":"34"},["35"],[],{"main":"36"},{"fullName":"37"},["38"],{"previousNode":"16","previousNodeOutput":0,"previousNodeRun":0},["39"],"Adrian MoreiraApplicationStageResult(id=3, jobApplication=com.example.demo.entities.JobApplication@3d3ebd48, selectionStage=com.example.demo.entities.SelectionStage@1bee696b, stageStatus=NOT_STARTED, score=0.0, locked=false)",["40"],["41"],{"json":"42","pairedItem":"43"},{"json":"33","pairedItem":"44"},{},{"item":0},{"item":0}]	dc3550f5-6867-4674-ab0d-8ecf8b190bbf
7	{"id":"gQNU19rilh6uxqFw","name":"My workflow","active":false,"activeVersionId":null,"nodes":[{"parameters":{"notice":""},"type":"n8n-nodes-base.manualTrigger","typeVersion":1,"position":[0,0],"id":"e8cab224-516e-4c36-9fb4-1b81fa951abd","name":"When clicking ‘Execute workflow’"},{"parameters":{"curlImport":"","method":"POST","url":"http://java-backend:8080/job-applications/finish-test","authentication":"none","provideSslCertificates":false,"sendQuery":false,"sendHeaders":false,"sendBody":true,"contentType":"json","specifyBody":"json","jsonBody":"={\\n  \\"url\\": \\"https://talentos.sintonya.com/form/question-rio-de-teste\\",\\n  \\"cpf\\": \\"12345678901\\",\\n  \\"score\\": 20\\n\\n}","options":{},"infoMessage":""},"type":"n8n-nodes-base.httpRequest","typeVersion":4.4,"position":[208,0],"id":"6fa1a99b-ad69-497c-81a4-4b3d200a7069","name":"HTTP Request"}],"connections":{"When clicking ‘Execute workflow’":{"main":[[{"node":"HTTP Request","type":"main","index":0}]]}},"settings":{"executionOrder":"v1","binaryMode":"separate","availableInMCP":false},"pinData":{}}	[{"version":1,"startData":"1","resultData":"2","executionData":"3"},{"destinationNode":"4","runNodeFilter":"5"},{"error":"6","runData":"7","pinData":"8","lastNodeExecuted":"9"},{"contextData":"10","nodeExecutionStack":"11","metadata":"12","waitingExecution":"13","waitingExecutionSource":"14","runtimeData":"15"},{"nodeName":"9","mode":"16"},["17","9"],{"level":"18","tags":"19","description":"20","timestamp":1773425347977,"context":"21","functionality":"22","name":"23","node":"24","messages":"25","httpCode":"26","message":"27","stack":"28"},{"When clicking ‘Execute workflow’":"29","HTTP Request":"30"},{},"HTTP Request",{},["31"],{},{},{},{"version":1,"establishedAt":1773425347894,"source":"32","triggerNode":"33"},"inclusive","When clicking ‘Execute workflow’","warning",{},"<html><body><h1>Whitelabel Error Page</h1><p>This application has no explicit mapping for /error, so you are seeing this as a fallback.</p><div id='created'>Fri Mar 13 18:09:07 UTC 2026</div><div>There was an unexpected error (type=Internal Server Error, status=500).</div></body></html>",{"itemIndex":0,"request":"34"},"regular","NodeApiError",{"parameters":"35","type":"36","typeVersion":4.4,"position":"37","id":"38","name":"9"},["39"],"500","The service was not able to process your request","NodeApiError: The service was not able to process your request\\n    at ExecuteContext.execute (/usr/local/lib/node_modules/n8n/node_modules/.pnpm/n8n-nodes-base@file+packages+nodes-base_@aws-sdk+credential-providers@3.808.0_asn1.js@5_8da18263ca0574b0db58d4fefd8173ce/node_modules/n8n-nodes-base/nodes/HttpRequest/V3/HttpRequestV3.node.ts:864:16)\\n    at processTicksAndRejections (node:internal/process/task_queues:103:5)\\n    at WorkflowExecute.executeNode (/usr/local/lib/node_modules/n8n/node_modules/.pnpm/n8n-core@file+packages+core_@opentelemetry+api@1.9.0_@opentelemetry+exporter-trace-otlp_9f358c3eeaef0d2736f54ac9757ada43/node_modules/n8n-core/src/execution-engine/workflow-execute.ts:1043:8)\\n    at WorkflowExecute.runNode (/usr/local/lib/node_modules/n8n/node_modules/.pnpm/n8n-core@file+packages+core_@opentelemetry+api@1.9.0_@opentelemetry+exporter-trace-otlp_9f358c3eeaef0d2736f54ac9757ada43/node_modules/n8n-core/src/execution-engine/workflow-execute.ts:1222:11)\\n    at /usr/local/lib/node_modules/n8n/node_modules/.pnpm/n8n-core@file+packages+core_@opentelemetry+api@1.9.0_@opentelemetry+exporter-trace-otlp_9f358c3eeaef0d2736f54ac9757ada43/node_modules/n8n-core/src/execution-engine/workflow-execute.ts:1659:27\\n    at /usr/local/lib/node_modules/n8n/node_modules/.pnpm/n8n-core@file+packages+core_@opentelemetry+api@1.9.0_@opentelemetry+exporter-trace-otlp_9f358c3eeaef0d2736f54ac9757ada43/node_modules/n8n-core/src/execution-engine/workflow-execute.ts:2302:11",["40"],["41"],{"node":"42","data":"43","source":"44"},"manual",{"name":"9","type":"36"},{"body":"45","headers":"46","method":"47","uri":"48","gzip":true,"rejectUnauthorized":true,"followRedirect":true,"resolveWithFullResponse":true,"sendCredentialsOnCrossOriginRedirect":false,"followAllRedirects":true,"timeout":300000,"encoding":null,"json":false,"useStream":true},{"curlImport":"49","method":"47","url":"48","authentication":"50","provideSslCertificates":false,"sendQuery":false,"sendHeaders":false,"sendBody":true,"contentType":"51","specifyBody":"51","jsonBody":"52","options":"53","infoMessage":"49"},"n8n-nodes-base.httpRequest",[208,0],"6fa1a99b-ad69-497c-81a4-4b3d200a7069","500 - \\"<html><body><h1>Whitelabel Error Page</h1><p>This application has no explicit mapping for /error, so you are seeing this as a fallback.</p><div id='created'>Fri Mar 13 18:09:07 UTC 2026</div><div>There was an unexpected error (type=Internal Server Error, status=500).</div></body></html>\\"",{"startTime":1773421074256,"executionIndex":0,"source":"54","hints":"55","executionTime":7,"executionStatus":"56","data":"57"},{"startTime":1773425347894,"executionIndex":1,"source":"58","hints":"59","executionTime":84,"executionStatus":"60","error":"61"},{"parameters":"62","type":"36","typeVersion":4.4,"position":"63","id":"38","name":"9"},{"main":"64"},{"main":"58"},{"url":"65","cpf":"66","score":20},{"accept":"67"},"POST","http://java-backend:8080/job-applications/finish-test","","none","json","={\\n  \\"url\\": \\"https://talentos.sintonya.com/form/question-rio-de-teste\\",\\n  \\"cpf\\": \\"12345678901\\",\\n  \\"score\\": 20\\n\\n}",{},[],[],"success",{"main":"68"},["69"],[],"error",{"level":"18","tags":"19","description":"20","timestamp":1773425347977,"context":"21","functionality":"22","name":"23","node":"24","messages":"25","httpCode":"26","message":"27","stack":"28"},{"curlImport":"49","method":"47","url":"48","authentication":"50","provideSslCertificates":false,"sendQuery":false,"sendHeaders":false,"sendBody":true,"contentType":"51","specifyBody":"51","jsonBody":"52","options":"70","infoMessage":"49"},[208,0],["71"],"https://talentos.sintonya.com/form/question-rio-de-teste","12345678901","application/json,text/html,application/xhtml+xml,application/xml,text/*;q=0.9, image/*;q=0.8, */*;q=0.7",["72"],{"previousNode":"17","previousNodeOutput":0,"previousNodeRun":0},{},["73"],["74"],{"json":"75","pairedItem":"76"},{"json":"75","pairedItem":"77"},{},{"item":0},{"item":0}]	dc3550f5-6867-4674-ab0d-8ecf8b190bbf
8	{"id":"gQNU19rilh6uxqFw","name":"My workflow","active":false,"activeVersionId":null,"nodes":[{"parameters":{"notice":""},"type":"n8n-nodes-base.manualTrigger","typeVersion":1,"position":[0,0],"id":"e8cab224-516e-4c36-9fb4-1b81fa951abd","name":"When clicking ‘Execute workflow’"},{"parameters":{"curlImport":"","method":"POST","url":"http://java-backend:8080/job-applications/finish-test","authentication":"none","provideSslCertificates":false,"sendQuery":false,"sendHeaders":false,"sendBody":true,"contentType":"json","specifyBody":"json","jsonBody":"={\\n  \\"url\\": \\"https://talentos.sintonya.com/form/question-rio-de-teste\\",\\n  \\"cpf\\": \\"12345678901\\",\\n  \\"score\\": 20\\n\\n}","options":{},"infoMessage":""},"type":"n8n-nodes-base.httpRequest","typeVersion":4.4,"position":[208,0],"id":"6fa1a99b-ad69-497c-81a4-4b3d200a7069","name":"HTTP Request"}],"connections":{"When clicking ‘Execute workflow’":{"main":[[{"node":"HTTP Request","type":"main","index":0}]]}},"settings":{"executionOrder":"v1","binaryMode":"separate","availableInMCP":false},"pinData":{}}	[{"version":1,"startData":"1","resultData":"2","executionData":"3"},{"destinationNode":"4","runNodeFilter":"5"},{"error":"6","runData":"7","pinData":"8","lastNodeExecuted":"9"},{"contextData":"10","nodeExecutionStack":"11","metadata":"12","waitingExecution":"13","waitingExecutionSource":"14","runtimeData":"15"},{"nodeName":"9","mode":"16"},["17","9"],{"level":"18","tags":"19","description":"20","timestamp":1773425356710,"context":"21","functionality":"22","name":"23","node":"24","messages":"25","httpCode":"26","message":"27","stack":"28"},{"When clicking ‘Execute workflow’":"29","HTTP Request":"30"},{},"HTTP Request",{},["31"],{},{},{},{"version":1,"establishedAt":1773425356663,"source":"32","triggerNode":"33"},"inclusive","When clicking ‘Execute workflow’","warning",{},"<html><body><h1>Whitelabel Error Page</h1><p>This application has no explicit mapping for /error, so you are seeing this as a fallback.</p><div id='created'>Fri Mar 13 18:09:16 UTC 2026</div><div>There was an unexpected error (type=Internal Server Error, status=500).</div></body></html>",{"itemIndex":0,"request":"34"},"regular","NodeApiError",{"parameters":"35","type":"36","typeVersion":4.4,"position":"37","id":"38","name":"9"},["39"],"500","The service was not able to process your request","NodeApiError: The service was not able to process your request\\n    at ExecuteContext.execute (/usr/local/lib/node_modules/n8n/node_modules/.pnpm/n8n-nodes-base@file+packages+nodes-base_@aws-sdk+credential-providers@3.808.0_asn1.js@5_8da18263ca0574b0db58d4fefd8173ce/node_modules/n8n-nodes-base/nodes/HttpRequest/V3/HttpRequestV3.node.ts:864:16)\\n    at processTicksAndRejections (node:internal/process/task_queues:103:5)\\n    at WorkflowExecute.executeNode (/usr/local/lib/node_modules/n8n/node_modules/.pnpm/n8n-core@file+packages+core_@opentelemetry+api@1.9.0_@opentelemetry+exporter-trace-otlp_9f358c3eeaef0d2736f54ac9757ada43/node_modules/n8n-core/src/execution-engine/workflow-execute.ts:1043:8)\\n    at WorkflowExecute.runNode (/usr/local/lib/node_modules/n8n/node_modules/.pnpm/n8n-core@file+packages+core_@opentelemetry+api@1.9.0_@opentelemetry+exporter-trace-otlp_9f358c3eeaef0d2736f54ac9757ada43/node_modules/n8n-core/src/execution-engine/workflow-execute.ts:1222:11)\\n    at /usr/local/lib/node_modules/n8n/node_modules/.pnpm/n8n-core@file+packages+core_@opentelemetry+api@1.9.0_@opentelemetry+exporter-trace-otlp_9f358c3eeaef0d2736f54ac9757ada43/node_modules/n8n-core/src/execution-engine/workflow-execute.ts:1659:27\\n    at /usr/local/lib/node_modules/n8n/node_modules/.pnpm/n8n-core@file+packages+core_@opentelemetry+api@1.9.0_@opentelemetry+exporter-trace-otlp_9f358c3eeaef0d2736f54ac9757ada43/node_modules/n8n-core/src/execution-engine/workflow-execute.ts:2302:11",["40"],["41"],{"node":"42","data":"43","source":"44"},"manual",{"name":"9","type":"36"},{"body":"45","headers":"46","method":"47","uri":"48","gzip":true,"rejectUnauthorized":true,"followRedirect":true,"resolveWithFullResponse":true,"sendCredentialsOnCrossOriginRedirect":false,"followAllRedirects":true,"timeout":300000,"encoding":null,"json":false,"useStream":true},{"curlImport":"49","method":"47","url":"48","authentication":"50","provideSslCertificates":false,"sendQuery":false,"sendHeaders":false,"sendBody":true,"contentType":"51","specifyBody":"51","jsonBody":"52","options":"53","infoMessage":"49"},"n8n-nodes-base.httpRequest",[208,0],"6fa1a99b-ad69-497c-81a4-4b3d200a7069","500 - \\"<html><body><h1>Whitelabel Error Page</h1><p>This application has no explicit mapping for /error, so you are seeing this as a fallback.</p><div id='created'>Fri Mar 13 18:09:16 UTC 2026</div><div>There was an unexpected error (type=Internal Server Error, status=500).</div></body></html>\\"",{"startTime":1773421074256,"executionIndex":0,"source":"54","hints":"55","executionTime":7,"executionStatus":"56","data":"57"},{"startTime":1773425356664,"executionIndex":1,"source":"58","hints":"59","executionTime":46,"executionStatus":"60","error":"61"},{"parameters":"62","type":"36","typeVersion":4.4,"position":"63","id":"38","name":"9"},{"main":"64"},{"main":"58"},{"url":"65","cpf":"66","score":20},{"accept":"67"},"POST","http://java-backend:8080/job-applications/finish-test","","none","json","={\\n  \\"url\\": \\"https://talentos.sintonya.com/form/question-rio-de-teste\\",\\n  \\"cpf\\": \\"12345678901\\",\\n  \\"score\\": 20\\n\\n}",{},[],[],"success",{"main":"68"},["69"],[],"error",{"level":"18","tags":"19","description":"20","timestamp":1773425356710,"context":"21","functionality":"22","name":"23","node":"24","messages":"25","httpCode":"26","message":"27","stack":"28"},{"curlImport":"49","method":"47","url":"48","authentication":"50","provideSslCertificates":false,"sendQuery":false,"sendHeaders":false,"sendBody":true,"contentType":"51","specifyBody":"51","jsonBody":"52","options":"70","infoMessage":"49"},[208,0],["71"],"https://talentos.sintonya.com/form/question-rio-de-teste","12345678901","application/json,text/html,application/xhtml+xml,application/xml,text/*;q=0.9, image/*;q=0.8, */*;q=0.7",["72"],{"previousNode":"17","previousNodeOutput":0,"previousNodeRun":0},{},["73"],["74"],{"json":"75","pairedItem":"76"},{"json":"75","pairedItem":"77"},{},{"item":0},{"item":0}]	dc3550f5-6867-4674-ab0d-8ecf8b190bbf
10	{"id":"gQNU19rilh6uxqFw","name":"My workflow","active":false,"activeVersionId":null,"nodes":[{"parameters":{"notice":""},"type":"n8n-nodes-base.manualTrigger","typeVersion":1,"position":[0,0],"id":"e8cab224-516e-4c36-9fb4-1b81fa951abd","name":"When clicking ‘Execute workflow’"},{"parameters":{"curlImport":"","method":"POST","url":"http://java-backend:8080/job-applications/finish-test","authentication":"none","provideSslCertificates":false,"sendQuery":false,"sendHeaders":false,"sendBody":true,"contentType":"json","specifyBody":"json","jsonBody":"={\\n  \\"url\\": \\"https://talentos.sintonya.com/form/question-rio-de-teste\\",\\n  \\"cpf\\": \\"12345678901\\",\\n  \\"score\\": 20\\n\\n}","options":{},"infoMessage":""},"type":"n8n-nodes-base.httpRequest","typeVersion":4.4,"position":[208,0],"id":"6fa1a99b-ad69-497c-81a4-4b3d200a7069","name":"HTTP Request"}],"connections":{"When clicking ‘Execute workflow’":{"main":[[{"node":"HTTP Request","type":"main","index":0}]]}},"settings":{"executionOrder":"v1","binaryMode":"separate","availableInMCP":false},"pinData":{}}	[{"version":1,"startData":"1","resultData":"2","executionData":"3"},{"destinationNode":"4","runNodeFilter":"5"},{"runData":"6","pinData":"7","lastNodeExecuted":"8"},{"contextData":"9","nodeExecutionStack":"10","metadata":"11","waitingExecution":"12","waitingExecutionSource":"13","runtimeData":"14"},{"nodeName":"8","mode":"15"},["16","8"],{"When clicking ‘Execute workflow’":"17","HTTP Request":"18"},{},"HTTP Request",{"node:HTTP Request":"19"},[],{},{},{},{"version":1,"establishedAt":1773425601604,"source":"20","triggerNode":"21"},"inclusive","When clicking ‘Execute workflow’",["22"],["23"],{"response":"24"},"manual",{"name":"8","type":"25"},{"startTime":1773421074256,"executionIndex":0,"source":"26","hints":"27","executionTime":7,"executionStatus":"28","data":"29"},{"startTime":1773425601606,"executionIndex":1,"source":"30","hints":"31","executionTime":56,"executionStatus":"28","data":"32"},{"body":"33"},"n8n-nodes-base.httpRequest",[],[],"success",{"main":"34"},["35"],[],{"main":"36"},{"fullName":"37"},["38"],{"previousNode":"16","previousNodeOutput":0,"previousNodeRun":0},["39"],"Adrian MoreiraApplicationStageResult(id=3, jobApplication=com.example.demo.entities.JobApplication@3a25c159, selectionStage=com.example.demo.entities.SelectionStage@37b3f8d1, stageStatus=IN_PROGRESS, score=0.0, locked=false)",["40"],["41"],{"json":"42","pairedItem":"43"},{"json":"33","pairedItem":"44"},{},{"item":0},{"item":0}]	dc3550f5-6867-4674-ab0d-8ecf8b190bbf
11	{"id":"gQNU19rilh6uxqFw","name":"My workflow","active":false,"activeVersionId":null,"nodes":[{"parameters":{"notice":""},"type":"n8n-nodes-base.manualTrigger","typeVersion":1,"position":[0,0],"id":"e8cab224-516e-4c36-9fb4-1b81fa951abd","name":"When clicking ‘Execute workflow’"},{"parameters":{"curlImport":"","method":"POST","url":"http://java-backend:8080/job-applications/finish-test","authentication":"none","provideSslCertificates":false,"sendQuery":false,"sendHeaders":false,"sendBody":true,"contentType":"json","specifyBody":"json","jsonBody":"={\\n  \\"url\\": \\"https://talentos.sintonya.com/form/question-rio-de-teste\\",\\n  \\"cpf\\": \\"12345678901\\",\\n  \\"score\\": 20\\n\\n}","options":{},"infoMessage":""},"type":"n8n-nodes-base.httpRequest","typeVersion":4.4,"position":[208,0],"id":"6fa1a99b-ad69-497c-81a4-4b3d200a7069","name":"HTTP Request"}],"connections":{"When clicking ‘Execute workflow’":{"main":[[{"node":"HTTP Request","type":"main","index":0}]]}},"settings":{"executionOrder":"v1","binaryMode":"separate","availableInMCP":false},"pinData":{}}	[{"version":1,"startData":"1","resultData":"2","executionData":"3"},{"destinationNode":"4","runNodeFilter":"5"},{"runData":"6","pinData":"7","lastNodeExecuted":"8"},{"contextData":"9","nodeExecutionStack":"10","metadata":"11","waitingExecution":"12","waitingExecutionSource":"13","runtimeData":"14"},{"nodeName":"8","mode":"15"},["16","8"],{"When clicking ‘Execute workflow’":"17","HTTP Request":"18"},{},"HTTP Request",{"node:HTTP Request":"19"},[],{},{},{},{"version":1,"establishedAt":1773425688739,"source":"20","triggerNode":"21"},"inclusive","When clicking ‘Execute workflow’",["22"],["23"],{"response":"24"},"manual",{"name":"8","type":"25"},{"startTime":1773421074256,"executionIndex":0,"source":"26","hints":"27","executionTime":7,"executionStatus":"28","data":"29"},{"startTime":1773425688740,"executionIndex":1,"source":"30","hints":"31","executionTime":385,"executionStatus":"28","data":"32"},{"body":"33"},"n8n-nodes-base.httpRequest",[],[],"success",{"main":"34"},["35"],[],{"main":"36"},{"fullName":"37"},["38"],{"previousNode":"16","previousNodeOutput":0,"previousNodeRun":0},["39"],"Adrian MoreiraApplicationStageResult(id=3, jobApplication=com.example.demo.entities.JobApplication@79abccac, selectionStage=com.example.demo.entities.SelectionStage@3db36d94, stageStatus=COMPLETED, score=20.0, locked=true)",["40"],["41"],{"json":"42","pairedItem":"43"},{"json":"33","pairedItem":"44"},{},{"item":0},{"item":0}]	dc3550f5-6867-4674-ab0d-8ecf8b190bbf
12	{"id":"gQNU19rilh6uxqFw","name":"My workflow","active":false,"activeVersionId":null,"nodes":[{"parameters":{"notice":""},"type":"n8n-nodes-base.manualTrigger","typeVersion":1,"position":[0,0],"id":"e8cab224-516e-4c36-9fb4-1b81fa951abd","name":"When clicking ‘Execute workflow’"},{"parameters":{"curlImport":"","method":"POST","url":"http://java-backend:8080/job-applications/finish-test","authentication":"none","provideSslCertificates":false,"sendQuery":false,"sendHeaders":false,"sendBody":true,"contentType":"json","specifyBody":"json","jsonBody":"={\\n  \\"url\\": \\"https://talentos.sintonya.com/form/question-rio-de-teste\\",\\n  \\"cpf\\": \\"12345678901\\",\\n  \\"score\\": 20\\n\\n}","options":{},"infoMessage":""},"type":"n8n-nodes-base.httpRequest","typeVersion":4.4,"position":[208,0],"id":"6fa1a99b-ad69-497c-81a4-4b3d200a7069","name":"HTTP Request"}],"connections":{"When clicking ‘Execute workflow’":{"main":[[{"node":"HTTP Request","type":"main","index":0}]]}},"settings":{"executionOrder":"v1","binaryMode":"separate","availableInMCP":false},"pinData":{}}	[{"version":1,"startData":"1","resultData":"2","executionData":"3"},{"destinationNode":"4","runNodeFilter":"5"},{"runData":"6","pinData":"7","lastNodeExecuted":"8"},{"contextData":"9","nodeExecutionStack":"10","metadata":"11","waitingExecution":"12","waitingExecutionSource":"13","runtimeData":"14"},{"nodeName":"8","mode":"15"},["16","8"],{"When clicking ‘Execute workflow’":"17","HTTP Request":"18"},{},"HTTP Request",{"node:HTTP Request":"19"},[],{},{},{},{"version":1,"establishedAt":1773426280725,"source":"20","triggerNode":"21"},"inclusive","When clicking ‘Execute workflow’",["22"],["23"],{"response":"24"},"manual",{"name":"8","type":"25"},{"startTime":1773421074256,"executionIndex":0,"source":"26","hints":"27","executionTime":7,"executionStatus":"28","data":"29"},{"startTime":1773426280726,"executionIndex":1,"source":"30","hints":"31","executionTime":123,"executionStatus":"28","data":"32"},{"body":"33"},"n8n-nodes-base.httpRequest",[],[],"success",{"main":"34"},["35"],[],{"main":"36"},{"fullName":"37"},["38"],{"previousNode":"16","previousNodeOutput":0,"previousNodeRun":0},["39"],"ApplicationStageResult(id=3, jobApplication=com.example.demo.entities.JobApplication@165d02f3, selectionStage=com.example.demo.entities.SelectionStage@b5bec4f, stageStatus=COMPLETED, score=20.0, locked=true)",["40"],["41"],{"json":"42","pairedItem":"43"},{"json":"33","pairedItem":"44"},{},{"item":0},{"item":0}]	dc3550f5-6867-4674-ab0d-8ecf8b190bbf
\.


--
-- Data for Name: execution_entity; Type: TABLE DATA; Schema: public; Owner: -
--

COPY public.execution_entity (id, finished, mode, "retryOf", "retrySuccessId", "startedAt", "stoppedAt", "waitTill", status, "workflowId", "deletedAt", "createdAt", "storedAt") FROM stdin;
1	f	manual	\N	\N	2026-03-13 16:57:54.233+00	2026-03-13 16:57:55.319+00	\N	error	gQNU19rilh6uxqFw	\N	2026-03-13 16:57:54.191+00	db
2	f	manual	\N	\N	2026-03-13 17:00:31.464+00	2026-03-13 17:00:32.566+00	\N	error	gQNU19rilh6uxqFw	\N	2026-03-13 17:00:31.42+00	db
3	t	manual	\N	\N	2026-03-13 17:03:06.612+00	2026-03-13 17:03:07.011+00	\N	success	gQNU19rilh6uxqFw	\N	2026-03-13 17:03:06.6+00	db
4	f	manual	\N	\N	2026-03-13 18:02:59.084+00	2026-03-13 18:02:59.532+00	\N	error	gQNU19rilh6uxqFw	\N	2026-03-13 18:02:59.057+00	db
5	t	manual	\N	\N	2026-03-13 18:05:42.937+00	2026-03-13 18:05:43.356+00	\N	success	gQNU19rilh6uxqFw	\N	2026-03-13 18:05:42.916+00	db
6	t	manual	\N	\N	2026-03-13 18:07:27.288+00	2026-03-13 18:07:27.685+00	\N	success	gQNU19rilh6uxqFw	\N	2026-03-13 18:07:27.277+00	db
7	f	manual	\N	\N	2026-03-13 18:09:07.891+00	2026-03-13 18:09:07.979+00	\N	error	gQNU19rilh6uxqFw	\N	2026-03-13 18:09:07.879+00	db
8	f	manual	\N	\N	2026-03-13 18:09:16.658+00	2026-03-13 18:09:16.711+00	\N	error	gQNU19rilh6uxqFw	\N	2026-03-13 18:09:16.63+00	db
9	f	manual	\N	\N	2026-03-13 18:09:24.987+00	2026-03-13 18:09:25.051+00	\N	error	gQNU19rilh6uxqFw	\N	2026-03-13 18:09:24.98+00	db
10	t	manual	\N	\N	2026-03-13 18:13:21.594+00	2026-03-13 18:13:21.663+00	\N	success	gQNU19rilh6uxqFw	\N	2026-03-13 18:13:21.584+00	db
11	t	manual	\N	\N	2026-03-13 18:14:48.735+00	2026-03-13 18:14:49.126+00	\N	success	gQNU19rilh6uxqFw	\N	2026-03-13 18:14:48.72+00	db
12	t	manual	\N	\N	2026-03-13 18:24:40.72+00	2026-03-13 18:24:40.85+00	\N	success	gQNU19rilh6uxqFw	\N	2026-03-13 18:24:40.708+00	db
\.


--
-- Data for Name: execution_metadata; Type: TABLE DATA; Schema: public; Owner: -
--

COPY public.execution_metadata (id, "executionId", key, value) FROM stdin;
\.


--
-- Data for Name: experiences; Type: TABLE DATA; Schema: public; Owner: -
--

COPY public.experiences (end_date, is_current, start_date, candidate_id, id, description, locality, organization, title, work_modality, work_type) FROM stdin;
\.


--
-- Data for Name: files; Type: TABLE DATA; Schema: public; Owner: -
--

COPY public.files (id, size, content_type, file_name, path) FROM stdin;
\.


--
-- Data for Name: folder; Type: TABLE DATA; Schema: public; Owner: -
--

COPY public.folder (id, name, "parentFolderId", "projectId", "createdAt", "updatedAt") FROM stdin;
\.


--
-- Data for Name: folder_tag; Type: TABLE DATA; Schema: public; Owner: -
--

COPY public.folder_tag ("folderId", "tagId") FROM stdin;
\.


--
-- Data for Name: insights_by_period; Type: TABLE DATA; Schema: public; Owner: -
--

COPY public.insights_by_period (id, "metaId", type, value, "periodUnit", "periodStart") FROM stdin;
\.


--
-- Data for Name: insights_metadata; Type: TABLE DATA; Schema: public; Owner: -
--

COPY public.insights_metadata ("metaId", "workflowId", "projectId", "workflowName", "projectName") FROM stdin;
\.


--
-- Data for Name: insights_raw; Type: TABLE DATA; Schema: public; Owner: -
--

COPY public.insights_raw (id, "metaId", type, value, "timestamp") FROM stdin;
\.


--
-- Data for Name: installed_nodes; Type: TABLE DATA; Schema: public; Owner: -
--

COPY public.installed_nodes (name, type, "latestVersion", package) FROM stdin;
\.


--
-- Data for Name: installed_packages; Type: TABLE DATA; Schema: public; Owner: -
--

COPY public.installed_packages ("packageName", "installedVersion", "authorName", "authorEmail", "createdAt", "updatedAt") FROM stdin;
\.


--
-- Data for Name: invalid_auth_token; Type: TABLE DATA; Schema: public; Owner: -
--

COPY public.invalid_auth_token (token, "expiresAt") FROM stdin;
\.


--
-- Data for Name: job_application; Type: TABLE DATA; Schema: public; Owner: -
--

COPY public.job_application (candidate_id, id, vacancy_id, status) FROM stdin;
\.


--
-- Data for Name: migrations; Type: TABLE DATA; Schema: public; Owner: -
--

COPY public.migrations (id, "timestamp", name) FROM stdin;
1	1587669153312	InitialMigration1587669153312
2	1589476000887	WebhookModel1589476000887
3	1594828256133	CreateIndexStoppedAt1594828256133
4	1607431743768	MakeStoppedAtNullable1607431743768
5	1611144599516	AddWebhookId1611144599516
6	1617270242566	CreateTagEntity1617270242566
7	1620824779533	UniqueWorkflowNames1620824779533
8	1626176912946	AddwaitTill1626176912946
9	1630419189837	UpdateWorkflowCredentials1630419189837
10	1644422880309	AddExecutionEntityIndexes1644422880309
11	1646834195327	IncreaseTypeVarcharLimit1646834195327
12	1646992772331	CreateUserManagement1646992772331
13	1648740597343	LowerCaseUserEmail1648740597343
14	1652254514002	CommunityNodes1652254514002
15	1652367743993	AddUserSettings1652367743993
16	1652905585850	AddAPIKeyColumn1652905585850
17	1654090467022	IntroducePinData1654090467022
18	1658932090381	AddNodeIds1658932090381
19	1659902242948	AddJsonKeyPinData1659902242948
20	1660062385367	CreateCredentialsUserRole1660062385367
21	1663755770893	CreateWorkflowsEditorRole1663755770893
22	1664196174001	WorkflowStatistics1664196174001
23	1665484192212	CreateCredentialUsageTable1665484192212
24	1665754637025	RemoveCredentialUsageTable1665754637025
25	1669739707126	AddWorkflowVersionIdColumn1669739707126
26	1669823906995	AddTriggerCountColumn1669823906995
27	1671535397530	MessageEventBusDestinations1671535397530
28	1671726148421	RemoveWorkflowDataLoadedFlag1671726148421
29	1673268682475	DeleteExecutionsWithWorkflows1673268682475
30	1674138566000	AddStatusToExecutions1674138566000
31	1674509946020	CreateLdapEntities1674509946020
32	1675940580449	PurgeInvalidWorkflowConnections1675940580449
33	1676996103000	MigrateExecutionStatus1676996103000
34	1677236854063	UpdateRunningExecutionStatus1677236854063
35	1677501636754	CreateVariables1677501636754
36	1679416281778	CreateExecutionMetadataTable1679416281778
37	1681134145996	AddUserActivatedProperty1681134145996
38	1681134145997	RemoveSkipOwnerSetup1681134145997
39	1690000000000	MigrateIntegerKeysToString1690000000000
40	1690000000020	SeparateExecutionData1690000000020
41	1690000000030	RemoveResetPasswordColumns1690000000030
42	1690000000030	AddMfaColumns1690000000030
43	1690787606731	AddMissingPrimaryKeyOnExecutionData1690787606731
44	1691088862123	CreateWorkflowNameIndex1691088862123
45	1692967111175	CreateWorkflowHistoryTable1692967111175
46	1693491613982	ExecutionSoftDelete1693491613982
47	1693554410387	DisallowOrphanExecutions1693554410387
48	1694091729095	MigrateToTimestampTz1694091729095
49	1695128658538	AddWorkflowMetadata1695128658538
50	1695829275184	ModifyWorkflowHistoryNodesAndConnections1695829275184
51	1700571993961	AddGlobalAdminRole1700571993961
52	1705429061930	DropRoleMapping1705429061930
53	1711018413374	RemoveFailedExecutionStatus1711018413374
54	1711390882123	MoveSshKeysToDatabase1711390882123
55	1712044305787	RemoveNodesAccess1712044305787
56	1714133768519	CreateProject1714133768519
57	1714133768521	MakeExecutionStatusNonNullable1714133768521
58	1717498465931	AddActivatedAtUserSetting1717498465931
59	1720101653148	AddConstraintToExecutionMetadata1720101653148
60	1721377157740	FixExecutionMetadataSequence1721377157740
61	1723627610222	CreateInvalidAuthTokenTable1723627610222
62	1723796243146	RefactorExecutionIndices1723796243146
63	1724753530828	CreateAnnotationTables1724753530828
64	1724951148974	AddApiKeysTable1724951148974
65	1726606152711	CreateProcessedDataTable1726606152711
66	1727427440136	SeparateExecutionCreationFromStart1727427440136
67	1728659839644	AddMissingPrimaryKeyOnAnnotationTagMapping1728659839644
68	1729607673464	UpdateProcessedDataValueColumnToText1729607673464
69	1729607673469	AddProjectIcons1729607673469
70	1730386903556	CreateTestDefinitionTable1730386903556
71	1731404028106	AddDescriptionToTestDefinition1731404028106
72	1731582748663	MigrateTestDefinitionKeyToString1731582748663
73	1732271325258	CreateTestMetricTable1732271325258
74	1732549866705	CreateTestRun1732549866705
75	1733133775640	AddMockedNodesColumnToTestDefinition1733133775640
76	1734479635324	AddManagedColumnToCredentialsTable1734479635324
77	1736172058779	AddStatsColumnsToTestRun1736172058779
78	1736947513045	CreateTestCaseExecutionTable1736947513045
79	1737715421462	AddErrorColumnsToTestRuns1737715421462
80	1738709609940	CreateFolderTable1738709609940
81	1739549398681	CreateAnalyticsTables1739549398681
82	1740445074052	UpdateParentFolderIdColumn1740445074052
83	1741167584277	RenameAnalyticsToInsights1741167584277
84	1742918400000	AddScopesColumnToApiKeys1742918400000
85	1745322634000	ClearEvaluation1745322634000
86	1745587087521	AddWorkflowStatisticsRootCount1745587087521
87	1745934666076	AddWorkflowArchivedColumn1745934666076
88	1745934666077	DropRoleTable1745934666077
89	1747824239000	AddProjectDescriptionColumn1747824239000
90	1750252139166	AddLastActiveAtColumnToUser1750252139166
91	1750252139166	AddScopeTables1750252139166
92	1750252139167	AddRolesTables1750252139167
93	1750252139168	LinkRoleToUserTable1750252139168
94	1750252139170	RemoveOldRoleColumn1750252139170
95	1752669793000	AddInputsOutputsToTestCaseExecution1752669793000
96	1753953244168	LinkRoleToProjectRelationTable1753953244168
97	1754475614601	CreateDataStoreTables1754475614601
98	1754475614602	ReplaceDataStoreTablesWithDataTables1754475614602
99	1756906557570	AddTimestampsToRoleAndRoleIndexes1756906557570
100	1758731786132	AddAudienceColumnToApiKeys1758731786132
101	1758794506893	AddProjectIdToVariableTable1758794506893
102	1759399811000	ChangeValueTypesForInsights1759399811000
103	1760019379982	CreateChatHubTables1760019379982
104	1760020000000	CreateChatHubAgentTable1760020000000
105	1760020838000	UniqueRoleNames1760020838000
106	1760116750277	CreateOAuthEntities1760116750277
107	1760314000000	CreateWorkflowDependencyTable1760314000000
108	1760965142113	DropUnusedChatHubColumns1760965142113
109	1761047826451	AddWorkflowVersionColumn1761047826451
110	1761655473000	ChangeDependencyInfoToJson1761655473000
111	1761773155024	AddAttachmentsToChatHubMessages1761773155024
112	1761830340990	AddToolsColumnToChatHubTables1761830340990
113	1762177736257	AddWorkflowDescriptionColumn1762177736257
114	1762763704614	BackfillMissingWorkflowHistoryRecords1762763704614
115	1762771264000	ChangeDefaultForIdInUserTable1762771264000
116	1762771954619	AddIsGlobalColumnToCredentialsTable1762771954619
117	1762847206508	AddWorkflowHistoryAutoSaveFields1762847206508
118	1763047800000	AddActiveVersionIdColumn1763047800000
119	1763048000000	ActivateExecuteWorkflowTriggerWorkflows1763048000000
120	1763572724000	ChangeOAuthStateColumnToUnboundedVarchar1763572724000
121	1763716655000	CreateBinaryDataTable1763716655000
122	1764167920585	CreateWorkflowPublishHistoryTable1764167920585
123	1764276827837	AddCreatorIdToProjectTable1764276827837
124	1764682447000	CreateDynamicCredentialResolverTable1764682447000
125	1764689388394	AddDynamicCredentialEntryTable1764689388394
126	1765448186933	BackfillMissingWorkflowHistoryRecords1765448186933
127	1765459448000	AddResolvableFieldsToCredentials1765459448000
128	1765788427674	AddIconToAgentTable1765788427674
129	1765804780000	ConvertAgentIdToUuid1765804780000
130	1765886667897	AddAgentIdForeignKeys1765886667897
131	1765892199653	AddWorkflowVersionIdToExecutionData1765892199653
132	1766064542000	AddWorkflowPublishScopeToProjectRoles1766064542000
133	1766068346315	AddChatMessageIndices1766068346315
134	1766500000000	ExpandInsightsWorkflowIdLength1766500000000
135	1767018516000	ChangeWorkflowStatisticsFKToNoAction1767018516000
136	1768402473068	ExpandModelColumnLength1768402473068
137	1768557000000	AddStoredAtToExecutionEntity1768557000000
138	1768901721000	AddDynamicCredentialUserEntryTable1768901721000
139	1769000000000	AddPublishedVersionIdToWorkflowDependency1769000000000
140	1769433700000	CreateSecretsProviderConnectionTables1769433700000
141	1769698710000	CreateWorkflowPublishedVersionTable1769698710000
142	1769784356000	ExpandSubjectIDColumnLength1769784356000
143	1769900001000	AddWorkflowUnpublishScopeToCustomRoles1769900001000
144	1770000000000	CreateChatHubToolsTable1770000000000
\.


--
-- Data for Name: oauth_access_tokens; Type: TABLE DATA; Schema: public; Owner: -
--

COPY public.oauth_access_tokens (token, "clientId", "userId") FROM stdin;
\.


--
-- Data for Name: oauth_authorization_codes; Type: TABLE DATA; Schema: public; Owner: -
--

COPY public.oauth_authorization_codes (code, "clientId", "userId", "redirectUri", "codeChallenge", "codeChallengeMethod", "expiresAt", state, used, "createdAt", "updatedAt") FROM stdin;
\.


--
-- Data for Name: oauth_clients; Type: TABLE DATA; Schema: public; Owner: -
--

COPY public.oauth_clients (id, name, "redirectUris", "grantTypes", "clientSecret", "clientSecretExpiresAt", "tokenEndpointAuthMethod", "createdAt", "updatedAt") FROM stdin;
\.


--
-- Data for Name: oauth_refresh_tokens; Type: TABLE DATA; Schema: public; Owner: -
--

COPY public.oauth_refresh_tokens (token, "clientId", "userId", "expiresAt", "createdAt", "updatedAt") FROM stdin;
\.


--
-- Data for Name: oauth_user_consents; Type: TABLE DATA; Schema: public; Owner: -
--

COPY public.oauth_user_consents (id, "userId", "clientId", "grantedAt") FROM stdin;
\.


--
-- Data for Name: permissions; Type: TABLE DATA; Schema: public; Owner: -
--

COPY public.permissions (id, permission_name) FROM stdin;
1	PROFILE_UPDATE
2	SKILL_ADD
3	SKILL_UPDATE
4	CERTIFICATE_CREATE
5	CERTIFICATE_UPDATE
6	CERTIFICATE_DELETE
7	EXPERIENCE_CREATE
8	EXPERIENCE_UPDATE
9	EXPERIENCE_DELETE
10	VACANCY_VIEW
11	VACANCY_APPLY
12	VACANCY_CREATE
13	VACANCY_UPDATE
14	VACANCY_CLOSE
15	CANDIDATE_VIEW
16	ENTERPRISE_VIEW
17	ADMIN_ACCESS
\.


--
-- Data for Name: processed_data; Type: TABLE DATA; Schema: public; Owner: -
--

COPY public.processed_data ("workflowId", context, "createdAt", "updatedAt", value) FROM stdin;
\.


--
-- Data for Name: profile; Type: TABLE DATA; Schema: public; Owner: -
--

COPY public.profile (created_at, id, updated_at, personal_summary, banner, head_line, locality, photo, social_links) FROM stdin;
2026-03-24 16:49:02.46595	1	2026-03-24 16:49:02.465981	\N	\N	\N	\N	\N	\N
2026-03-24 16:49:14.646147	2	2026-03-24 16:49:14.646167	\N	\N	\N	\N	\N	\N
\.


--
-- Data for Name: project; Type: TABLE DATA; Schema: public; Owner: -
--

COPY public.project (id, name, type, "createdAt", "updatedAt", icon, description, "creatorId") FROM stdin;
K5Pfv55hxgGgr9mK	Marcelo Cavalcanti <marcelo.cavalcanti.sousa@gmail.com>	personal	2026-03-13 16:22:08.902+00	2026-03-13 16:22:33.864+00	\N	\N	08fa9741-08ca-4f35-a98d-bcce7e674a6c
\.


--
-- Data for Name: project_relation; Type: TABLE DATA; Schema: public; Owner: -
--

COPY public.project_relation ("projectId", "userId", role, "createdAt", "updatedAt") FROM stdin;
K5Pfv55hxgGgr9mK	08fa9741-08ca-4f35-a98d-bcce7e674a6c	project:personalOwner	2026-03-13 16:22:08.902+00	2026-03-13 16:22:08.902+00
\.


--
-- Data for Name: project_secrets_provider_access; Type: TABLE DATA; Schema: public; Owner: -
--

COPY public.project_secrets_provider_access ("secretsProviderConnectionId", "projectId", "createdAt", "updatedAt") FROM stdin;
\.


--
-- Data for Name: role; Type: TABLE DATA; Schema: public; Owner: -
--

COPY public.role (slug, "displayName", description, "roleType", "systemRole", "createdAt", "updatedAt") FROM stdin;
global:chatUser	Chat User	Chat User	global	t	2026-03-13 16:22:11.573+00	2026-03-13 16:22:11.573+00
global:owner	Owner	Owner	global	t	2026-03-13 16:22:10.259+00	2026-03-13 16:22:11.573+00
global:admin	Admin	Admin	global	t	2026-03-13 16:22:10.259+00	2026-03-13 16:22:11.573+00
global:member	Member	Member	global	t	2026-03-13 16:22:10.259+00	2026-03-13 16:22:11.573+00
project:admin	Project Admin	Full control of settings, members, workflows, credentials and executions	project	t	2026-03-13 16:22:10.259+00	2026-03-13 16:22:11.617+00
project:personalOwner	Project Owner	Project Owner	project	t	2026-03-13 16:22:10.259+00	2026-03-13 16:22:11.617+00
project:editor	Project Editor	Create, edit, and delete workflows, credentials, and executions	project	t	2026-03-13 16:22:10.259+00	2026-03-13 16:22:11.617+00
project:viewer	Project Viewer	Read-only access to workflows, credentials, and executions	project	t	2026-03-13 16:22:10.259+00	2026-03-13 16:22:11.617+00
project:chatUser	Project Chat User	Chat-only access to chatting with workflows that have n8n Chat enabled	project	t	2026-03-13 16:22:10.259+00	2026-03-13 16:22:11.617+00
credential:owner	Credential Owner	Credential Owner	credential	t	2026-03-13 16:22:11.642+00	2026-03-13 16:22:11.642+00
credential:user	Credential User	Credential User	credential	t	2026-03-13 16:22:11.642+00	2026-03-13 16:22:11.642+00
workflow:owner	Workflow Owner	Workflow Owner	workflow	t	2026-03-13 16:22:11.654+00	2026-03-13 16:22:11.654+00
workflow:editor	Workflow Editor	Workflow Editor	workflow	t	2026-03-13 16:22:11.654+00	2026-03-13 16:22:11.654+00
\.


--
-- Data for Name: role_permissions; Type: TABLE DATA; Schema: public; Owner: -
--

COPY public.role_permissions (permission_id, role_id) FROM stdin;
\.


--
-- Data for Name: role_scope; Type: TABLE DATA; Schema: public; Owner: -
--

COPY public.role_scope ("roleSlug", "scopeSlug") FROM stdin;
global:owner	aiAssistant:manage
global:owner	annotationTag:create
global:owner	annotationTag:read
global:owner	annotationTag:update
global:owner	annotationTag:delete
global:owner	annotationTag:list
global:owner	auditLogs:manage
global:owner	banner:dismiss
global:owner	community:register
global:owner	communityPackage:install
global:owner	communityPackage:uninstall
global:owner	communityPackage:update
global:owner	communityPackage:list
global:owner	credential:share
global:owner	credential:shareGlobally
global:owner	credential:move
global:owner	credential:create
global:owner	credential:read
global:owner	credential:update
global:owner	credential:delete
global:owner	credential:list
global:owner	externalSecretsProvider:sync
global:owner	externalSecretsProvider:create
global:owner	externalSecretsProvider:read
global:owner	externalSecretsProvider:update
global:owner	externalSecretsProvider:delete
global:owner	externalSecretsProvider:list
global:owner	externalSecret:list
global:owner	eventBusDestination:test
global:owner	eventBusDestination:create
global:owner	eventBusDestination:read
global:owner	eventBusDestination:update
global:owner	eventBusDestination:delete
global:owner	eventBusDestination:list
global:owner	ldap:sync
global:owner	ldap:manage
global:owner	license:manage
global:owner	logStreaming:manage
global:owner	orchestration:read
global:owner	project:create
global:owner	project:read
global:owner	project:update
global:owner	project:delete
global:owner	project:list
global:owner	saml:manage
global:owner	securityAudit:generate
global:owner	securitySettings:manage
global:owner	sourceControl:pull
global:owner	sourceControl:push
global:owner	sourceControl:manage
global:owner	tag:create
global:owner	tag:read
global:owner	tag:update
global:owner	tag:delete
global:owner	tag:list
global:owner	user:resetPassword
global:owner	user:changeRole
global:owner	user:enforceMfa
global:owner	user:generateInviteLink
global:owner	user:create
global:owner	user:read
global:owner	user:update
global:owner	user:delete
global:owner	user:list
global:owner	variable:create
global:owner	variable:read
global:owner	variable:update
global:owner	variable:delete
global:owner	variable:list
global:owner	projectVariable:create
global:owner	projectVariable:read
global:owner	projectVariable:update
global:owner	projectVariable:delete
global:owner	projectVariable:list
global:owner	workersView:manage
global:owner	workflow:share
global:owner	workflow:execute
global:owner	workflow:execute-chat
global:owner	workflow:move
global:owner	workflow:create
global:owner	workflow:read
global:owner	workflow:update
global:owner	workflow:delete
global:owner	workflow:list
global:owner	folder:create
global:owner	folder:read
global:owner	folder:update
global:owner	folder:delete
global:owner	folder:list
global:owner	folder:move
global:owner	insights:list
global:owner	oidc:manage
global:owner	provisioning:manage
global:owner	dataTable:create
global:owner	dataTable:read
global:owner	dataTable:update
global:owner	dataTable:delete
global:owner	dataTable:list
global:owner	dataTable:readRow
global:owner	dataTable:writeRow
global:owner	dataTable:listProject
global:owner	role:manage
global:owner	mcp:manage
global:owner	mcp:oauth
global:owner	mcpApiKey:create
global:owner	mcpApiKey:rotate
global:owner	chatHub:manage
global:owner	chatHub:message
global:owner	chatHubAgent:create
global:owner	chatHubAgent:read
global:owner	chatHubAgent:update
global:owner	chatHubAgent:delete
global:owner	chatHubAgent:list
global:owner	breakingChanges:list
global:owner	apiKey:manage
global:owner	credentialResolver:create
global:owner	credentialResolver:read
global:owner	credentialResolver:update
global:owner	credentialResolver:delete
global:owner	credentialResolver:list
global:owner	workflow:publish
global:admin	aiAssistant:manage
global:admin	annotationTag:create
global:admin	annotationTag:read
global:admin	annotationTag:update
global:admin	annotationTag:delete
global:admin	annotationTag:list
global:admin	auditLogs:manage
global:admin	banner:dismiss
global:admin	community:register
global:admin	communityPackage:install
global:admin	communityPackage:uninstall
global:admin	communityPackage:update
global:admin	communityPackage:list
global:admin	credential:share
global:admin	credential:shareGlobally
global:admin	credential:move
global:admin	credential:create
global:admin	credential:read
global:admin	credential:update
global:admin	credential:delete
global:admin	credential:list
global:admin	externalSecretsProvider:sync
global:admin	externalSecretsProvider:create
global:admin	externalSecretsProvider:read
global:admin	externalSecretsProvider:update
global:admin	externalSecretsProvider:delete
global:admin	externalSecretsProvider:list
global:admin	externalSecret:list
global:admin	eventBusDestination:test
global:admin	eventBusDestination:create
global:admin	eventBusDestination:read
global:admin	eventBusDestination:update
global:admin	eventBusDestination:delete
global:admin	eventBusDestination:list
global:admin	ldap:sync
global:admin	ldap:manage
global:admin	license:manage
global:admin	logStreaming:manage
global:admin	orchestration:read
global:admin	project:create
global:admin	project:read
global:admin	project:update
global:admin	project:delete
global:admin	project:list
global:admin	saml:manage
global:admin	securityAudit:generate
global:admin	securitySettings:manage
global:admin	sourceControl:pull
global:admin	sourceControl:push
global:admin	sourceControl:manage
global:admin	tag:create
global:admin	tag:read
global:admin	tag:update
global:admin	tag:delete
global:admin	tag:list
global:admin	user:resetPassword
global:admin	user:changeRole
global:admin	user:enforceMfa
global:admin	user:generateInviteLink
global:admin	user:create
global:admin	user:read
global:admin	user:update
global:admin	user:delete
global:admin	user:list
global:admin	variable:create
global:admin	variable:read
global:admin	variable:update
global:admin	variable:delete
global:admin	variable:list
global:admin	projectVariable:create
global:admin	projectVariable:read
global:admin	projectVariable:update
global:admin	projectVariable:delete
global:admin	projectVariable:list
global:admin	workersView:manage
global:admin	workflow:share
global:admin	workflow:execute
global:admin	workflow:execute-chat
global:admin	workflow:move
global:admin	workflow:create
global:admin	workflow:read
global:admin	workflow:update
global:admin	workflow:delete
global:admin	workflow:list
global:admin	folder:create
global:admin	folder:read
global:admin	folder:update
global:admin	folder:delete
global:admin	folder:list
global:admin	folder:move
global:admin	insights:list
global:admin	oidc:manage
global:admin	provisioning:manage
global:admin	dataTable:create
global:admin	dataTable:read
global:admin	dataTable:update
global:admin	dataTable:delete
global:admin	dataTable:list
global:admin	dataTable:readRow
global:admin	dataTable:writeRow
global:admin	dataTable:listProject
global:admin	role:manage
global:admin	mcp:manage
global:admin	mcp:oauth
global:admin	mcpApiKey:create
global:admin	mcpApiKey:rotate
global:admin	chatHub:manage
global:admin	chatHub:message
global:admin	chatHubAgent:create
global:admin	chatHubAgent:read
global:admin	chatHubAgent:update
global:admin	chatHubAgent:delete
global:admin	chatHubAgent:list
global:admin	breakingChanges:list
global:admin	apiKey:manage
global:admin	credentialResolver:create
global:admin	credentialResolver:read
global:admin	credentialResolver:update
global:admin	credentialResolver:delete
global:admin	credentialResolver:list
global:admin	workflow:publish
global:member	annotationTag:create
global:member	annotationTag:read
global:member	annotationTag:update
global:member	annotationTag:delete
global:member	annotationTag:list
global:member	eventBusDestination:test
global:member	eventBusDestination:list
global:member	tag:create
global:member	tag:read
global:member	tag:update
global:member	tag:list
global:member	user:list
global:member	variable:read
global:member	variable:list
global:member	dataTable:list
global:member	mcp:oauth
global:member	mcpApiKey:create
global:member	mcpApiKey:rotate
global:member	chatHub:message
global:member	chatHubAgent:create
global:member	chatHubAgent:read
global:member	chatHubAgent:update
global:member	chatHubAgent:delete
global:member	chatHubAgent:list
global:member	apiKey:manage
global:chatUser	chatHub:message
global:chatUser	chatHubAgent:create
global:chatUser	chatHubAgent:read
global:chatUser	chatHubAgent:update
global:chatUser	chatHubAgent:delete
global:chatUser	chatHubAgent:list
project:admin	workflow:unpublish
project:admin	credential:share
project:admin	credential:move
project:admin	credential:create
project:admin	credential:read
project:admin	credential:update
project:admin	credential:delete
project:admin	credential:list
project:admin	externalSecretsProvider:sync
project:admin	externalSecretsProvider:create
project:admin	externalSecretsProvider:read
project:admin	externalSecretsProvider:update
project:admin	externalSecretsProvider:delete
project:admin	externalSecretsProvider:list
project:admin	externalSecret:list
project:admin	project:read
project:admin	project:update
project:admin	project:delete
project:admin	project:list
project:admin	sourceControl:push
project:admin	projectVariable:create
project:admin	projectVariable:read
project:admin	projectVariable:update
project:admin	projectVariable:delete
project:admin	projectVariable:list
project:admin	workflow:execute
project:admin	workflow:execute-chat
project:admin	workflow:move
project:admin	workflow:create
project:admin	workflow:read
project:admin	workflow:update
project:admin	workflow:delete
project:admin	workflow:list
project:admin	folder:create
project:admin	folder:read
project:admin	folder:update
project:admin	folder:delete
project:admin	folder:list
project:admin	folder:move
project:admin	dataTable:create
project:admin	dataTable:read
project:admin	dataTable:update
project:admin	dataTable:delete
project:admin	dataTable:readRow
project:admin	dataTable:writeRow
project:admin	dataTable:listProject
project:admin	workflow:publish
project:personalOwner	workflow:unpublish
project:personalOwner	credential:share
project:personalOwner	credential:move
project:personalOwner	credential:create
project:personalOwner	credential:read
project:personalOwner	credential:update
project:personalOwner	credential:delete
project:personalOwner	credential:list
project:personalOwner	project:read
project:personalOwner	project:list
project:personalOwner	workflow:share
project:personalOwner	workflow:execute
project:personalOwner	workflow:execute-chat
project:personalOwner	workflow:move
project:personalOwner	workflow:create
project:personalOwner	workflow:read
project:personalOwner	workflow:update
project:personalOwner	workflow:delete
project:personalOwner	workflow:list
project:personalOwner	folder:create
project:personalOwner	folder:read
project:personalOwner	folder:update
project:personalOwner	folder:delete
project:personalOwner	folder:list
project:personalOwner	folder:move
project:personalOwner	dataTable:create
project:personalOwner	dataTable:read
project:personalOwner	dataTable:update
project:personalOwner	dataTable:delete
project:personalOwner	dataTable:readRow
project:personalOwner	dataTable:writeRow
project:personalOwner	dataTable:listProject
project:personalOwner	workflow:publish
project:editor	workflow:unpublish
project:editor	credential:create
project:editor	credential:read
project:editor	credential:update
project:editor	credential:delete
project:editor	credential:list
project:editor	project:read
project:editor	project:list
project:editor	projectVariable:create
project:editor	projectVariable:read
project:editor	projectVariable:update
project:editor	projectVariable:delete
project:editor	projectVariable:list
project:editor	workflow:execute
project:editor	workflow:execute-chat
project:editor	workflow:create
project:editor	workflow:read
project:editor	workflow:update
project:editor	workflow:delete
project:editor	workflow:list
project:editor	folder:create
project:editor	folder:read
project:editor	folder:update
project:editor	folder:delete
project:editor	folder:list
project:editor	dataTable:create
project:editor	dataTable:read
project:editor	dataTable:update
project:editor	dataTable:delete
project:editor	dataTable:readRow
project:editor	dataTable:writeRow
project:editor	dataTable:listProject
project:editor	workflow:publish
project:viewer	credential:read
project:viewer	credential:list
project:viewer	project:read
project:viewer	project:list
project:viewer	projectVariable:read
project:viewer	projectVariable:list
project:viewer	workflow:execute-chat
project:viewer	workflow:read
project:viewer	workflow:list
project:viewer	folder:read
project:viewer	folder:list
project:viewer	dataTable:read
project:viewer	dataTable:readRow
project:viewer	dataTable:listProject
project:chatUser	workflow:execute-chat
credential:owner	credential:share
credential:owner	credential:move
credential:owner	credential:read
credential:owner	credential:update
credential:owner	credential:delete
credential:user	credential:read
workflow:owner	workflow:unpublish
workflow:owner	workflow:share
workflow:owner	workflow:execute
workflow:owner	workflow:execute-chat
workflow:owner	workflow:move
workflow:owner	workflow:read
workflow:owner	workflow:update
workflow:owner	workflow:delete
workflow:owner	workflow:publish
workflow:editor	workflow:unpublish
workflow:editor	workflow:execute
workflow:editor	workflow:execute-chat
workflow:editor	workflow:read
workflow:editor	workflow:update
workflow:editor	workflow:publish
\.


--
-- Data for Name: roles; Type: TABLE DATA; Schema: public; Owner: -
--

COPY public.roles (created_at, id, updated_at, role_name) FROM stdin;
2026-03-24 16:42:29.941694	1	2026-03-24 16:42:29.941694	CANDIDATE
2026-03-24 16:42:29.941694	2	2026-03-24 16:42:29.941694	ENTERPRISE
2026-03-24 16:42:29.941694	3	2026-03-24 16:42:29.941694	ADMINISTRATOR
\.


--
-- Data for Name: scope; Type: TABLE DATA; Schema: public; Owner: -
--

COPY public.scope (slug, "displayName", description) FROM stdin;
workflow:unpublish	Unpublish Workflow	Allows unpublishing workflows.
aiAssistant:manage	Manage AI Usage	Allows managing AI Usage settings.
aiAssistant:*	aiAssistant:*	\N
annotationTag:create	Create Annotation Tag	Allows creating new annotation tags.
annotationTag:read	annotationTag:read	\N
annotationTag:update	annotationTag:update	\N
annotationTag:delete	annotationTag:delete	\N
annotationTag:list	annotationTag:list	\N
annotationTag:*	annotationTag:*	\N
auditLogs:manage	auditLogs:manage	\N
auditLogs:*	auditLogs:*	\N
banner:dismiss	banner:dismiss	\N
banner:*	banner:*	\N
community:register	community:register	\N
community:*	community:*	\N
communityPackage:install	communityPackage:install	\N
communityPackage:uninstall	communityPackage:uninstall	\N
communityPackage:update	communityPackage:update	\N
communityPackage:list	communityPackage:list	\N
communityPackage:manage	communityPackage:manage	\N
communityPackage:*	communityPackage:*	\N
credential:share	credential:share	\N
credential:shareGlobally	credential:shareGlobally	\N
credential:move	credential:move	\N
credential:create	credential:create	\N
credential:read	credential:read	\N
credential:update	credential:update	\N
credential:delete	credential:delete	\N
credential:list	credential:list	\N
credential:*	credential:*	\N
externalSecretsProvider:sync	externalSecretsProvider:sync	\N
externalSecretsProvider:create	externalSecretsProvider:create	\N
externalSecretsProvider:read	externalSecretsProvider:read	\N
externalSecretsProvider:update	externalSecretsProvider:update	\N
externalSecretsProvider:delete	externalSecretsProvider:delete	\N
externalSecretsProvider:list	externalSecretsProvider:list	\N
externalSecretsProvider:*	externalSecretsProvider:*	\N
externalSecret:list	externalSecret:list	\N
externalSecret:*	externalSecret:*	\N
eventBusDestination:test	eventBusDestination:test	\N
eventBusDestination:create	eventBusDestination:create	\N
eventBusDestination:read	eventBusDestination:read	\N
eventBusDestination:update	eventBusDestination:update	\N
eventBusDestination:delete	eventBusDestination:delete	\N
eventBusDestination:list	eventBusDestination:list	\N
eventBusDestination:*	eventBusDestination:*	\N
ldap:sync	ldap:sync	\N
ldap:manage	ldap:manage	\N
ldap:*	ldap:*	\N
license:manage	license:manage	\N
license:*	license:*	\N
logStreaming:manage	logStreaming:manage	\N
logStreaming:*	logStreaming:*	\N
orchestration:read	orchestration:read	\N
orchestration:list	orchestration:list	\N
orchestration:*	orchestration:*	\N
project:create	project:create	\N
project:read	project:read	\N
project:update	project:update	\N
project:delete	project:delete	\N
project:list	project:list	\N
project:*	project:*	\N
saml:manage	saml:manage	\N
saml:*	saml:*	\N
securityAudit:generate	securityAudit:generate	\N
securityAudit:*	securityAudit:*	\N
securitySettings:manage	securitySettings:manage	\N
securitySettings:*	securitySettings:*	\N
sourceControl:pull	sourceControl:pull	\N
sourceControl:push	sourceControl:push	\N
sourceControl:manage	sourceControl:manage	\N
sourceControl:*	sourceControl:*	\N
tag:create	tag:create	\N
tag:read	tag:read	\N
tag:update	tag:update	\N
tag:delete	tag:delete	\N
tag:list	tag:list	\N
tag:*	tag:*	\N
user:resetPassword	user:resetPassword	\N
user:changeRole	user:changeRole	\N
user:enforceMfa	user:enforceMfa	\N
user:generateInviteLink	user:generateInviteLink	\N
user:create	user:create	\N
user:read	user:read	\N
user:update	user:update	\N
user:delete	user:delete	\N
user:list	user:list	\N
user:*	user:*	\N
variable:create	variable:create	\N
variable:read	variable:read	\N
variable:update	variable:update	\N
variable:delete	variable:delete	\N
variable:list	variable:list	\N
variable:*	variable:*	\N
projectVariable:create	projectVariable:create	\N
projectVariable:read	projectVariable:read	\N
projectVariable:update	projectVariable:update	\N
projectVariable:delete	projectVariable:delete	\N
projectVariable:list	projectVariable:list	\N
projectVariable:*	projectVariable:*	\N
workersView:manage	workersView:manage	\N
workersView:*	workersView:*	\N
workflow:share	workflow:share	\N
workflow:execute	workflow:execute	\N
workflow:execute-chat	workflow:execute-chat	\N
workflow:move	workflow:move	\N
workflow:activate	workflow:activate	\N
workflow:deactivate	workflow:deactivate	\N
workflow:create	workflow:create	\N
workflow:read	workflow:read	\N
workflow:update	workflow:update	\N
workflow:delete	workflow:delete	\N
workflow:list	workflow:list	\N
workflow:*	workflow:*	\N
folder:create	folder:create	\N
folder:read	folder:read	\N
folder:update	folder:update	\N
folder:delete	folder:delete	\N
folder:list	folder:list	\N
folder:move	folder:move	\N
folder:*	folder:*	\N
insights:list	insights:list	\N
insights:*	insights:*	\N
oidc:manage	oidc:manage	\N
oidc:*	oidc:*	\N
provisioning:manage	provisioning:manage	\N
provisioning:*	provisioning:*	\N
dataTable:create	dataTable:create	\N
dataTable:read	dataTable:read	\N
dataTable:update	dataTable:update	\N
dataTable:delete	dataTable:delete	\N
dataTable:list	dataTable:list	\N
dataTable:readRow	dataTable:readRow	\N
dataTable:writeRow	dataTable:writeRow	\N
dataTable:listProject	dataTable:listProject	\N
dataTable:*	dataTable:*	\N
execution:delete	execution:delete	\N
execution:read	execution:read	\N
execution:retry	execution:retry	\N
execution:list	execution:list	\N
execution:get	execution:get	\N
execution:*	execution:*	\N
workflowTags:update	workflowTags:update	\N
workflowTags:list	workflowTags:list	\N
workflowTags:*	workflowTags:*	\N
role:manage	role:manage	\N
role:*	role:*	\N
mcp:manage	mcp:manage	\N
mcp:oauth	mcp:oauth	\N
mcp:*	mcp:*	\N
mcpApiKey:create	mcpApiKey:create	\N
mcpApiKey:rotate	mcpApiKey:rotate	\N
mcpApiKey:*	mcpApiKey:*	\N
chatHub:manage	chatHub:manage	\N
chatHub:message	chatHub:message	\N
chatHub:*	chatHub:*	\N
chatHubAgent:create	chatHubAgent:create	\N
chatHubAgent:read	chatHubAgent:read	\N
chatHubAgent:update	chatHubAgent:update	\N
chatHubAgent:delete	chatHubAgent:delete	\N
chatHubAgent:list	chatHubAgent:list	\N
chatHubAgent:*	chatHubAgent:*	\N
breakingChanges:list	breakingChanges:list	\N
breakingChanges:*	breakingChanges:*	\N
apiKey:manage	apiKey:manage	\N
apiKey:*	apiKey:*	\N
credentialResolver:create	credentialResolver:create	\N
credentialResolver:read	credentialResolver:read	\N
credentialResolver:update	credentialResolver:update	\N
credentialResolver:delete	credentialResolver:delete	\N
credentialResolver:list	credentialResolver:list	\N
credentialResolver:*	credentialResolver:*	\N
*	*	\N
workflow:publish	Publish Workflow	Allows publishing workflows.
\.


--
-- Data for Name: secrets_provider_connection; Type: TABLE DATA; Schema: public; Owner: -
--

COPY public.secrets_provider_connection (id, "providerKey", type, "encryptedSettings", "isEnabled", "createdAt", "updatedAt") FROM stdin;
\.


--
-- Data for Name: sector; Type: TABLE DATA; Schema: public; Owner: -
--

COPY public.sector (created_at, id, updated_at, title) FROM stdin;
2026-03-24 16:59:55.066948	1	2026-03-24 16:59:55.066948	Banco de Investimento
2026-03-24 16:59:55.066948	2	2026-03-24 16:59:55.066948	Banco Comercial
2026-03-24 16:59:55.066948	3	2026-03-24 16:59:55.066948	Corretora de Valores
2026-03-24 16:59:55.066948	4	2026-03-24 16:59:55.066948	Gestão de Ativos
2026-03-24 16:59:55.066948	5	2026-03-24 16:59:55.066948	Private Equity
2026-03-24 16:59:55.066948	6	2026-03-24 16:59:55.066948	Venture Capital
2026-03-24 16:59:55.066948	7	2026-03-24 16:59:55.066948	Hedge Funds
2026-03-24 16:59:55.066948	8	2026-03-24 16:59:55.066948	Tesouraria
2026-03-24 16:59:55.066948	9	2026-03-24 16:59:55.066948	Risco e Compliance
2026-03-24 16:59:55.066948	10	2026-03-24 16:59:55.066948	Auditoria Financeira
2026-03-24 16:59:55.066948	11	2026-03-24 16:59:55.066948	Planejamento Financeiro
2026-03-24 16:59:55.066948	12	2026-03-24 16:59:55.066948	Análise de Investimentos
2026-03-24 16:59:55.066948	13	2026-03-24 16:59:55.066948	Mercado de Capitais
2026-03-24 16:59:55.066948	14	2026-03-24 16:59:55.066948	Crédito e Financiamento
2026-03-24 16:59:55.066948	15	2026-03-24 16:59:55.066948	Seguros
2026-03-24 16:59:55.066948	16	2026-03-24 16:59:55.066948	Previdência Privada
2026-03-24 16:59:55.066948	17	2026-03-24 16:59:55.066948	Fintech
2026-03-24 16:59:55.066948	18	2026-03-24 16:59:55.066948	Pagamentos e Meios Digitais
2026-03-24 16:59:55.066948	19	2026-03-24 16:59:55.066948	Câmbio e Comércio Exterior
2026-03-24 16:59:55.066948	20	2026-03-24 16:59:55.066948	Controladoria
\.


--
-- Data for Name: selection_process; Type: TABLE DATA; Schema: public; Owner: -
--

COPY public.selection_process (is_active, created_at, id, updated_at, vacancy_id, description, title) FROM stdin;
\.


--
-- Data for Name: selection_stage; Type: TABLE DATA; Schema: public; Owner: -
--

COPY public.selection_stage (is_required, max_score, stage_order, visible, weight, id, vacancy_id, analysis_dimension, name, stage_type, url) FROM stdin;
\.


--
-- Data for Name: settings; Type: TABLE DATA; Schema: public; Owner: -
--

COPY public.settings (key, value, "loadOnStartup") FROM stdin;
ui.banners.dismissed	["V1"]	t
features.ldap	{"loginEnabled":false,"loginLabel":"","connectionUrl":"","allowUnauthorizedCerts":false,"connectionSecurity":"none","connectionPort":389,"baseDn":"","bindingAdminDn":"","bindingAdminPassword":"","firstNameAttribute":"","lastNameAttribute":"","emailAttribute":"","loginIdAttribute":"","ldapIdAttribute":"","userFilter":"","synchronizationEnabled":false,"synchronizationInterval":60,"searchPageSize":0,"searchTimeout":60,"enforceEmailUniqueness":true}	t
userManagement.isInstanceOwnerSetUp	true	t
\.


--
-- Data for Name: shared_credentials; Type: TABLE DATA; Schema: public; Owner: -
--

COPY public.shared_credentials ("credentialsId", "projectId", role, "createdAt", "updatedAt") FROM stdin;
\.


--
-- Data for Name: shared_workflow; Type: TABLE DATA; Schema: public; Owner: -
--

COPY public.shared_workflow ("workflowId", "projectId", role, "createdAt", "updatedAt") FROM stdin;
gQNU19rilh6uxqFw	K5Pfv55hxgGgr9mK	workflow:owner	2026-03-13 16:22:48.128+00	2026-03-13 16:22:48.128+00
\.


--
-- Data for Name: skill_base; Type: TABLE DATA; Schema: public; Owner: -
--

COPY public.skill_base (created_at, id, updated_at, skill_type, title) FROM stdin;
2026-03-24 17:09:19.6338	2	2026-03-24 17:09:19.6338	TECHNICAL	Análise Fundamentalista
2026-03-24 17:09:19.6338	3	2026-03-24 17:09:19.6338	TECHNICAL	Análise Técnica
2026-03-24 17:09:19.6338	4	2026-03-24 17:09:19.6338	TECHNICAL	Valuation de Empresas
2026-03-24 17:09:19.6338	5	2026-03-24 17:09:19.6338	TECHNICAL	Modelagem Financeira
2026-03-24 17:09:19.6338	6	2026-03-24 17:09:19.6338	TECHNICAL	Excel Avançado para Finanças
2026-03-24 17:09:19.6338	7	2026-03-24 17:09:19.6338	TECHNICAL	Power BI para Finanças
2026-03-24 17:09:19.6338	8	2026-03-24 17:09:19.6338	TECHNICAL	Gestão de Portfólio
2026-03-24 17:09:19.6338	9	2026-03-24 17:09:19.6338	TECHNICAL	Precificação de Ativos
2026-03-24 17:09:19.6338	10	2026-03-24 17:09:19.6338	TECHNICAL	Derivativos Financeiros
2026-03-24 17:09:19.6338	11	2026-03-24 17:09:19.6338	TECHNICAL	Mercado de Ações
2026-03-24 17:09:19.6338	12	2026-03-24 17:09:19.6338	TECHNICAL	Renda Fixa
2026-03-24 17:09:19.6338	13	2026-03-24 17:09:19.6338	TECHNICAL	Renda Variável
2026-03-24 17:09:19.6338	14	2026-03-24 17:09:19.6338	TECHNICAL	Análise de Demonstrativos Financeiros
2026-03-24 17:09:19.6338	15	2026-03-24 17:09:19.6338	TECHNICAL	Planejamento Financeiro
2026-03-24 17:09:19.6338	16	2026-03-24 17:09:19.6338	TECHNICAL	Gestão de Riscos
2026-03-24 17:09:19.6338	17	2026-03-24 17:09:19.6338	TECHNICAL	Compliance Financeiro
2026-03-24 17:09:19.6338	18	2026-03-24 17:09:19.6338	TECHNICAL	Auditoria Financeira
2026-03-24 17:09:19.6338	19	2026-03-24 17:09:19.6338	TECHNICAL	Contabilidade Financeira
2026-03-24 17:09:19.6338	20	2026-03-24 17:09:19.6338	TECHNICAL	Controladoria
2026-03-24 17:09:19.6338	21	2026-03-24 17:09:19.6338	TECHNICAL	Tesouraria Corporativa
2026-03-24 17:09:19.6338	22	2026-03-24 17:09:19.6338	TECHNICAL	Gestão de Liquidez
2026-03-24 17:09:19.6338	23	2026-03-24 17:09:19.6338	TECHNICAL	Crédito e Análise de Crédito
2026-03-24 17:09:19.6338	24	2026-03-24 17:09:19.6338	TECHNICAL	Gestão de Investimentos
2026-03-24 17:09:19.6338	25	2026-03-24 17:09:19.6338	TECHNICAL	Private Equity
2026-03-24 17:09:19.6338	26	2026-03-24 17:09:19.6338	TECHNICAL	Venture Capital
2026-03-24 17:09:19.6338	27	2026-03-24 17:09:19.6338	TECHNICAL	Hedge Funds
2026-03-24 17:09:19.6338	28	2026-03-24 17:09:19.6338	TECHNICAL	Finanças Corporativas
2026-03-24 17:09:19.6338	29	2026-03-24 17:09:19.6338	TECHNICAL	Fusões e Aquisições (M&A)
2026-03-24 17:09:19.6338	30	2026-03-24 17:09:19.6338	TECHNICAL	Planejamento Tributário
2026-03-24 17:09:19.6338	31	2026-03-24 17:09:19.6338	TECHNICAL	Análise de Custos
2026-03-24 17:09:19.6338	32	2026-03-24 17:09:19.6338	TECHNICAL	Forecast Financeiro
2026-03-24 17:09:19.6338	33	2026-03-24 17:09:19.6338	TECHNICAL	Orçamento Empresarial
2026-03-24 17:09:19.6338	34	2026-03-24 17:09:19.6338	TECHNICAL	Gestão de Indicadores Financeiros (KPIs)
2026-03-24 17:09:19.6338	35	2026-03-24 17:09:19.6338	TECHNICAL	Análise de Fluxo de Caixa
2026-03-24 17:09:19.6338	36	2026-03-24 17:09:19.6338	TECHNICAL	Gestão de Dívidas
2026-03-24 17:09:19.6338	37	2026-03-24 17:09:19.6338	TECHNICAL	Câmbio e Mercado Internacional
2026-03-24 17:09:19.6338	38	2026-03-24 17:09:19.6338	TECHNICAL	Precificação de Derivativos
2026-03-24 17:09:19.6338	39	2026-03-24 17:09:19.6338	TECHNICAL	Gestão de Fundos de Investimento
2026-03-24 17:09:19.6338	40	2026-03-24 17:09:19.6338	TECHNICAL	Análise Macroeconômica
2026-03-24 17:09:19.6338	41	2026-03-24 17:09:19.6338	TECHNICAL	Econometria Aplicada
2026-03-24 17:09:19.6338	42	2026-03-24 17:09:19.6338	TECHNICAL	Gestão de Riscos de Mercado
2026-03-24 17:09:19.6338	43	2026-03-24 17:09:19.6338	TECHNICAL	Gestão de Riscos de Crédito
2026-03-24 17:09:19.6338	44	2026-03-24 17:09:19.6338	TECHNICAL	Regulação do Sistema Financeiro
2026-03-24 17:09:19.6338	45	2026-03-24 17:09:19.6338	TECHNICAL	Basel III
2026-03-24 17:09:19.6338	46	2026-03-24 17:09:19.6338	TECHNICAL	IFRS (Normas Internacionais)
2026-03-24 17:09:19.6338	47	2026-03-24 17:09:19.6338	BEHAVIORAL	Pensamento Analítico
2026-03-24 17:09:19.6338	48	2026-03-24 17:09:19.6338	BEHAVIORAL	Tomada de Decisão
2026-03-24 17:09:19.6338	49	2026-03-24 17:09:19.6338	BEHAVIORAL	Gestão do Tempo
2026-03-24 17:09:19.6338	50	2026-03-24 17:09:19.6338	BEHAVIORAL	Comunicação Clara
2026-03-24 17:09:19.6338	51	2026-03-24 17:09:19.6338	BEHAVIORAL	Atenção a Detalhes
\.


--
-- Data for Name: skill_candidate; Type: TABLE DATA; Schema: public; Owner: -
--

COPY public.skill_candidate (candidate_id, certificate_id, created_at, experience_id, id, skill_base_id, updated_at, skill_level, source) FROM stdin;
\.


--
-- Data for Name: skill_vacancy; Type: TABLE DATA; Schema: public; Owner: -
--

COPY public.skill_vacancy (required, created_at, id, skill_base_id, updated_at, vacancy_id) FROM stdin;
\.


--
-- Data for Name: tag_entity; Type: TABLE DATA; Schema: public; Owner: -
--

COPY public.tag_entity (name, "createdAt", "updatedAt", id) FROM stdin;
\.


--
-- Data for Name: test_case_execution; Type: TABLE DATA; Schema: public; Owner: -
--

COPY public.test_case_execution (id, "testRunId", "executionId", status, "runAt", "completedAt", "errorCode", "errorDetails", metrics, "createdAt", "updatedAt", inputs, outputs) FROM stdin;
\.


--
-- Data for Name: test_run; Type: TABLE DATA; Schema: public; Owner: -
--

COPY public.test_run (id, "workflowId", status, "errorCode", "errorDetails", "runAt", "completedAt", metrics, "createdAt", "updatedAt") FROM stdin;
\.


--
-- Data for Name: user; Type: TABLE DATA; Schema: public; Owner: -
--

COPY public."user" (id, email, "firstName", "lastName", password, "personalizationAnswers", "createdAt", "updatedAt", settings, disabled, "mfaEnabled", "mfaSecret", "mfaRecoveryCodes", "lastActiveAt", "roleSlug") FROM stdin;
08fa9741-08ca-4f35-a98d-bcce7e674a6c	marcelo.cavalcanti.sousa@gmail.com	Marcelo	Cavalcanti	$2a$10$xAXDWW914iMLALvgbMSjXOsOALkxieJnjCch00MCoJLkmoS/1MfYC	{"version":"v4","personalization_survey_submitted_at":"2026-03-13T16:22:39.717Z","personalization_survey_n8n_version":"2.9.4"}	2026-03-13 16:22:07.034+00	2026-03-13 17:58:08.606+00	{"userActivated": false}	f	f	\N	\N	2026-03-13	global:owner
\.


--
-- Data for Name: user_api_keys; Type: TABLE DATA; Schema: public; Owner: -
--

COPY public.user_api_keys (id, "userId", label, "apiKey", "createdAt", "updatedAt", scopes, audience) FROM stdin;
\.


--
-- Data for Name: user_roles; Type: TABLE DATA; Schema: public; Owner: -
--

COPY public.user_roles (role_id, user_id) FROM stdin;
1	1
2	2
3	3
\.


--
-- Data for Name: users; Type: TABLE DATA; Schema: public; Owner: -
--

COPY public.users (created_at, id, updated_at, email, password) FROM stdin;
2026-03-24 16:49:02.430212	1	2026-03-24 16:49:02.430301	candidate@gmail.com	$2a$10$W/9fvKn.wKaTqADcWhVTwOoaEGxhG/KG8uG.cAEVjauuJ2UDo.NES
2026-03-24 16:49:14.644201	2	2026-03-24 16:49:14.644222	enterprise@techsolutions.com	\N
2026-03-24 16:49:30.571558	3	2026-03-24 16:49:30.57164	admin@email.com	$2a$10$bfP/5sfgCPgdjVNzIJhVmuZodDLLZhVphMyc49Yd5eA7RnSbDXrmy
\.


--
-- Data for Name: vacancys; Type: TABLE DATA; Schema: public; Owner: -
--

COPY public.vacancys (expiration_date, has_a_behavioral_test, has_a_technical_test, publication_date, required_certificate, closed_at, created_at, enterprise_id, id, max_experience_range, min_experience_range, sector_id, updated_at, description, experience_range, locality, modality_type, "position", title, vacancy_status, vacancy_type) FROM stdin;
\.


--
-- Data for Name: variables; Type: TABLE DATA; Schema: public; Owner: -
--

COPY public.variables (key, type, value, id, "projectId") FROM stdin;
\.


--
-- Data for Name: webhook_entity; Type: TABLE DATA; Schema: public; Owner: -
--

COPY public.webhook_entity ("webhookPath", method, node, "webhookId", "pathLength", "workflowId") FROM stdin;
\.


--
-- Data for Name: workflow_dependency; Type: TABLE DATA; Schema: public; Owner: -
--

COPY public.workflow_dependency (id, "workflowId", "workflowVersionId", "dependencyType", "dependencyKey", "dependencyInfo", "indexVersionId", "createdAt", "publishedVersionId") FROM stdin;
41	gQNU19rilh6uxqFw	22	nodeType	n8n-nodes-base.manualTrigger	{"nodeId":"e8cab224-516e-4c36-9fb4-1b81fa951abd","nodeVersion":1}	1	2026-03-13 17:50:11.904+00	\N
42	gQNU19rilh6uxqFw	22	nodeType	n8n-nodes-base.httpRequest	{"nodeId":"6fa1a99b-ad69-497c-81a4-4b3d200a7069","nodeVersion":4.4}	1	2026-03-13 17:50:11.904+00	\N
\.


--
-- Data for Name: workflow_entity; Type: TABLE DATA; Schema: public; Owner: -
--

COPY public.workflow_entity (name, active, nodes, connections, "createdAt", "updatedAt", settings, "staticData", "pinData", "versionId", "triggerCount", id, meta, "parentFolderId", "isArchived", "versionCounter", description, "activeVersionId") FROM stdin;
My workflow	f	[{"parameters":{},"type":"n8n-nodes-base.manualTrigger","typeVersion":1,"position":[0,0],"id":"e8cab224-516e-4c36-9fb4-1b81fa951abd","name":"When clicking ‘Execute workflow’"},{"parameters":{"method":"POST","url":"http://java-backend:8080/job-applications/finish-test","sendBody":true,"specifyBody":"json","jsonBody":"={\\n  \\"url\\": \\"https://talentos.sintonya.com/form/question-rio-de-teste\\",\\n  \\"cpf\\": \\"12345678901\\",\\n  \\"score\\": 20\\n\\n}","options":{}},"type":"n8n-nodes-base.httpRequest","typeVersion":4.4,"position":[208,0],"id":"6fa1a99b-ad69-497c-81a4-4b3d200a7069","name":"HTTP Request"}]	{"When clicking ‘Execute workflow’":{"main":[[{"node":"HTTP Request","type":"main","index":0}]]}}	2026-03-13 16:22:48.128+00	2026-03-13 17:50:11.886+00	{"executionOrder":"v1","binaryMode":"separate","availableInMCP":false}	\N	{}	dc3550f5-6867-4674-ab0d-8ecf8b190bbf	0	gQNU19rilh6uxqFw	\N	\N	f	22	\N	\N
\.


--
-- Data for Name: workflow_history; Type: TABLE DATA; Schema: public; Owner: -
--

COPY public.workflow_history ("versionId", "workflowId", authors, "createdAt", "updatedAt", nodes, connections, name, autosaved, description) FROM stdin;
dc3550f5-6867-4674-ab0d-8ecf8b190bbf	gQNU19rilh6uxqFw	Marcelo Cavalcanti	2026-03-13 17:50:11.888+00	2026-03-13 17:50:11.888+00	[{"parameters":{},"type":"n8n-nodes-base.manualTrigger","typeVersion":1,"position":[0,0],"id":"e8cab224-516e-4c36-9fb4-1b81fa951abd","name":"When clicking ‘Execute workflow’"},{"parameters":{"method":"POST","url":"http://java-backend:8080/job-applications/finish-test","sendBody":true,"specifyBody":"json","jsonBody":"={\\n  \\"url\\": \\"https://talentos.sintonya.com/form/question-rio-de-teste\\",\\n  \\"cpf\\": \\"12345678901\\",\\n  \\"score\\": 20\\n\\n}","options":{}},"type":"n8n-nodes-base.httpRequest","typeVersion":4.4,"position":[208,0],"id":"6fa1a99b-ad69-497c-81a4-4b3d200a7069","name":"HTTP Request"}]	{"When clicking ‘Execute workflow’":{"main":[[{"node":"HTTP Request","type":"main","index":0}]]}}	\N	t	\N
\.


--
-- Data for Name: workflow_publish_history; Type: TABLE DATA; Schema: public; Owner: -
--

COPY public.workflow_publish_history (id, "workflowId", "versionId", event, "userId", "createdAt") FROM stdin;
\.


--
-- Data for Name: workflow_published_version; Type: TABLE DATA; Schema: public; Owner: -
--

COPY public.workflow_published_version ("workflowId", "publishedVersionId", "createdAt", "updatedAt") FROM stdin;
\.


--
-- Data for Name: workflow_statistics; Type: TABLE DATA; Schema: public; Owner: -
--

COPY public.workflow_statistics (count, "latestEvent", name, "workflowId", "rootCount", id, "workflowName") FROM stdin;
1	2026-03-13 16:57:55.331+00	data_loaded	gQNU19rilh6uxqFw	1	1	\N
6	2026-03-13 18:09:25.072+00	manual_error	gQNU19rilh6uxqFw	0	2	My workflow
6	2026-03-13 18:24:40.86+00	manual_success	gQNU19rilh6uxqFw	0	4	My workflow
\.


--
-- Data for Name: workflows_tags; Type: TABLE DATA; Schema: public; Owner: -
--

COPY public.workflows_tags ("workflowId", "tagId") FROM stdin;
\.


--
-- Name: application_analysis_dimension_id_seq; Type: SEQUENCE SET; Schema: public; Owner: -
--

SELECT pg_catalog.setval('public.application_analysis_dimension_id_seq', 1, false);


--
-- Name: application_analysis_id_seq; Type: SEQUENCE SET; Schema: public; Owner: -
--

SELECT pg_catalog.setval('public.application_analysis_id_seq', 1, false);


--
-- Name: application_stage_result_id_seq; Type: SEQUENCE SET; Schema: public; Owner: -
--

SELECT pg_catalog.setval('public.application_stage_result_id_seq', 1, false);


--
-- Name: attachments_id_seq; Type: SEQUENCE SET; Schema: public; Owner: -
--

SELECT pg_catalog.setval('public.attachments_id_seq', 1, false);


--
-- Name: auth_provider_sync_history_id_seq; Type: SEQUENCE SET; Schema: public; Owner: -
--

SELECT pg_catalog.setval('public.auth_provider_sync_history_id_seq', 1, false);


--
-- Name: candidates_id_seq; Type: SEQUENCE SET; Schema: public; Owner: -
--

SELECT pg_catalog.setval('public.candidates_id_seq', 1, true);


--
-- Name: certificates_id_seq; Type: SEQUENCE SET; Schema: public; Owner: -
--

SELECT pg_catalog.setval('public.certificates_id_seq', 1, false);


--
-- Name: enterprises_id_seq; Type: SEQUENCE SET; Schema: public; Owner: -
--

SELECT pg_catalog.setval('public.enterprises_id_seq', 1, true);


--
-- Name: execution_annotations_id_seq; Type: SEQUENCE SET; Schema: public; Owner: -
--

SELECT pg_catalog.setval('public.execution_annotations_id_seq', 1, false);


--
-- Name: execution_entity_id_seq; Type: SEQUENCE SET; Schema: public; Owner: -
--

SELECT pg_catalog.setval('public.execution_entity_id_seq', 12, true);


--
-- Name: execution_metadata_temp_id_seq; Type: SEQUENCE SET; Schema: public; Owner: -
--

SELECT pg_catalog.setval('public.execution_metadata_temp_id_seq', 1, false);


--
-- Name: experiences_id_seq; Type: SEQUENCE SET; Schema: public; Owner: -
--

SELECT pg_catalog.setval('public.experiences_id_seq', 1, false);


--
-- Name: files_id_seq; Type: SEQUENCE SET; Schema: public; Owner: -
--

SELECT pg_catalog.setval('public.files_id_seq', 1, false);


--
-- Name: insights_by_period_id_seq; Type: SEQUENCE SET; Schema: public; Owner: -
--

SELECT pg_catalog.setval('public.insights_by_period_id_seq', 1, false);


--
-- Name: insights_metadata_metaId_seq; Type: SEQUENCE SET; Schema: public; Owner: -
--

SELECT pg_catalog.setval('public."insights_metadata_metaId_seq"', 1, false);


--
-- Name: insights_raw_id_seq; Type: SEQUENCE SET; Schema: public; Owner: -
--

SELECT pg_catalog.setval('public.insights_raw_id_seq', 1, false);


--
-- Name: job_application_id_seq; Type: SEQUENCE SET; Schema: public; Owner: -
--

SELECT pg_catalog.setval('public.job_application_id_seq', 1, false);


--
-- Name: migrations_id_seq; Type: SEQUENCE SET; Schema: public; Owner: -
--

SELECT pg_catalog.setval('public.migrations_id_seq', 144, true);


--
-- Name: oauth_user_consents_id_seq; Type: SEQUENCE SET; Schema: public; Owner: -
--

SELECT pg_catalog.setval('public.oauth_user_consents_id_seq', 1, false);


--
-- Name: permissions_id_seq; Type: SEQUENCE SET; Schema: public; Owner: -
--

SELECT pg_catalog.setval('public.permissions_id_seq', 17, true);


--
-- Name: profile_id_seq; Type: SEQUENCE SET; Schema: public; Owner: -
--

SELECT pg_catalog.setval('public.profile_id_seq', 2, true);


--
-- Name: roles_id_seq; Type: SEQUENCE SET; Schema: public; Owner: -
--

SELECT pg_catalog.setval('public.roles_id_seq', 3, true);


--
-- Name: secrets_provider_connection_id_seq; Type: SEQUENCE SET; Schema: public; Owner: -
--

SELECT pg_catalog.setval('public.secrets_provider_connection_id_seq', 1, false);


--
-- Name: sector_id_seq; Type: SEQUENCE SET; Schema: public; Owner: -
--

SELECT pg_catalog.setval('public.sector_id_seq', 20, true);


--
-- Name: selection_process_id_seq; Type: SEQUENCE SET; Schema: public; Owner: -
--

SELECT pg_catalog.setval('public.selection_process_id_seq', 1, false);


--
-- Name: selection_stage_id_seq; Type: SEQUENCE SET; Schema: public; Owner: -
--

SELECT pg_catalog.setval('public.selection_stage_id_seq', 1, false);


--
-- Name: skill_base_id_seq; Type: SEQUENCE SET; Schema: public; Owner: -
--

SELECT pg_catalog.setval('public.skill_base_id_seq', 51, true);


--
-- Name: skill_candidate_id_seq; Type: SEQUENCE SET; Schema: public; Owner: -
--

SELECT pg_catalog.setval('public.skill_candidate_id_seq', 1, false);


--
-- Name: skill_vacancy_id_seq; Type: SEQUENCE SET; Schema: public; Owner: -
--

SELECT pg_catalog.setval('public.skill_vacancy_id_seq', 1, false);


--
-- Name: users_id_seq; Type: SEQUENCE SET; Schema: public; Owner: -
--

SELECT pg_catalog.setval('public.users_id_seq', 3, true);


--
-- Name: vacancys_id_seq; Type: SEQUENCE SET; Schema: public; Owner: -
--

SELECT pg_catalog.setval('public.vacancys_id_seq', 1, true);


--
-- Name: workflow_dependency_id_seq; Type: SEQUENCE SET; Schema: public; Owner: -
--

SELECT pg_catalog.setval('public.workflow_dependency_id_seq', 42, true);


--
-- Name: workflow_publish_history_id_seq; Type: SEQUENCE SET; Schema: public; Owner: -
--

SELECT pg_catalog.setval('public.workflow_publish_history_id_seq', 1, false);


--
-- Name: workflow_statistics_id_seq; Type: SEQUENCE SET; Schema: public; Owner: -
--

SELECT pg_catalog.setval('public.workflow_statistics_id_seq', 13, true);


--
-- Name: test_run PK_011c050f566e9db509a0fadb9b9; Type: CONSTRAINT; Schema: public; Owner: -
--

ALTER TABLE ONLY public.test_run
    ADD CONSTRAINT "PK_011c050f566e9db509a0fadb9b9" PRIMARY KEY (id);


--
-- Name: project_secrets_provider_access PK_0402b7fcec5415246656f102f83; Type: CONSTRAINT; Schema: public; Owner: -
--

ALTER TABLE ONLY public.project_secrets_provider_access
    ADD CONSTRAINT "PK_0402b7fcec5415246656f102f83" PRIMARY KEY ("secretsProviderConnectionId", "projectId");


--
-- Name: installed_packages PK_08cc9197c39b028c1e9beca225940576fd1a5804; Type: CONSTRAINT; Schema: public; Owner: -
--

ALTER TABLE ONLY public.installed_packages
    ADD CONSTRAINT "PK_08cc9197c39b028c1e9beca225940576fd1a5804" PRIMARY KEY ("packageName");


--
-- Name: execution_metadata PK_17a0b6284f8d626aae88e1c16e4; Type: CONSTRAINT; Schema: public; Owner: -
--

ALTER TABLE ONLY public.execution_metadata
    ADD CONSTRAINT "PK_17a0b6284f8d626aae88e1c16e4" PRIMARY KEY (id);


--
-- Name: project_relation PK_1caaa312a5d7184a003be0f0cb6; Type: CONSTRAINT; Schema: public; Owner: -
--

ALTER TABLE ONLY public.project_relation
    ADD CONSTRAINT "PK_1caaa312a5d7184a003be0f0cb6" PRIMARY KEY ("projectId", "userId");


--
-- Name: chat_hub_sessions PK_1eafef1273c70e4464fec703412; Type: CONSTRAINT; Schema: public; Owner: -
--

ALTER TABLE ONLY public.chat_hub_sessions
    ADD CONSTRAINT "PK_1eafef1273c70e4464fec703412" PRIMARY KEY (id);


--
-- Name: folder_tag PK_27e4e00852f6b06a925a4d83a3e; Type: CONSTRAINT; Schema: public; Owner: -
--

ALTER TABLE ONLY public.folder_tag
    ADD CONSTRAINT "PK_27e4e00852f6b06a925a4d83a3e" PRIMARY KEY ("folderId", "tagId");


--
-- Name: role PK_35c9b140caaf6da09cfabb0d675; Type: CONSTRAINT; Schema: public; Owner: -
--

ALTER TABLE ONLY public.role
    ADD CONSTRAINT "PK_35c9b140caaf6da09cfabb0d675" PRIMARY KEY (slug);


--
-- Name: secrets_provider_connection PK_4350ae85e76f9ba7df1370acb5d; Type: CONSTRAINT; Schema: public; Owner: -
--

ALTER TABLE ONLY public.secrets_provider_connection
    ADD CONSTRAINT "PK_4350ae85e76f9ba7df1370acb5d" PRIMARY KEY (id);


--
-- Name: project PK_4d68b1358bb5b766d3e78f32f57; Type: CONSTRAINT; Schema: public; Owner: -
--

ALTER TABLE ONLY public.project
    ADD CONSTRAINT "PK_4d68b1358bb5b766d3e78f32f57" PRIMARY KEY (id);


--
-- Name: dynamic_credential_entry PK_5135ffcabecad4727ff6b9b803d; Type: CONSTRAINT; Schema: public; Owner: -
--

ALTER TABLE ONLY public.dynamic_credential_entry
    ADD CONSTRAINT "PK_5135ffcabecad4727ff6b9b803d" PRIMARY KEY (credential_id, subject_id, resolver_id);


--
-- Name: workflow_dependency PK_52325e34cd7a2f0f67b0f3cad65; Type: CONSTRAINT; Schema: public; Owner: -
--

ALTER TABLE ONLY public.workflow_dependency
    ADD CONSTRAINT "PK_52325e34cd7a2f0f67b0f3cad65" PRIMARY KEY (id);


--
-- Name: invalid_auth_token PK_5779069b7235b256d91f7af1a15; Type: CONSTRAINT; Schema: public; Owner: -
--

ALTER TABLE ONLY public.invalid_auth_token
    ADD CONSTRAINT "PK_5779069b7235b256d91f7af1a15" PRIMARY KEY (token);


--
-- Name: shared_workflow PK_5ba87620386b847201c9531c58f; Type: CONSTRAINT; Schema: public; Owner: -
--

ALTER TABLE ONLY public.shared_workflow
    ADD CONSTRAINT "PK_5ba87620386b847201c9531c58f" PRIMARY KEY ("workflowId", "projectId");


--
-- Name: workflow_published_version PK_5c76fb7ee939fe2530374d3f75a; Type: CONSTRAINT; Schema: public; Owner: -
--

ALTER TABLE ONLY public.workflow_published_version
    ADD CONSTRAINT "PK_5c76fb7ee939fe2530374d3f75a" PRIMARY KEY ("workflowId");


--
-- Name: folder PK_6278a41a706740c94c02e288df8; Type: CONSTRAINT; Schema: public; Owner: -
--

ALTER TABLE ONLY public.folder
    ADD CONSTRAINT "PK_6278a41a706740c94c02e288df8" PRIMARY KEY (id);


--
-- Name: data_table_column PK_673cb121ee4a8a5e27850c72c51; Type: CONSTRAINT; Schema: public; Owner: -
--

ALTER TABLE ONLY public.data_table_column
    ADD CONSTRAINT "PK_673cb121ee4a8a5e27850c72c51" PRIMARY KEY (id);


--
-- Name: chat_hub_tools PK_696d26426c704fba79b2c195ef5; Type: CONSTRAINT; Schema: public; Owner: -
--

ALTER TABLE ONLY public.chat_hub_tools
    ADD CONSTRAINT "PK_696d26426c704fba79b2c195ef5" PRIMARY KEY (id);


--
-- Name: annotation_tag_entity PK_69dfa041592c30bbc0d4b84aa00; Type: CONSTRAINT; Schema: public; Owner: -
--

ALTER TABLE ONLY public.annotation_tag_entity
    ADD CONSTRAINT "PK_69dfa041592c30bbc0d4b84aa00" PRIMARY KEY (id);


--
-- Name: oauth_refresh_tokens PK_74abaed0b30711b6532598b0392; Type: CONSTRAINT; Schema: public; Owner: -
--

ALTER TABLE ONLY public.oauth_refresh_tokens
    ADD CONSTRAINT "PK_74abaed0b30711b6532598b0392" PRIMARY KEY (token);


--
-- Name: dynamic_credential_user_entry PK_74f548e633abc66dc27c8f0ca77; Type: CONSTRAINT; Schema: public; Owner: -
--

ALTER TABLE ONLY public.dynamic_credential_user_entry
    ADD CONSTRAINT "PK_74f548e633abc66dc27c8f0ca77" PRIMARY KEY ("credentialId", "userId", "resolverId");


--
-- Name: chat_hub_messages PK_7704a5add6baed43eef835f0bfb; Type: CONSTRAINT; Schema: public; Owner: -
--

ALTER TABLE ONLY public.chat_hub_messages
    ADD CONSTRAINT "PK_7704a5add6baed43eef835f0bfb" PRIMARY KEY (id);


--
-- Name: execution_annotations PK_7afcf93ffa20c4252869a7c6a23; Type: CONSTRAINT; Schema: public; Owner: -
--

ALTER TABLE ONLY public.execution_annotations
    ADD CONSTRAINT "PK_7afcf93ffa20c4252869a7c6a23" PRIMARY KEY (id);


--
-- Name: oauth_user_consents PK_85b9ada746802c8993103470f05; Type: CONSTRAINT; Schema: public; Owner: -
--

ALTER TABLE ONLY public.oauth_user_consents
    ADD CONSTRAINT "PK_85b9ada746802c8993103470f05" PRIMARY KEY (id);


--
-- Name: chat_hub_session_tools PK_87aea76ff4c274c4a5ac838ebe3; Type: CONSTRAINT; Schema: public; Owner: -
--

ALTER TABLE ONLY public.chat_hub_session_tools
    ADD CONSTRAINT "PK_87aea76ff4c274c4a5ac838ebe3" PRIMARY KEY ("sessionId", "toolId");


--
-- Name: migrations PK_8c82d7f526340ab734260ea46be; Type: CONSTRAINT; Schema: public; Owner: -
--

ALTER TABLE ONLY public.migrations
    ADD CONSTRAINT "PK_8c82d7f526340ab734260ea46be" PRIMARY KEY (id);


--
-- Name: installed_nodes PK_8ebd28194e4f792f96b5933423fc439df97d9689; Type: CONSTRAINT; Schema: public; Owner: -
--

ALTER TABLE ONLY public.installed_nodes
    ADD CONSTRAINT "PK_8ebd28194e4f792f96b5933423fc439df97d9689" PRIMARY KEY (name);


--
-- Name: shared_credentials PK_8ef3a59796a228913f251779cff; Type: CONSTRAINT; Schema: public; Owner: -
--

ALTER TABLE ONLY public.shared_credentials
    ADD CONSTRAINT "PK_8ef3a59796a228913f251779cff" PRIMARY KEY ("credentialsId", "projectId");


--
-- Name: test_case_execution PK_90c121f77a78a6580e94b794bce; Type: CONSTRAINT; Schema: public; Owner: -
--

ALTER TABLE ONLY public.test_case_execution
    ADD CONSTRAINT "PK_90c121f77a78a6580e94b794bce" PRIMARY KEY (id);


--
-- Name: user_api_keys PK_978fa5caa3468f463dac9d92e69; Type: CONSTRAINT; Schema: public; Owner: -
--

ALTER TABLE ONLY public.user_api_keys
    ADD CONSTRAINT "PK_978fa5caa3468f463dac9d92e69" PRIMARY KEY (id);


--
-- Name: execution_annotation_tags PK_979ec03d31294cca484be65d11f; Type: CONSTRAINT; Schema: public; Owner: -
--

ALTER TABLE ONLY public.execution_annotation_tags
    ADD CONSTRAINT "PK_979ec03d31294cca484be65d11f" PRIMARY KEY ("annotationId", "tagId");


--
-- Name: webhook_entity PK_b21ace2e13596ccd87dc9bf4ea6; Type: CONSTRAINT; Schema: public; Owner: -
--

ALTER TABLE ONLY public.webhook_entity
    ADD CONSTRAINT "PK_b21ace2e13596ccd87dc9bf4ea6" PRIMARY KEY ("webhookPath", method);


--
-- Name: insights_by_period PK_b606942249b90cc39b0265f0575; Type: CONSTRAINT; Schema: public; Owner: -
--

ALTER TABLE ONLY public.insights_by_period
    ADD CONSTRAINT "PK_b606942249b90cc39b0265f0575" PRIMARY KEY (id);


--
-- Name: workflow_history PK_b6572dd6173e4cd06fe79937b58; Type: CONSTRAINT; Schema: public; Owner: -
--

ALTER TABLE ONLY public.workflow_history
    ADD CONSTRAINT "PK_b6572dd6173e4cd06fe79937b58" PRIMARY KEY ("versionId");


--
-- Name: dynamic_credential_resolver PK_b76cfb088dcdaf5275e9980bb64; Type: CONSTRAINT; Schema: public; Owner: -
--

ALTER TABLE ONLY public.dynamic_credential_resolver
    ADD CONSTRAINT "PK_b76cfb088dcdaf5275e9980bb64" PRIMARY KEY (id);


--
-- Name: scope PK_bfc45df0481abd7f355d6187da1; Type: CONSTRAINT; Schema: public; Owner: -
--

ALTER TABLE ONLY public.scope
    ADD CONSTRAINT "PK_bfc45df0481abd7f355d6187da1" PRIMARY KEY (slug);


--
-- Name: oauth_clients PK_c4759172d3431bae6f04e678e0d; Type: CONSTRAINT; Schema: public; Owner: -
--

ALTER TABLE ONLY public.oauth_clients
    ADD CONSTRAINT "PK_c4759172d3431bae6f04e678e0d" PRIMARY KEY (id);


--
-- Name: workflow_publish_history PK_c788f7caf88e91e365c97d6d04a; Type: CONSTRAINT; Schema: public; Owner: -
--

ALTER TABLE ONLY public.workflow_publish_history
    ADD CONSTRAINT "PK_c788f7caf88e91e365c97d6d04a" PRIMARY KEY (id);


--
-- Name: processed_data PK_ca04b9d8dc72de268fe07a65773; Type: CONSTRAINT; Schema: public; Owner: -
--

ALTER TABLE ONLY public.processed_data
    ADD CONSTRAINT "PK_ca04b9d8dc72de268fe07a65773" PRIMARY KEY ("workflowId", context);


--
-- Name: chat_hub_agent_tools PK_cc8806fdea48297a7d497035d72; Type: CONSTRAINT; Schema: public; Owner: -
--

ALTER TABLE ONLY public.chat_hub_agent_tools
    ADD CONSTRAINT "PK_cc8806fdea48297a7d497035d72" PRIMARY KEY ("agentId", "toolId");


--
-- Name: settings PK_dc0fe14e6d9943f268e7b119f69ab8bd; Type: CONSTRAINT; Schema: public; Owner: -
--

ALTER TABLE ONLY public.settings
    ADD CONSTRAINT "PK_dc0fe14e6d9943f268e7b119f69ab8bd" PRIMARY KEY (key);


--
-- Name: oauth_access_tokens PK_dcd71f96a5d5f4bf79e67d322bf; Type: CONSTRAINT; Schema: public; Owner: -
--

ALTER TABLE ONLY public.oauth_access_tokens
    ADD CONSTRAINT "PK_dcd71f96a5d5f4bf79e67d322bf" PRIMARY KEY (token);


--
-- Name: data_table PK_e226d0001b9e6097cbfe70617cb; Type: CONSTRAINT; Schema: public; Owner: -
--

ALTER TABLE ONLY public.data_table
    ADD CONSTRAINT "PK_e226d0001b9e6097cbfe70617cb" PRIMARY KEY (id);


--
-- Name: user PK_ea8f538c94b6e352418254ed6474a81f; Type: CONSTRAINT; Schema: public; Owner: -
--

ALTER TABLE ONLY public."user"
    ADD CONSTRAINT "PK_ea8f538c94b6e352418254ed6474a81f" PRIMARY KEY (id);


--
-- Name: insights_raw PK_ec15125755151e3a7e00e00014f; Type: CONSTRAINT; Schema: public; Owner: -
--

ALTER TABLE ONLY public.insights_raw
    ADD CONSTRAINT "PK_ec15125755151e3a7e00e00014f" PRIMARY KEY (id);


--
-- Name: chat_hub_agents PK_f39a3b36bbdf0e2979ddb21cf78; Type: CONSTRAINT; Schema: public; Owner: -
--

ALTER TABLE ONLY public.chat_hub_agents
    ADD CONSTRAINT "PK_f39a3b36bbdf0e2979ddb21cf78" PRIMARY KEY (id);


--
-- Name: insights_metadata PK_f448a94c35218b6208ce20cf5a1; Type: CONSTRAINT; Schema: public; Owner: -
--

ALTER TABLE ONLY public.insights_metadata
    ADD CONSTRAINT "PK_f448a94c35218b6208ce20cf5a1" PRIMARY KEY ("metaId");


--
-- Name: oauth_authorization_codes PK_fb91ab932cfbd694061501cc20f; Type: CONSTRAINT; Schema: public; Owner: -
--

ALTER TABLE ONLY public.oauth_authorization_codes
    ADD CONSTRAINT "PK_fb91ab932cfbd694061501cc20f" PRIMARY KEY (code);


--
-- Name: binary_data PK_fc3691585b39408bb0551122af6; Type: CONSTRAINT; Schema: public; Owner: -
--

ALTER TABLE ONLY public.binary_data
    ADD CONSTRAINT "PK_fc3691585b39408bb0551122af6" PRIMARY KEY ("fileId");


--
-- Name: role_scope PK_role_scope; Type: CONSTRAINT; Schema: public; Owner: -
--

ALTER TABLE ONLY public.role_scope
    ADD CONSTRAINT "PK_role_scope" PRIMARY KEY ("roleSlug", "scopeSlug");


--
-- Name: oauth_user_consents UQ_083721d99ce8db4033e2958ebb4; Type: CONSTRAINT; Schema: public; Owner: -
--

ALTER TABLE ONLY public.oauth_user_consents
    ADD CONSTRAINT "UQ_083721d99ce8db4033e2958ebb4" UNIQUE ("userId", "clientId");


--
-- Name: data_table_column UQ_8082ec4890f892f0bc77473a123; Type: CONSTRAINT; Schema: public; Owner: -
--

ALTER TABLE ONLY public.data_table_column
    ADD CONSTRAINT "UQ_8082ec4890f892f0bc77473a123" UNIQUE ("dataTableId", name);


--
-- Name: data_table UQ_b23096ef747281ac944d28e8b0d; Type: CONSTRAINT; Schema: public; Owner: -
--

ALTER TABLE ONLY public.data_table
    ADD CONSTRAINT "UQ_b23096ef747281ac944d28e8b0d" UNIQUE ("projectId", name);


--
-- Name: user UQ_e12875dfb3b1d92d7d7c5377e2; Type: CONSTRAINT; Schema: public; Owner: -
--

ALTER TABLE ONLY public."user"
    ADD CONSTRAINT "UQ_e12875dfb3b1d92d7d7c5377e2" UNIQUE (email);


--
-- Name: application_analysis_dimension application_analysis_dimension_pkey; Type: CONSTRAINT; Schema: public; Owner: -
--

ALTER TABLE ONLY public.application_analysis_dimension
    ADD CONSTRAINT application_analysis_dimension_pkey PRIMARY KEY (id);


--
-- Name: application_analysis_dimension application_analysis_dimension_selection_stage_id_key; Type: CONSTRAINT; Schema: public; Owner: -
--

ALTER TABLE ONLY public.application_analysis_dimension
    ADD CONSTRAINT application_analysis_dimension_selection_stage_id_key UNIQUE (selection_stage_id);


--
-- Name: application_analysis application_analysis_job_application_id_key; Type: CONSTRAINT; Schema: public; Owner: -
--

ALTER TABLE ONLY public.application_analysis
    ADD CONSTRAINT application_analysis_job_application_id_key UNIQUE (job_application_id);


--
-- Name: application_analysis application_analysis_pkey; Type: CONSTRAINT; Schema: public; Owner: -
--

ALTER TABLE ONLY public.application_analysis
    ADD CONSTRAINT application_analysis_pkey PRIMARY KEY (id);


--
-- Name: application_stage_result application_stage_result_pkey; Type: CONSTRAINT; Schema: public; Owner: -
--

ALTER TABLE ONLY public.application_stage_result
    ADD CONSTRAINT application_stage_result_pkey PRIMARY KEY (id);


--
-- Name: attachments attachments_pkey; Type: CONSTRAINT; Schema: public; Owner: -
--

ALTER TABLE ONLY public.attachments
    ADD CONSTRAINT attachments_pkey PRIMARY KEY (id);


--
-- Name: auth_identity auth_identity_pkey; Type: CONSTRAINT; Schema: public; Owner: -
--

ALTER TABLE ONLY public.auth_identity
    ADD CONSTRAINT auth_identity_pkey PRIMARY KEY ("providerId", "providerType");


--
-- Name: auth_provider_sync_history auth_provider_sync_history_pkey; Type: CONSTRAINT; Schema: public; Owner: -
--

ALTER TABLE ONLY public.auth_provider_sync_history
    ADD CONSTRAINT auth_provider_sync_history_pkey PRIMARY KEY (id);


--
-- Name: candidates candidates_pkey; Type: CONSTRAINT; Schema: public; Owner: -
--

ALTER TABLE ONLY public.candidates
    ADD CONSTRAINT candidates_pkey PRIMARY KEY (id);


--
-- Name: candidates candidates_profile_id_key; Type: CONSTRAINT; Schema: public; Owner: -
--

ALTER TABLE ONLY public.candidates
    ADD CONSTRAINT candidates_profile_id_key UNIQUE (profile_id);


--
-- Name: candidates candidates_user_id_key; Type: CONSTRAINT; Schema: public; Owner: -
--

ALTER TABLE ONLY public.candidates
    ADD CONSTRAINT candidates_user_id_key UNIQUE (user_id);


--
-- Name: certificate_sectors certificate_sectors_pkey; Type: CONSTRAINT; Schema: public; Owner: -
--

ALTER TABLE ONLY public.certificate_sectors
    ADD CONSTRAINT certificate_sectors_pkey PRIMARY KEY (certificate_id, sector_id);


--
-- Name: certificates certificates_pkey; Type: CONSTRAINT; Schema: public; Owner: -
--

ALTER TABLE ONLY public.certificates
    ADD CONSTRAINT certificates_pkey PRIMARY KEY (id);


--
-- Name: credentials_entity credentials_entity_pkey; Type: CONSTRAINT; Schema: public; Owner: -
--

ALTER TABLE ONLY public.credentials_entity
    ADD CONSTRAINT credentials_entity_pkey PRIMARY KEY (id);


--
-- Name: enterprises enterprises_pkey; Type: CONSTRAINT; Schema: public; Owner: -
--

ALTER TABLE ONLY public.enterprises
    ADD CONSTRAINT enterprises_pkey PRIMARY KEY (id);


--
-- Name: enterprises enterprises_profile_id_key; Type: CONSTRAINT; Schema: public; Owner: -
--

ALTER TABLE ONLY public.enterprises
    ADD CONSTRAINT enterprises_profile_id_key UNIQUE (profile_id);


--
-- Name: enterprises enterprises_user_id_key; Type: CONSTRAINT; Schema: public; Owner: -
--

ALTER TABLE ONLY public.enterprises
    ADD CONSTRAINT enterprises_user_id_key UNIQUE (user_id);


--
-- Name: event_destinations event_destinations_pkey; Type: CONSTRAINT; Schema: public; Owner: -
--

ALTER TABLE ONLY public.event_destinations
    ADD CONSTRAINT event_destinations_pkey PRIMARY KEY (id);


--
-- Name: execution_data execution_data_pkey; Type: CONSTRAINT; Schema: public; Owner: -
--

ALTER TABLE ONLY public.execution_data
    ADD CONSTRAINT execution_data_pkey PRIMARY KEY ("executionId");


--
-- Name: experiences experiences_pkey; Type: CONSTRAINT; Schema: public; Owner: -
--

ALTER TABLE ONLY public.experiences
    ADD CONSTRAINT experiences_pkey PRIMARY KEY (id);


--
-- Name: files files_pkey; Type: CONSTRAINT; Schema: public; Owner: -
--

ALTER TABLE ONLY public.files
    ADD CONSTRAINT files_pkey PRIMARY KEY (id);


--
-- Name: job_application job_application_pkey; Type: CONSTRAINT; Schema: public; Owner: -
--

ALTER TABLE ONLY public.job_application
    ADD CONSTRAINT job_application_pkey PRIMARY KEY (id);


--
-- Name: permissions permissions_permission_name_key; Type: CONSTRAINT; Schema: public; Owner: -
--

ALTER TABLE ONLY public.permissions
    ADD CONSTRAINT permissions_permission_name_key UNIQUE (permission_name);


--
-- Name: permissions permissions_pkey; Type: CONSTRAINT; Schema: public; Owner: -
--

ALTER TABLE ONLY public.permissions
    ADD CONSTRAINT permissions_pkey PRIMARY KEY (id);


--
-- Name: execution_entity pk_e3e63bbf986767844bbe1166d4e; Type: CONSTRAINT; Schema: public; Owner: -
--

ALTER TABLE ONLY public.execution_entity
    ADD CONSTRAINT pk_e3e63bbf986767844bbe1166d4e PRIMARY KEY (id);


--
-- Name: workflows_tags pk_workflows_tags; Type: CONSTRAINT; Schema: public; Owner: -
--

ALTER TABLE ONLY public.workflows_tags
    ADD CONSTRAINT pk_workflows_tags PRIMARY KEY ("workflowId", "tagId");


--
-- Name: profile profile_pkey; Type: CONSTRAINT; Schema: public; Owner: -
--

ALTER TABLE ONLY public.profile
    ADD CONSTRAINT profile_pkey PRIMARY KEY (id);


--
-- Name: role_permissions role_permissions_pkey; Type: CONSTRAINT; Schema: public; Owner: -
--

ALTER TABLE ONLY public.role_permissions
    ADD CONSTRAINT role_permissions_pkey PRIMARY KEY (permission_id, role_id);


--
-- Name: roles roles_pkey; Type: CONSTRAINT; Schema: public; Owner: -
--

ALTER TABLE ONLY public.roles
    ADD CONSTRAINT roles_pkey PRIMARY KEY (id);


--
-- Name: sector sector_pkey; Type: CONSTRAINT; Schema: public; Owner: -
--

ALTER TABLE ONLY public.sector
    ADD CONSTRAINT sector_pkey PRIMARY KEY (id);


--
-- Name: selection_process selection_process_pkey; Type: CONSTRAINT; Schema: public; Owner: -
--

ALTER TABLE ONLY public.selection_process
    ADD CONSTRAINT selection_process_pkey PRIMARY KEY (id);


--
-- Name: selection_stage selection_stage_pkey; Type: CONSTRAINT; Schema: public; Owner: -
--

ALTER TABLE ONLY public.selection_stage
    ADD CONSTRAINT selection_stage_pkey PRIMARY KEY (id);


--
-- Name: skill_base skill_base_pkey; Type: CONSTRAINT; Schema: public; Owner: -
--

ALTER TABLE ONLY public.skill_base
    ADD CONSTRAINT skill_base_pkey PRIMARY KEY (id);


--
-- Name: skill_candidate skill_candidate_pkey; Type: CONSTRAINT; Schema: public; Owner: -
--

ALTER TABLE ONLY public.skill_candidate
    ADD CONSTRAINT skill_candidate_pkey PRIMARY KEY (id);


--
-- Name: skill_vacancy skill_vacancy_pkey; Type: CONSTRAINT; Schema: public; Owner: -
--

ALTER TABLE ONLY public.skill_vacancy
    ADD CONSTRAINT skill_vacancy_pkey PRIMARY KEY (id);


--
-- Name: tag_entity tag_entity_pkey; Type: CONSTRAINT; Schema: public; Owner: -
--

ALTER TABLE ONLY public.tag_entity
    ADD CONSTRAINT tag_entity_pkey PRIMARY KEY (id);


--
-- Name: user_roles user_roles_pkey; Type: CONSTRAINT; Schema: public; Owner: -
--

ALTER TABLE ONLY public.user_roles
    ADD CONSTRAINT user_roles_pkey PRIMARY KEY (role_id, user_id);


--
-- Name: users users_email_key; Type: CONSTRAINT; Schema: public; Owner: -
--

ALTER TABLE ONLY public.users
    ADD CONSTRAINT users_email_key UNIQUE (email);


--
-- Name: users users_pkey; Type: CONSTRAINT; Schema: public; Owner: -
--

ALTER TABLE ONLY public.users
    ADD CONSTRAINT users_pkey PRIMARY KEY (id);


--
-- Name: vacancys vacancys_pkey; Type: CONSTRAINT; Schema: public; Owner: -
--

ALTER TABLE ONLY public.vacancys
    ADD CONSTRAINT vacancys_pkey PRIMARY KEY (id);


--
-- Name: variables variables_pkey; Type: CONSTRAINT; Schema: public; Owner: -
--

ALTER TABLE ONLY public.variables
    ADD CONSTRAINT variables_pkey PRIMARY KEY (id);


--
-- Name: workflow_entity workflow_entity_pkey; Type: CONSTRAINT; Schema: public; Owner: -
--

ALTER TABLE ONLY public.workflow_entity
    ADD CONSTRAINT workflow_entity_pkey PRIMARY KEY (id);


--
-- Name: workflow_statistics workflow_statistics_pkey; Type: CONSTRAINT; Schema: public; Owner: -
--

ALTER TABLE ONLY public.workflow_statistics
    ADD CONSTRAINT workflow_statistics_pkey PRIMARY KEY (id);


--
-- Name: IDX_070b5de842ece9ccdda0d9738b; Type: INDEX; Schema: public; Owner: -
--

CREATE INDEX "IDX_070b5de842ece9ccdda0d9738b" ON public.workflow_publish_history USING btree ("workflowId", "versionId");


--
-- Name: IDX_14f68deffaf858465715995508; Type: INDEX; Schema: public; Owner: -
--

CREATE UNIQUE INDEX "IDX_14f68deffaf858465715995508" ON public.folder USING btree ("projectId", id);


--
-- Name: IDX_1d8ab99d5861c9388d2dc1cf73; Type: INDEX; Schema: public; Owner: -
--

CREATE UNIQUE INDEX "IDX_1d8ab99d5861c9388d2dc1cf73" ON public.insights_metadata USING btree ("workflowId");


--
-- Name: IDX_1e31657f5fe46816c34be7c1b4; Type: INDEX; Schema: public; Owner: -
--

CREATE INDEX "IDX_1e31657f5fe46816c34be7c1b4" ON public.workflow_history USING btree ("workflowId");


--
-- Name: IDX_1ef35bac35d20bdae979d917a3; Type: INDEX; Schema: public; Owner: -
--

CREATE UNIQUE INDEX "IDX_1ef35bac35d20bdae979d917a3" ON public.user_api_keys USING btree ("apiKey");


--
-- Name: IDX_4c72ebdb265d1775bf61147af0; Type: INDEX; Schema: public; Owner: -
--

CREATE UNIQUE INDEX "IDX_4c72ebdb265d1775bf61147af0" ON public.chat_hub_tools USING btree ("ownerId", name);


--
-- Name: IDX_56900edc3cfd16612e2ef2c6a8; Type: INDEX; Schema: public; Owner: -
--

CREATE INDEX "IDX_56900edc3cfd16612e2ef2c6a8" ON public.binary_data USING btree ("sourceType", "sourceId");


--
-- Name: IDX_5f0643f6717905a05164090dde; Type: INDEX; Schema: public; Owner: -
--

CREATE INDEX "IDX_5f0643f6717905a05164090dde" ON public.project_relation USING btree ("userId");


--
-- Name: IDX_60b6a84299eeb3f671dfec7693; Type: INDEX; Schema: public; Owner: -
--

CREATE UNIQUE INDEX "IDX_60b6a84299eeb3f671dfec7693" ON public.insights_by_period USING btree ("periodStart", type, "periodUnit", "metaId");


--
-- Name: IDX_61448d56d61802b5dfde5cdb00; Type: INDEX; Schema: public; Owner: -
--

CREATE INDEX "IDX_61448d56d61802b5dfde5cdb00" ON public.project_relation USING btree ("projectId");


--
-- Name: IDX_62476b94b56d9dc7ed9ed75d3d; Type: INDEX; Schema: public; Owner: -
--

CREATE INDEX "IDX_62476b94b56d9dc7ed9ed75d3d" ON public.dynamic_credential_entry USING btree (subject_id);


--
-- Name: IDX_63d7bbae72c767cf162d459fcc; Type: INDEX; Schema: public; Owner: -
--

CREATE UNIQUE INDEX "IDX_63d7bbae72c767cf162d459fcc" ON public.user_api_keys USING btree ("userId", label);


--
-- Name: IDX_6edec973a6450990977bb854c3; Type: INDEX; Schema: public; Owner: -
--

CREATE INDEX "IDX_6edec973a6450990977bb854c3" ON public.dynamic_credential_user_entry USING btree ("resolverId");


--
-- Name: IDX_8e4b4774db42f1e6dda3452b2a; Type: INDEX; Schema: public; Owner: -
--

CREATE INDEX "IDX_8e4b4774db42f1e6dda3452b2a" ON public.test_case_execution USING btree ("testRunId");


--
-- Name: IDX_97f863fa83c4786f1956508496; Type: INDEX; Schema: public; Owner: -
--

CREATE UNIQUE INDEX "IDX_97f863fa83c4786f1956508496" ON public.execution_annotations USING btree ("executionId");


--
-- Name: IDX_9c9ee9df586e60bb723234e499; Type: INDEX; Schema: public; Owner: -
--

CREATE INDEX "IDX_9c9ee9df586e60bb723234e499" ON public.dynamic_credential_resolver USING btree (type);


--
-- Name: IDX_UniqueRoleDisplayName; Type: INDEX; Schema: public; Owner: -
--

CREATE UNIQUE INDEX "IDX_UniqueRoleDisplayName" ON public.role USING btree ("displayName");


--
-- Name: IDX_a3697779b366e131b2bbdae297; Type: INDEX; Schema: public; Owner: -
--

CREATE INDEX "IDX_a3697779b366e131b2bbdae297" ON public.execution_annotation_tags USING btree ("tagId");


--
-- Name: IDX_a36dc616fabc3f736bb82410a2; Type: INDEX; Schema: public; Owner: -
--

CREATE INDEX "IDX_a36dc616fabc3f736bb82410a2" ON public.dynamic_credential_user_entry USING btree ("userId");


--
-- Name: IDX_a4ff2d9b9628ea988fa9e7d0bf; Type: INDEX; Schema: public; Owner: -
--

CREATE INDEX "IDX_a4ff2d9b9628ea988fa9e7d0bf" ON public.workflow_dependency USING btree ("workflowId");


--
-- Name: IDX_ae51b54c4bb430cf92f48b623f; Type: INDEX; Schema: public; Owner: -
--

CREATE UNIQUE INDEX "IDX_ae51b54c4bb430cf92f48b623f" ON public.annotation_tag_entity USING btree (name);


--
-- Name: IDX_c1519757391996eb06064f0e7c; Type: INDEX; Schema: public; Owner: -
--

CREATE INDEX "IDX_c1519757391996eb06064f0e7c" ON public.execution_annotation_tags USING btree ("annotationId");


--
-- Name: IDX_cec8eea3bf49551482ccb4933e; Type: INDEX; Schema: public; Owner: -
--

CREATE UNIQUE INDEX "IDX_cec8eea3bf49551482ccb4933e" ON public.execution_metadata USING btree ("executionId", key);


--
-- Name: IDX_chat_hub_messages_sessionId; Type: INDEX; Schema: public; Owner: -
--

CREATE INDEX "IDX_chat_hub_messages_sessionId" ON public.chat_hub_messages USING btree ("sessionId");


--
-- Name: IDX_chat_hub_sessions_owner_lastmsg_id; Type: INDEX; Schema: public; Owner: -
--

CREATE INDEX "IDX_chat_hub_sessions_owner_lastmsg_id" ON public.chat_hub_sessions USING btree ("ownerId", "lastMessageAt" DESC, id);


--
-- Name: IDX_d61a12235d268a49af6a3c09c1; Type: INDEX; Schema: public; Owner: -
--

CREATE INDEX "IDX_d61a12235d268a49af6a3c09c1" ON public.dynamic_credential_entry USING btree (resolver_id);


--
-- Name: IDX_d6870d3b6e4c185d33926f423c; Type: INDEX; Schema: public; Owner: -
--

CREATE INDEX "IDX_d6870d3b6e4c185d33926f423c" ON public.test_run USING btree ("workflowId");


--
-- Name: IDX_e48a201071ab85d9d09119d640; Type: INDEX; Schema: public; Owner: -
--

CREATE INDEX "IDX_e48a201071ab85d9d09119d640" ON public.workflow_dependency USING btree ("dependencyKey");


--
-- Name: IDX_e7fe1cfda990c14a445937d0b9; Type: INDEX; Schema: public; Owner: -
--

CREATE INDEX "IDX_e7fe1cfda990c14a445937d0b9" ON public.workflow_dependency USING btree ("dependencyType");


--
-- Name: IDX_execution_entity_deletedAt; Type: INDEX; Schema: public; Owner: -
--

CREATE INDEX "IDX_execution_entity_deletedAt" ON public.execution_entity USING btree ("deletedAt");


--
-- Name: IDX_role_scope_scopeSlug; Type: INDEX; Schema: public; Owner: -
--

CREATE INDEX "IDX_role_scope_scopeSlug" ON public.role_scope USING btree ("scopeSlug");


--
-- Name: IDX_secrets_provider_connection_providerKey; Type: INDEX; Schema: public; Owner: -
--

CREATE UNIQUE INDEX "IDX_secrets_provider_connection_providerKey" ON public.secrets_provider_connection USING btree ("providerKey");


--
-- Name: IDX_workflow_dependency_publishedVersionId; Type: INDEX; Schema: public; Owner: -
--

CREATE INDEX "IDX_workflow_dependency_publishedVersionId" ON public.workflow_dependency USING btree ("publishedVersionId");


--
-- Name: IDX_workflow_entity_name; Type: INDEX; Schema: public; Owner: -
--

CREATE INDEX "IDX_workflow_entity_name" ON public.workflow_entity USING btree (name);


--
-- Name: IDX_workflow_statistics_workflow_name; Type: INDEX; Schema: public; Owner: -
--

CREATE UNIQUE INDEX "IDX_workflow_statistics_workflow_name" ON public.workflow_statistics USING btree ("workflowId", name);


--
-- Name: idx_07fde106c0b471d8cc80a64fc8; Type: INDEX; Schema: public; Owner: -
--

CREATE INDEX idx_07fde106c0b471d8cc80a64fc8 ON public.credentials_entity USING btree (type);


--
-- Name: idx_16f4436789e804e3e1c9eeb240; Type: INDEX; Schema: public; Owner: -
--

CREATE INDEX idx_16f4436789e804e3e1c9eeb240 ON public.webhook_entity USING btree ("webhookId", method, "pathLength");


--
-- Name: idx_812eb05f7451ca757fb98444ce; Type: INDEX; Schema: public; Owner: -
--

CREATE UNIQUE INDEX idx_812eb05f7451ca757fb98444ce ON public.tag_entity USING btree (name);


--
-- Name: idx_execution_entity_stopped_at_status_deleted_at; Type: INDEX; Schema: public; Owner: -
--

CREATE INDEX idx_execution_entity_stopped_at_status_deleted_at ON public.execution_entity USING btree ("stoppedAt", status, "deletedAt") WHERE (("stoppedAt" IS NOT NULL) AND ("deletedAt" IS NULL));


--
-- Name: idx_execution_entity_wait_till_status_deleted_at; Type: INDEX; Schema: public; Owner: -
--

CREATE INDEX idx_execution_entity_wait_till_status_deleted_at ON public.execution_entity USING btree ("waitTill", status, "deletedAt") WHERE (("waitTill" IS NOT NULL) AND ("deletedAt" IS NULL));


--
-- Name: idx_execution_entity_workflow_id_started_at; Type: INDEX; Schema: public; Owner: -
--

CREATE INDEX idx_execution_entity_workflow_id_started_at ON public.execution_entity USING btree ("workflowId", "startedAt") WHERE (("startedAt" IS NOT NULL) AND ("deletedAt" IS NULL));


--
-- Name: idx_workflows_tags_workflow_id; Type: INDEX; Schema: public; Owner: -
--

CREATE INDEX idx_workflows_tags_workflow_id ON public.workflows_tags USING btree ("workflowId");


--
-- Name: pk_credentials_entity_id; Type: INDEX; Schema: public; Owner: -
--

CREATE UNIQUE INDEX pk_credentials_entity_id ON public.credentials_entity USING btree (id);


--
-- Name: pk_tag_entity_id; Type: INDEX; Schema: public; Owner: -
--

CREATE UNIQUE INDEX pk_tag_entity_id ON public.tag_entity USING btree (id);


--
-- Name: pk_workflow_entity_id; Type: INDEX; Schema: public; Owner: -
--

CREATE UNIQUE INDEX pk_workflow_entity_id ON public.workflow_entity USING btree (id);


--
-- Name: project_relation_role_idx; Type: INDEX; Schema: public; Owner: -
--

CREATE INDEX project_relation_role_idx ON public.project_relation USING btree (role);


--
-- Name: project_relation_role_project_idx; Type: INDEX; Schema: public; Owner: -
--

CREATE INDEX project_relation_role_project_idx ON public.project_relation USING btree ("projectId", role);


--
-- Name: user_role_idx; Type: INDEX; Schema: public; Owner: -
--

CREATE INDEX user_role_idx ON public."user" USING btree ("roleSlug");


--
-- Name: variables_global_key_unique; Type: INDEX; Schema: public; Owner: -
--

CREATE UNIQUE INDEX variables_global_key_unique ON public.variables USING btree (key) WHERE ("projectId" IS NULL);


--
-- Name: variables_project_key_unique; Type: INDEX; Schema: public; Owner: -
--

CREATE UNIQUE INDEX variables_project_key_unique ON public.variables USING btree ("projectId", key) WHERE ("projectId" IS NOT NULL);


--
-- Name: workflow_entity workflow_version_increment; Type: TRIGGER; Schema: public; Owner: -
--

CREATE TRIGGER workflow_version_increment BEFORE UPDATE ON public.workflow_entity FOR EACH ROW EXECUTE FUNCTION public.increment_workflow_version();


--
-- Name: processed_data FK_06a69a7032c97a763c2c7599464; Type: FK CONSTRAINT; Schema: public; Owner: -
--

ALTER TABLE ONLY public.processed_data
    ADD CONSTRAINT "FK_06a69a7032c97a763c2c7599464" FOREIGN KEY ("workflowId") REFERENCES public.workflow_entity(id) ON DELETE CASCADE;


--
-- Name: workflow_entity FK_08d6c67b7f722b0039d9d5ed620; Type: FK CONSTRAINT; Schema: public; Owner: -
--

ALTER TABLE ONLY public.workflow_entity
    ADD CONSTRAINT "FK_08d6c67b7f722b0039d9d5ed620" FOREIGN KEY ("activeVersionId") REFERENCES public.workflow_history("versionId") ON DELETE RESTRICT;


--
-- Name: project_secrets_provider_access FK_18e5c27d2524b1638b292904e48; Type: FK CONSTRAINT; Schema: public; Owner: -
--

ALTER TABLE ONLY public.project_secrets_provider_access
    ADD CONSTRAINT "FK_18e5c27d2524b1638b292904e48" FOREIGN KEY ("secretsProviderConnectionId") REFERENCES public.secrets_provider_connection(id) ON DELETE CASCADE;


--
-- Name: insights_metadata FK_1d8ab99d5861c9388d2dc1cf733; Type: FK CONSTRAINT; Schema: public; Owner: -
--

ALTER TABLE ONLY public.insights_metadata
    ADD CONSTRAINT "FK_1d8ab99d5861c9388d2dc1cf733" FOREIGN KEY ("workflowId") REFERENCES public.workflow_entity(id) ON DELETE SET NULL;


--
-- Name: workflow_history FK_1e31657f5fe46816c34be7c1b4b; Type: FK CONSTRAINT; Schema: public; Owner: -
--

ALTER TABLE ONLY public.workflow_history
    ADD CONSTRAINT "FK_1e31657f5fe46816c34be7c1b4b" FOREIGN KEY ("workflowId") REFERENCES public.workflow_entity(id) ON DELETE CASCADE;


--
-- Name: chat_hub_messages FK_1f4998c8a7dec9e00a9ab15550e; Type: FK CONSTRAINT; Schema: public; Owner: -
--

ALTER TABLE ONLY public.chat_hub_messages
    ADD CONSTRAINT "FK_1f4998c8a7dec9e00a9ab15550e" FOREIGN KEY ("revisionOfMessageId") REFERENCES public.chat_hub_messages(id) ON DELETE CASCADE;


--
-- Name: oauth_user_consents FK_21e6c3c2d78a097478fae6aaefa; Type: FK CONSTRAINT; Schema: public; Owner: -
--

ALTER TABLE ONLY public.oauth_user_consents
    ADD CONSTRAINT "FK_21e6c3c2d78a097478fae6aaefa" FOREIGN KEY ("userId") REFERENCES public."user"(id) ON DELETE CASCADE;


--
-- Name: insights_metadata FK_2375a1eda085adb16b24615b69c; Type: FK CONSTRAINT; Schema: public; Owner: -
--

ALTER TABLE ONLY public.insights_metadata
    ADD CONSTRAINT "FK_2375a1eda085adb16b24615b69c" FOREIGN KEY ("projectId") REFERENCES public.project(id) ON DELETE SET NULL;


--
-- Name: chat_hub_messages FK_25c9736e7f769f3a005eef4b372; Type: FK CONSTRAINT; Schema: public; Owner: -
--

ALTER TABLE ONLY public.chat_hub_messages
    ADD CONSTRAINT "FK_25c9736e7f769f3a005eef4b372" FOREIGN KEY ("retryOfMessageId") REFERENCES public.chat_hub_messages(id) ON DELETE CASCADE;


--
-- Name: chat_hub_agent_tools FK_2b53d796b3dbae91b1a9553c048; Type: FK CONSTRAINT; Schema: public; Owner: -
--

ALTER TABLE ONLY public.chat_hub_agent_tools
    ADD CONSTRAINT "FK_2b53d796b3dbae91b1a9553c048" FOREIGN KEY ("agentId") REFERENCES public.chat_hub_agents(id) ON DELETE CASCADE;


--
-- Name: execution_metadata FK_31d0b4c93fb85ced26f6005cda3; Type: FK CONSTRAINT; Schema: public; Owner: -
--

ALTER TABLE ONLY public.execution_metadata
    ADD CONSTRAINT "FK_31d0b4c93fb85ced26f6005cda3" FOREIGN KEY ("executionId") REFERENCES public.execution_entity(id) ON DELETE CASCADE;


--
-- Name: shared_credentials FK_416f66fc846c7c442970c094ccf; Type: FK CONSTRAINT; Schema: public; Owner: -
--

ALTER TABLE ONLY public.shared_credentials
    ADD CONSTRAINT "FK_416f66fc846c7c442970c094ccf" FOREIGN KEY ("credentialsId") REFERENCES public.credentials_entity(id) ON DELETE CASCADE;


--
-- Name: variables FK_42f6c766f9f9d2edcc15bdd6e9b; Type: FK CONSTRAINT; Schema: public; Owner: -
--

ALTER TABLE ONLY public.variables
    ADD CONSTRAINT "FK_42f6c766f9f9d2edcc15bdd6e9b" FOREIGN KEY ("projectId") REFERENCES public.project(id) ON DELETE CASCADE;


--
-- Name: chat_hub_agent_tools FK_43e70f04c53344f82483d0570f6; Type: FK CONSTRAINT; Schema: public; Owner: -
--

ALTER TABLE ONLY public.chat_hub_agent_tools
    ADD CONSTRAINT "FK_43e70f04c53344f82483d0570f6" FOREIGN KEY ("toolId") REFERENCES public.chat_hub_tools(id) ON DELETE CASCADE;


--
-- Name: chat_hub_agents FK_441ba2caba11e077ce3fbfa2cd8; Type: FK CONSTRAINT; Schema: public; Owner: -
--

ALTER TABLE ONLY public.chat_hub_agents
    ADD CONSTRAINT "FK_441ba2caba11e077ce3fbfa2cd8" FOREIGN KEY ("ownerId") REFERENCES public."user"(id) ON DELETE CASCADE;


--
-- Name: workflow_published_version FK_5c76fb7ee939fe2530374d3f75a; Type: FK CONSTRAINT; Schema: public; Owner: -
--

ALTER TABLE ONLY public.workflow_published_version
    ADD CONSTRAINT "FK_5c76fb7ee939fe2530374d3f75a" FOREIGN KEY ("workflowId") REFERENCES public.workflow_entity(id) ON DELETE CASCADE;


--
-- Name: project_relation FK_5f0643f6717905a05164090dde7; Type: FK CONSTRAINT; Schema: public; Owner: -
--

ALTER TABLE ONLY public.project_relation
    ADD CONSTRAINT "FK_5f0643f6717905a05164090dde7" FOREIGN KEY ("userId") REFERENCES public."user"(id) ON DELETE CASCADE;


--
-- Name: project_relation FK_61448d56d61802b5dfde5cdb002; Type: FK CONSTRAINT; Schema: public; Owner: -
--

ALTER TABLE ONLY public.project_relation
    ADD CONSTRAINT "FK_61448d56d61802b5dfde5cdb002" FOREIGN KEY ("projectId") REFERENCES public.project(id) ON DELETE CASCADE;


--
-- Name: insights_by_period FK_6414cfed98daabbfdd61a1cfbc0; Type: FK CONSTRAINT; Schema: public; Owner: -
--

ALTER TABLE ONLY public.insights_by_period
    ADD CONSTRAINT "FK_6414cfed98daabbfdd61a1cfbc0" FOREIGN KEY ("metaId") REFERENCES public.insights_metadata("metaId") ON DELETE CASCADE;


--
-- Name: oauth_authorization_codes FK_64d965bd072ea24fb6da55468cd; Type: FK CONSTRAINT; Schema: public; Owner: -
--

ALTER TABLE ONLY public.oauth_authorization_codes
    ADD CONSTRAINT "FK_64d965bd072ea24fb6da55468cd" FOREIGN KEY ("clientId") REFERENCES public.oauth_clients(id) ON DELETE CASCADE;


--
-- Name: chat_hub_session_tools FK_6596a328affd8d4967ffb303eee; Type: FK CONSTRAINT; Schema: public; Owner: -
--

ALTER TABLE ONLY public.chat_hub_session_tools
    ADD CONSTRAINT "FK_6596a328affd8d4967ffb303eee" FOREIGN KEY ("toolId") REFERENCES public.chat_hub_tools(id) ON DELETE CASCADE;


--
-- Name: chat_hub_messages FK_6afb260449dd7a9b85355d4e0c9; Type: FK CONSTRAINT; Schema: public; Owner: -
--

ALTER TABLE ONLY public.chat_hub_messages
    ADD CONSTRAINT "FK_6afb260449dd7a9b85355d4e0c9" FOREIGN KEY ("executionId") REFERENCES public.execution_entity(id) ON DELETE SET NULL;


--
-- Name: insights_raw FK_6e2e33741adef2a7c5d66befa4e; Type: FK CONSTRAINT; Schema: public; Owner: -
--

ALTER TABLE ONLY public.insights_raw
    ADD CONSTRAINT "FK_6e2e33741adef2a7c5d66befa4e" FOREIGN KEY ("metaId") REFERENCES public.insights_metadata("metaId") ON DELETE CASCADE;


--
-- Name: workflow_publish_history FK_6eab5bd9eedabe9c54bd879fc40; Type: FK CONSTRAINT; Schema: public; Owner: -
--

ALTER TABLE ONLY public.workflow_publish_history
    ADD CONSTRAINT "FK_6eab5bd9eedabe9c54bd879fc40" FOREIGN KEY ("userId") REFERENCES public."user"(id) ON DELETE SET NULL;


--
-- Name: dynamic_credential_user_entry FK_6edec973a6450990977bb854c38; Type: FK CONSTRAINT; Schema: public; Owner: -
--

ALTER TABLE ONLY public.dynamic_credential_user_entry
    ADD CONSTRAINT "FK_6edec973a6450990977bb854c38" FOREIGN KEY ("resolverId") REFERENCES public.dynamic_credential_resolver(id) ON DELETE CASCADE;


--
-- Name: oauth_access_tokens FK_7234a36d8e49a1fa85095328845; Type: FK CONSTRAINT; Schema: public; Owner: -
--

ALTER TABLE ONLY public.oauth_access_tokens
    ADD CONSTRAINT "FK_7234a36d8e49a1fa85095328845" FOREIGN KEY ("userId") REFERENCES public."user"(id) ON DELETE CASCADE;


--
-- Name: installed_nodes FK_73f857fc5dce682cef8a99c11dbddbc969618951; Type: FK CONSTRAINT; Schema: public; Owner: -
--

ALTER TABLE ONLY public.installed_nodes
    ADD CONSTRAINT "FK_73f857fc5dce682cef8a99c11dbddbc969618951" FOREIGN KEY (package) REFERENCES public.installed_packages("packageName") ON UPDATE CASCADE ON DELETE CASCADE;


--
-- Name: oauth_access_tokens FK_78b26968132b7e5e45b75876481; Type: FK CONSTRAINT; Schema: public; Owner: -
--

ALTER TABLE ONLY public.oauth_access_tokens
    ADD CONSTRAINT "FK_78b26968132b7e5e45b75876481" FOREIGN KEY ("clientId") REFERENCES public.oauth_clients(id) ON DELETE CASCADE;


--
-- Name: chat_hub_sessions FK_7bc13b4c7e6afbfaf9be326c189; Type: FK CONSTRAINT; Schema: public; Owner: -
--

ALTER TABLE ONLY public.chat_hub_sessions
    ADD CONSTRAINT "FK_7bc13b4c7e6afbfaf9be326c189" FOREIGN KEY ("credentialId") REFERENCES public.credentials_entity(id) ON DELETE SET NULL;


--
-- Name: folder FK_804ea52f6729e3940498bd54d78; Type: FK CONSTRAINT; Schema: public; Owner: -
--

ALTER TABLE ONLY public.folder
    ADD CONSTRAINT "FK_804ea52f6729e3940498bd54d78" FOREIGN KEY ("parentFolderId") REFERENCES public.folder(id) ON DELETE CASCADE;


--
-- Name: shared_credentials FK_812c2852270da1247756e77f5a4; Type: FK CONSTRAINT; Schema: public; Owner: -
--

ALTER TABLE ONLY public.shared_credentials
    ADD CONSTRAINT "FK_812c2852270da1247756e77f5a4" FOREIGN KEY ("projectId") REFERENCES public.project(id) ON DELETE CASCADE;


--
-- Name: test_case_execution FK_8e4b4774db42f1e6dda3452b2af; Type: FK CONSTRAINT; Schema: public; Owner: -
--

ALTER TABLE ONLY public.test_case_execution
    ADD CONSTRAINT "FK_8e4b4774db42f1e6dda3452b2af" FOREIGN KEY ("testRunId") REFERENCES public.test_run(id) ON DELETE CASCADE;


--
-- Name: data_table_column FK_930b6e8faaf88294cef23484160; Type: FK CONSTRAINT; Schema: public; Owner: -
--

ALTER TABLE ONLY public.data_table_column
    ADD CONSTRAINT "FK_930b6e8faaf88294cef23484160" FOREIGN KEY ("dataTableId") REFERENCES public.data_table(id) ON DELETE CASCADE;


--
-- Name: dynamic_credential_user_entry FK_945ba70b342a066d1306b12ccd2; Type: FK CONSTRAINT; Schema: public; Owner: -
--

ALTER TABLE ONLY public.dynamic_credential_user_entry
    ADD CONSTRAINT "FK_945ba70b342a066d1306b12ccd2" FOREIGN KEY ("credentialId") REFERENCES public.credentials_entity(id) ON DELETE CASCADE;


--
-- Name: folder_tag FK_94a60854e06f2897b2e0d39edba; Type: FK CONSTRAINT; Schema: public; Owner: -
--

ALTER TABLE ONLY public.folder_tag
    ADD CONSTRAINT "FK_94a60854e06f2897b2e0d39edba" FOREIGN KEY ("folderId") REFERENCES public.folder(id) ON DELETE CASCADE;


--
-- Name: execution_annotations FK_97f863fa83c4786f19565084960; Type: FK CONSTRAINT; Schema: public; Owner: -
--

ALTER TABLE ONLY public.execution_annotations
    ADD CONSTRAINT "FK_97f863fa83c4786f19565084960" FOREIGN KEY ("executionId") REFERENCES public.execution_entity(id) ON DELETE CASCADE;


--
-- Name: chat_hub_agents FK_9c61ad497dcbae499c96a6a78ba; Type: FK CONSTRAINT; Schema: public; Owner: -
--

ALTER TABLE ONLY public.chat_hub_agents
    ADD CONSTRAINT "FK_9c61ad497dcbae499c96a6a78ba" FOREIGN KEY ("credentialId") REFERENCES public.credentials_entity(id) ON DELETE SET NULL;


--
-- Name: chat_hub_sessions FK_9f9293d9f552496c40e0d1a8f80; Type: FK CONSTRAINT; Schema: public; Owner: -
--

ALTER TABLE ONLY public.chat_hub_sessions
    ADD CONSTRAINT "FK_9f9293d9f552496c40e0d1a8f80" FOREIGN KEY ("workflowId") REFERENCES public.workflow_entity(id) ON DELETE SET NULL;


--
-- Name: execution_annotation_tags FK_a3697779b366e131b2bbdae2976; Type: FK CONSTRAINT; Schema: public; Owner: -
--

ALTER TABLE ONLY public.execution_annotation_tags
    ADD CONSTRAINT "FK_a3697779b366e131b2bbdae2976" FOREIGN KEY ("tagId") REFERENCES public.annotation_tag_entity(id) ON DELETE CASCADE;


--
-- Name: dynamic_credential_user_entry FK_a36dc616fabc3f736bb82410a22; Type: FK CONSTRAINT; Schema: public; Owner: -
--

ALTER TABLE ONLY public.dynamic_credential_user_entry
    ADD CONSTRAINT "FK_a36dc616fabc3f736bb82410a22" FOREIGN KEY ("userId") REFERENCES public."user"(id) ON DELETE CASCADE;


--
-- Name: shared_workflow FK_a45ea5f27bcfdc21af9b4188560; Type: FK CONSTRAINT; Schema: public; Owner: -
--

ALTER TABLE ONLY public.shared_workflow
    ADD CONSTRAINT "FK_a45ea5f27bcfdc21af9b4188560" FOREIGN KEY ("projectId") REFERENCES public.project(id) ON DELETE CASCADE;


--
-- Name: workflow_dependency FK_a4ff2d9b9628ea988fa9e7d0bf8; Type: FK CONSTRAINT; Schema: public; Owner: -
--

ALTER TABLE ONLY public.workflow_dependency
    ADD CONSTRAINT "FK_a4ff2d9b9628ea988fa9e7d0bf8" FOREIGN KEY ("workflowId") REFERENCES public.workflow_entity(id) ON DELETE CASCADE;


--
-- Name: oauth_user_consents FK_a651acea2f6c97f8c4514935486; Type: FK CONSTRAINT; Schema: public; Owner: -
--

ALTER TABLE ONLY public.oauth_user_consents
    ADD CONSTRAINT "FK_a651acea2f6c97f8c4514935486" FOREIGN KEY ("clientId") REFERENCES public.oauth_clients(id) ON DELETE CASCADE;


--
-- Name: oauth_refresh_tokens FK_a699f3ed9fd0c1b19bc2608ac53; Type: FK CONSTRAINT; Schema: public; Owner: -
--

ALTER TABLE ONLY public.oauth_refresh_tokens
    ADD CONSTRAINT "FK_a699f3ed9fd0c1b19bc2608ac53" FOREIGN KEY ("userId") REFERENCES public."user"(id) ON DELETE CASCADE;


--
-- Name: dynamic_credential_entry FK_a6d1dd080958304a47a02952aab; Type: FK CONSTRAINT; Schema: public; Owner: -
--

ALTER TABLE ONLY public.dynamic_credential_entry
    ADD CONSTRAINT "FK_a6d1dd080958304a47a02952aab" FOREIGN KEY (credential_id) REFERENCES public.credentials_entity(id) ON DELETE CASCADE;


--
-- Name: folder FK_a8260b0b36939c6247f385b8221; Type: FK CONSTRAINT; Schema: public; Owner: -
--

ALTER TABLE ONLY public.folder
    ADD CONSTRAINT "FK_a8260b0b36939c6247f385b8221" FOREIGN KEY ("projectId") REFERENCES public.project(id) ON DELETE CASCADE;


--
-- Name: oauth_authorization_codes FK_aa8d3560484944c19bdf79ffa16; Type: FK CONSTRAINT; Schema: public; Owner: -
--

ALTER TABLE ONLY public.oauth_authorization_codes
    ADD CONSTRAINT "FK_aa8d3560484944c19bdf79ffa16" FOREIGN KEY ("userId") REFERENCES public."user"(id) ON DELETE CASCADE;


--
-- Name: chat_hub_messages FK_acf8926098f063cdbbad8497fd1; Type: FK CONSTRAINT; Schema: public; Owner: -
--

ALTER TABLE ONLY public.chat_hub_messages
    ADD CONSTRAINT "FK_acf8926098f063cdbbad8497fd1" FOREIGN KEY ("workflowId") REFERENCES public.workflow_entity(id) ON DELETE SET NULL;


--
-- Name: oauth_refresh_tokens FK_b388696ce4d8be7ffbe8d3e4b69; Type: FK CONSTRAINT; Schema: public; Owner: -
--

ALTER TABLE ONLY public.oauth_refresh_tokens
    ADD CONSTRAINT "FK_b388696ce4d8be7ffbe8d3e4b69" FOREIGN KEY ("clientId") REFERENCES public.oauth_clients(id) ON DELETE CASCADE;


--
-- Name: workflow_publish_history FK_b4cfbc7556d07f36ca177f5e473; Type: FK CONSTRAINT; Schema: public; Owner: -
--

ALTER TABLE ONLY public.workflow_publish_history
    ADD CONSTRAINT "FK_b4cfbc7556d07f36ca177f5e473" FOREIGN KEY ("versionId") REFERENCES public.workflow_history("versionId") ON DELETE CASCADE;


--
-- Name: chat_hub_tools FK_b8030b47af9213f1fd15450fb7f; Type: FK CONSTRAINT; Schema: public; Owner: -
--

ALTER TABLE ONLY public.chat_hub_tools
    ADD CONSTRAINT "FK_b8030b47af9213f1fd15450fb7f" FOREIGN KEY ("ownerId") REFERENCES public."user"(id) ON DELETE CASCADE;


--
-- Name: project_secrets_provider_access FK_bd264b81209355b543878deedb1; Type: FK CONSTRAINT; Schema: public; Owner: -
--

ALTER TABLE ONLY public.project_secrets_provider_access
    ADD CONSTRAINT "FK_bd264b81209355b543878deedb1" FOREIGN KEY ("projectId") REFERENCES public.project(id) ON DELETE CASCADE;


--
-- Name: workflow_publish_history FK_c01316f8c2d7101ec4fa9809267; Type: FK CONSTRAINT; Schema: public; Owner: -
--

ALTER TABLE ONLY public.workflow_publish_history
    ADD CONSTRAINT "FK_c01316f8c2d7101ec4fa9809267" FOREIGN KEY ("workflowId") REFERENCES public.workflow_entity(id) ON DELETE CASCADE;


--
-- Name: execution_annotation_tags FK_c1519757391996eb06064f0e7c8; Type: FK CONSTRAINT; Schema: public; Owner: -
--

ALTER TABLE ONLY public.execution_annotation_tags
    ADD CONSTRAINT "FK_c1519757391996eb06064f0e7c8" FOREIGN KEY ("annotationId") REFERENCES public.execution_annotations(id) ON DELETE CASCADE;


--
-- Name: data_table FK_c2a794257dee48af7c9abf681de; Type: FK CONSTRAINT; Schema: public; Owner: -
--

ALTER TABLE ONLY public.data_table
    ADD CONSTRAINT "FK_c2a794257dee48af7c9abf681de" FOREIGN KEY ("projectId") REFERENCES public.project(id) ON DELETE CASCADE;


--
-- Name: project_relation FK_c6b99592dc96b0d836d7a21db91; Type: FK CONSTRAINT; Schema: public; Owner: -
--

ALTER TABLE ONLY public.project_relation
    ADD CONSTRAINT "FK_c6b99592dc96b0d836d7a21db91" FOREIGN KEY (role) REFERENCES public.role(slug);


--
-- Name: chat_hub_messages FK_chat_hub_messages_agentId; Type: FK CONSTRAINT; Schema: public; Owner: -
--

ALTER TABLE ONLY public.chat_hub_messages
    ADD CONSTRAINT "FK_chat_hub_messages_agentId" FOREIGN KEY ("agentId") REFERENCES public.chat_hub_agents(id) ON DELETE SET NULL;


--
-- Name: chat_hub_sessions FK_chat_hub_sessions_agentId; Type: FK CONSTRAINT; Schema: public; Owner: -
--

ALTER TABLE ONLY public.chat_hub_sessions
    ADD CONSTRAINT "FK_chat_hub_sessions_agentId" FOREIGN KEY ("agentId") REFERENCES public.chat_hub_agents(id) ON DELETE SET NULL;


--
-- Name: dynamic_credential_entry FK_d61a12235d268a49af6a3c09c13; Type: FK CONSTRAINT; Schema: public; Owner: -
--

ALTER TABLE ONLY public.dynamic_credential_entry
    ADD CONSTRAINT "FK_d61a12235d268a49af6a3c09c13" FOREIGN KEY (resolver_id) REFERENCES public.dynamic_credential_resolver(id) ON DELETE CASCADE;


--
-- Name: test_run FK_d6870d3b6e4c185d33926f423c8; Type: FK CONSTRAINT; Schema: public; Owner: -
--

ALTER TABLE ONLY public.test_run
    ADD CONSTRAINT "FK_d6870d3b6e4c185d33926f423c8" FOREIGN KEY ("workflowId") REFERENCES public.workflow_entity(id) ON DELETE CASCADE;


--
-- Name: shared_workflow FK_daa206a04983d47d0a9c34649ce; Type: FK CONSTRAINT; Schema: public; Owner: -
--

ALTER TABLE ONLY public.shared_workflow
    ADD CONSTRAINT "FK_daa206a04983d47d0a9c34649ce" FOREIGN KEY ("workflowId") REFERENCES public.workflow_entity(id) ON DELETE CASCADE;


--
-- Name: folder_tag FK_dc88164176283de80af47621746; Type: FK CONSTRAINT; Schema: public; Owner: -
--

ALTER TABLE ONLY public.folder_tag
    ADD CONSTRAINT "FK_dc88164176283de80af47621746" FOREIGN KEY ("tagId") REFERENCES public.tag_entity(id) ON DELETE CASCADE;


--
-- Name: workflow_published_version FK_df3428a541b802d6a63ac56e330; Type: FK CONSTRAINT; Schema: public; Owner: -
--

ALTER TABLE ONLY public.workflow_published_version
    ADD CONSTRAINT "FK_df3428a541b802d6a63ac56e330" FOREIGN KEY ("publishedVersionId") REFERENCES public.workflow_history("versionId") ON DELETE CASCADE;


--
-- Name: user_api_keys FK_e131705cbbc8fb589889b02d457; Type: FK CONSTRAINT; Schema: public; Owner: -
--

ALTER TABLE ONLY public.user_api_keys
    ADD CONSTRAINT "FK_e131705cbbc8fb589889b02d457" FOREIGN KEY ("userId") REFERENCES public."user"(id) ON DELETE CASCADE;


--
-- Name: chat_hub_messages FK_e22538eb50a71a17954cd7e076c; Type: FK CONSTRAINT; Schema: public; Owner: -
--

ALTER TABLE ONLY public.chat_hub_messages
    ADD CONSTRAINT "FK_e22538eb50a71a17954cd7e076c" FOREIGN KEY ("sessionId") REFERENCES public.chat_hub_sessions(id) ON DELETE CASCADE;


--
-- Name: test_case_execution FK_e48965fac35d0f5b9e7f51d8c44; Type: FK CONSTRAINT; Schema: public; Owner: -
--

ALTER TABLE ONLY public.test_case_execution
    ADD CONSTRAINT "FK_e48965fac35d0f5b9e7f51d8c44" FOREIGN KEY ("executionId") REFERENCES public.execution_entity(id) ON DELETE SET NULL;


--
-- Name: chat_hub_messages FK_e5d1fa722c5a8d38ac204746662; Type: FK CONSTRAINT; Schema: public; Owner: -
--

ALTER TABLE ONLY public.chat_hub_messages
    ADD CONSTRAINT "FK_e5d1fa722c5a8d38ac204746662" FOREIGN KEY ("previousMessageId") REFERENCES public.chat_hub_messages(id) ON DELETE CASCADE;


--
-- Name: chat_hub_session_tools FK_e649bf1295f4ed8d4299ed290f9; Type: FK CONSTRAINT; Schema: public; Owner: -
--

ALTER TABLE ONLY public.chat_hub_session_tools
    ADD CONSTRAINT "FK_e649bf1295f4ed8d4299ed290f9" FOREIGN KEY ("sessionId") REFERENCES public.chat_hub_sessions(id) ON DELETE CASCADE;


--
-- Name: chat_hub_sessions FK_e9ecf8ede7d989fcd18790fe36a; Type: FK CONSTRAINT; Schema: public; Owner: -
--

ALTER TABLE ONLY public.chat_hub_sessions
    ADD CONSTRAINT "FK_e9ecf8ede7d989fcd18790fe36a" FOREIGN KEY ("ownerId") REFERENCES public."user"(id) ON DELETE CASCADE;


--
-- Name: user FK_eaea92ee7bfb9c1b6cd01505d56; Type: FK CONSTRAINT; Schema: public; Owner: -
--

ALTER TABLE ONLY public."user"
    ADD CONSTRAINT "FK_eaea92ee7bfb9c1b6cd01505d56" FOREIGN KEY ("roleSlug") REFERENCES public.role(slug);


--
-- Name: role_scope FK_role; Type: FK CONSTRAINT; Schema: public; Owner: -
--

ALTER TABLE ONLY public.role_scope
    ADD CONSTRAINT "FK_role" FOREIGN KEY ("roleSlug") REFERENCES public.role(slug) ON UPDATE CASCADE ON DELETE CASCADE;


--
-- Name: role_scope FK_scope; Type: FK CONSTRAINT; Schema: public; Owner: -
--

ALTER TABLE ONLY public.role_scope
    ADD CONSTRAINT "FK_scope" FOREIGN KEY ("scopeSlug") REFERENCES public.scope(slug) ON UPDATE CASCADE ON DELETE CASCADE;


--
-- Name: auth_identity auth_identity_userId_fkey; Type: FK CONSTRAINT; Schema: public; Owner: -
--

ALTER TABLE ONLY public.auth_identity
    ADD CONSTRAINT "auth_identity_userId_fkey" FOREIGN KEY ("userId") REFERENCES public."user"(id);


--
-- Name: credentials_entity credentials_entity_resolverId_foreign; Type: FK CONSTRAINT; Schema: public; Owner: -
--

ALTER TABLE ONLY public.credentials_entity
    ADD CONSTRAINT "credentials_entity_resolverId_foreign" FOREIGN KEY ("resolverId") REFERENCES public.dynamic_credential_resolver(id) ON DELETE SET NULL;


--
-- Name: execution_data execution_data_fk; Type: FK CONSTRAINT; Schema: public; Owner: -
--

ALTER TABLE ONLY public.execution_data
    ADD CONSTRAINT execution_data_fk FOREIGN KEY ("executionId") REFERENCES public.execution_entity(id) ON DELETE CASCADE;


--
-- Name: certificate_sectors fk1fay3bywkhftba1sam70gdupa; Type: FK CONSTRAINT; Schema: public; Owner: -
--

ALTER TABLE ONLY public.certificate_sectors
    ADD CONSTRAINT fk1fay3bywkhftba1sam70gdupa FOREIGN KEY (certificate_id) REFERENCES public.certificates(id);


--
-- Name: vacancys fk3h7n9q8kgli5x2ybrls7hdbku; Type: FK CONSTRAINT; Schema: public; Owner: -
--

ALTER TABLE ONLY public.vacancys
    ADD CONSTRAINT fk3h7n9q8kgli5x2ybrls7hdbku FOREIGN KEY (sector_id) REFERENCES public.sector(id);


--
-- Name: skill_candidate fk451x2pw5dkbn80bmrpd40eobn; Type: FK CONSTRAINT; Schema: public; Owner: -
--

ALTER TABLE ONLY public.skill_candidate
    ADD CONSTRAINT fk451x2pw5dkbn80bmrpd40eobn FOREIGN KEY (candidate_id) REFERENCES public.candidates(id);


--
-- Name: skill_candidate fk4rs7fox1dvay3k6qft96i481j; Type: FK CONSTRAINT; Schema: public; Owner: -
--

ALTER TABLE ONLY public.skill_candidate
    ADD CONSTRAINT fk4rs7fox1dvay3k6qft96i481j FOREIGN KEY (skill_base_id) REFERENCES public.skill_base(id);


--
-- Name: application_analysis_dimension fk4ygpsy78j37jekam659r544n7; Type: FK CONSTRAINT; Schema: public; Owner: -
--

ALTER TABLE ONLY public.application_analysis_dimension
    ADD CONSTRAINT fk4ygpsy78j37jekam659r544n7 FOREIGN KEY (selection_stage_id) REFERENCES public.selection_stage(id);


--
-- Name: experiences fk5pts9l4acfs3e1h5u3y35sudc; Type: FK CONSTRAINT; Schema: public; Owner: -
--

ALTER TABLE ONLY public.experiences
    ADD CONSTRAINT fk5pts9l4acfs3e1h5u3y35sudc FOREIGN KEY (candidate_id) REFERENCES public.candidates(id);


--
-- Name: application_analysis_dimension fk7lc9fuveca89001wjgswy0tkw; Type: FK CONSTRAINT; Schema: public; Owner: -
--

ALTER TABLE ONLY public.application_analysis_dimension
    ADD CONSTRAINT fk7lc9fuveca89001wjgswy0tkw FOREIGN KEY (analysis_id) REFERENCES public.application_analysis(id);


--
-- Name: application_analysis fk7rtrps12o363nkhx89ju0ek1b; Type: FK CONSTRAINT; Schema: public; Owner: -
--

ALTER TABLE ONLY public.application_analysis
    ADD CONSTRAINT fk7rtrps12o363nkhx89ju0ek1b FOREIGN KEY (job_application_id) REFERENCES public.job_application(id);


--
-- Name: certificate_sectors fk80kbng06eb1j6y9551ujyt6tv; Type: FK CONSTRAINT; Schema: public; Owner: -
--

ALTER TABLE ONLY public.certificate_sectors
    ADD CONSTRAINT fk80kbng06eb1j6y9551ujyt6tv FOREIGN KEY (sector_id) REFERENCES public.sector(id);


--
-- Name: execution_entity fk_execution_entity_workflow_id; Type: FK CONSTRAINT; Schema: public; Owner: -
--

ALTER TABLE ONLY public.execution_entity
    ADD CONSTRAINT fk_execution_entity_workflow_id FOREIGN KEY ("workflowId") REFERENCES public.workflow_entity(id) ON DELETE CASCADE;


--
-- Name: webhook_entity fk_webhook_entity_workflow_id; Type: FK CONSTRAINT; Schema: public; Owner: -
--

ALTER TABLE ONLY public.webhook_entity
    ADD CONSTRAINT fk_webhook_entity_workflow_id FOREIGN KEY ("workflowId") REFERENCES public.workflow_entity(id) ON DELETE CASCADE;


--
-- Name: workflow_entity fk_workflow_parent_folder; Type: FK CONSTRAINT; Schema: public; Owner: -
--

ALTER TABLE ONLY public.workflow_entity
    ADD CONSTRAINT fk_workflow_parent_folder FOREIGN KEY ("parentFolderId") REFERENCES public.folder(id) ON DELETE CASCADE;


--
-- Name: workflows_tags fk_workflows_tags_tag_id; Type: FK CONSTRAINT; Schema: public; Owner: -
--

ALTER TABLE ONLY public.workflows_tags
    ADD CONSTRAINT fk_workflows_tags_tag_id FOREIGN KEY ("tagId") REFERENCES public.tag_entity(id) ON DELETE CASCADE;


--
-- Name: workflows_tags fk_workflows_tags_workflow_id; Type: FK CONSTRAINT; Schema: public; Owner: -
--

ALTER TABLE ONLY public.workflows_tags
    ADD CONSTRAINT fk_workflows_tags_workflow_id FOREIGN KEY ("workflowId") REFERENCES public.workflow_entity(id) ON DELETE CASCADE;


--
-- Name: role_permissions fkegdk29eiy7mdtefy5c7eirr6e; Type: FK CONSTRAINT; Schema: public; Owner: -
--

ALTER TABLE ONLY public.role_permissions
    ADD CONSTRAINT fkegdk29eiy7mdtefy5c7eirr6e FOREIGN KEY (permission_id) REFERENCES public.permissions(id);


--
-- Name: selection_stage fkf1aaqsidd3ap08ol9igx14wmp; Type: FK CONSTRAINT; Schema: public; Owner: -
--

ALTER TABLE ONLY public.selection_stage
    ADD CONSTRAINT fkf1aaqsidd3ap08ol9igx14wmp FOREIGN KEY (vacancy_id) REFERENCES public.vacancys(id);


--
-- Name: skill_candidate fkfas865y9rk3s4nlvsm01p3uer; Type: FK CONSTRAINT; Schema: public; Owner: -
--

ALTER TABLE ONLY public.skill_candidate
    ADD CONSTRAINT fkfas865y9rk3s4nlvsm01p3uer FOREIGN KEY (certificate_id) REFERENCES public.certificates(id);


--
-- Name: skill_vacancy fkg30ghng7o69kibrwo42ucf8ge; Type: FK CONSTRAINT; Schema: public; Owner: -
--

ALTER TABLE ONLY public.skill_vacancy
    ADD CONSTRAINT fkg30ghng7o69kibrwo42ucf8ge FOREIGN KEY (vacancy_id) REFERENCES public.vacancys(id);


--
-- Name: enterprises fkgwhwka4fieky5ubej703irgnv; Type: FK CONSTRAINT; Schema: public; Owner: -
--

ALTER TABLE ONLY public.enterprises
    ADD CONSTRAINT fkgwhwka4fieky5ubej703irgnv FOREIGN KEY (profile_id) REFERENCES public.profile(id);


--
-- Name: user_roles fkh8ciramu9cc9q3qcqiv4ue8a6; Type: FK CONSTRAINT; Schema: public; Owner: -
--

ALTER TABLE ONLY public.user_roles
    ADD CONSTRAINT fkh8ciramu9cc9q3qcqiv4ue8a6 FOREIGN KEY (role_id) REFERENCES public.roles(id);


--
-- Name: attachments fkh9io9v0megiiy1am1p0by1mak; Type: FK CONSTRAINT; Schema: public; Owner: -
--

ALTER TABLE ONLY public.attachments
    ADD CONSTRAINT fkh9io9v0megiiy1am1p0by1mak FOREIGN KEY (candidate_id) REFERENCES public.candidates(id);


--
-- Name: job_application fkh9wg68ilb7hmn2ya9mfaaw4h7; Type: FK CONSTRAINT; Schema: public; Owner: -
--

ALTER TABLE ONLY public.job_application
    ADD CONSTRAINT fkh9wg68ilb7hmn2ya9mfaaw4h7 FOREIGN KEY (candidate_id) REFERENCES public.candidates(id);


--
-- Name: user_roles fkhfh9dx7w3ubf1co1vdev94g3f; Type: FK CONSTRAINT; Schema: public; Owner: -
--

ALTER TABLE ONLY public.user_roles
    ADD CONSTRAINT fkhfh9dx7w3ubf1co1vdev94g3f FOREIGN KEY (user_id) REFERENCES public.users(id);


--
-- Name: job_application fki2539f7afnd9xbd3w9jixspn2; Type: FK CONSTRAINT; Schema: public; Owner: -
--

ALTER TABLE ONLY public.job_application
    ADD CONSTRAINT fki2539f7afnd9xbd3w9jixspn2 FOREIGN KEY (vacancy_id) REFERENCES public.vacancys(id);


--
-- Name: candidates fkm216ns4754viej0mmvbia3x0y; Type: FK CONSTRAINT; Schema: public; Owner: -
--

ALTER TABLE ONLY public.candidates
    ADD CONSTRAINT fkm216ns4754viej0mmvbia3x0y FOREIGN KEY (profile_id) REFERENCES public.profile(id);


--
-- Name: candidates fkme4fkelukmx2s63tlcrft6hio; Type: FK CONSTRAINT; Schema: public; Owner: -
--

ALTER TABLE ONLY public.candidates
    ADD CONSTRAINT fkme4fkelukmx2s63tlcrft6hio FOREIGN KEY (user_id) REFERENCES public.users(id);


--
-- Name: role_permissions fkn5fotdgk8d1xvo8nav9uv3muc; Type: FK CONSTRAINT; Schema: public; Owner: -
--

ALTER TABLE ONLY public.role_permissions
    ADD CONSTRAINT fkn5fotdgk8d1xvo8nav9uv3muc FOREIGN KEY (role_id) REFERENCES public.roles(id);


--
-- Name: skill_candidate fko22j8gml1ttayim71gv98pl1; Type: FK CONSTRAINT; Schema: public; Owner: -
--

ALTER TABLE ONLY public.skill_candidate
    ADD CONSTRAINT fko22j8gml1ttayim71gv98pl1 FOREIGN KEY (experience_id) REFERENCES public.experiences(id);


--
-- Name: application_stage_result fkomd2qk2nis50ibatcgpg6ypk; Type: FK CONSTRAINT; Schema: public; Owner: -
--

ALTER TABLE ONLY public.application_stage_result
    ADD CONSTRAINT fkomd2qk2nis50ibatcgpg6ypk FOREIGN KEY (job_application_id) REFERENCES public.job_application(id);


--
-- Name: skill_vacancy fkox3nm4wegle95i5vsid9vqbpb; Type: FK CONSTRAINT; Schema: public; Owner: -
--

ALTER TABLE ONLY public.skill_vacancy
    ADD CONSTRAINT fkox3nm4wegle95i5vsid9vqbpb FOREIGN KEY (skill_base_id) REFERENCES public.skill_base(id);


--
-- Name: selection_process fkpfc8vrun7ukmtsg914lqm8ugv; Type: FK CONSTRAINT; Schema: public; Owner: -
--

ALTER TABLE ONLY public.selection_process
    ADD CONSTRAINT fkpfc8vrun7ukmtsg914lqm8ugv FOREIGN KEY (vacancy_id) REFERENCES public.vacancys(id);


--
-- Name: application_stage_result fkq9g8c7nyvu9ugf97wyjd876fh; Type: FK CONSTRAINT; Schema: public; Owner: -
--

ALTER TABLE ONLY public.application_stage_result
    ADD CONSTRAINT fkq9g8c7nyvu9ugf97wyjd876fh FOREIGN KEY (selection_stage_id) REFERENCES public.selection_stage(id);


--
-- Name: vacancys fkrx14df5m2mq33fydxjojg85b8; Type: FK CONSTRAINT; Schema: public; Owner: -
--

ALTER TABLE ONLY public.vacancys
    ADD CONSTRAINT fkrx14df5m2mq33fydxjojg85b8 FOREIGN KEY (enterprise_id) REFERENCES public.enterprises(id);


--
-- Name: attachments fksmrevr8b9202m113f0sdda24d; Type: FK CONSTRAINT; Schema: public; Owner: -
--

ALTER TABLE ONLY public.attachments
    ADD CONSTRAINT fksmrevr8b9202m113f0sdda24d FOREIGN KEY (file_id) REFERENCES public.files(id);


--
-- Name: certificates fkt8r0o54nmp2jussm9qm3xedvu; Type: FK CONSTRAINT; Schema: public; Owner: -
--

ALTER TABLE ONLY public.certificates
    ADD CONSTRAINT fkt8r0o54nmp2jussm9qm3xedvu FOREIGN KEY (candidate_id) REFERENCES public.candidates(id);


--
-- Name: enterprises fktegoe6oujp8lc23w368lii1i4; Type: FK CONSTRAINT; Schema: public; Owner: -
--

ALTER TABLE ONLY public.enterprises
    ADD CONSTRAINT fktegoe6oujp8lc23w368lii1i4 FOREIGN KEY (user_id) REFERENCES public.users(id);


--
-- Name: project projects_creatorId_foreign; Type: FK CONSTRAINT; Schema: public; Owner: -
--

ALTER TABLE ONLY public.project
    ADD CONSTRAINT "projects_creatorId_foreign" FOREIGN KEY ("creatorId") REFERENCES public."user"(id) ON DELETE SET NULL;


--
-- PostgreSQL database dump complete
--

\unrestrict et7rNyG56WOXTrdsxdw7sOcz6HvbbKM62WDAa4TXN8rTtILm2aE8XG3oAnytdaI

