--
-- PostgreSQL database dump
--

\restrict gRcpENsTeDvPBYO3ahkh3UrrJwQ2xbtkbhlbvWbfXsdmsteHDQJJ5NYzsOM2b5p

-- Dumped from database version 15.17 (Debian 15.17-1.pgdg13+1)
-- Dumped by pg_dump version 15.17 (Debian 15.17-1.pgdg13+1)

SET statement_timeout = 0;
SET lock_timeout = 0;
SET idle_in_transaction_session_timeout = 0;
SET client_encoding = 'UTF8';
SET standard_conforming_strings = on;
SELECT pg_catalog.set_config('search_path', '', false);
SET check_function_bodies = false;
SET xmloption = content;
SET client_min_messages = warning;
SET row_security = off;

--
-- Name: uuid-ossp; Type: EXTENSION; Schema: -; Owner: -
--

CREATE EXTENSION IF NOT EXISTS "uuid-ossp" WITH SCHEMA public;


--
-- Name: EXTENSION "uuid-ossp"; Type: COMMENT; Schema: -; Owner: -
--

COMMENT ON EXTENSION "uuid-ossp" IS 'generate universally unique identifiers (UUIDs)';


--
-- Name: increment_workflow_version(); Type: FUNCTION; Schema: public; Owner: -
--

CREATE FUNCTION public.increment_workflow_version() RETURNS trigger
    LANGUAGE plpgsql
    AS $$
			BEGIN
				IF NEW."versionCounter" IS NOT DISTINCT FROM OLD."versionCounter" THEN
					NEW."versionCounter" = OLD."versionCounter" + 1;
				END IF;
				RETURN NEW;
			END;
			$$;


SET default_tablespace = '';

SET default_table_access_method = heap;

--
-- Name: application_analysis; Type: TABLE; Schema: public; Owner: -
--

CREATE TABLE public.application_analysis (
    final_score double precision,
    id bigint NOT NULL,
    job_application_id bigint,
    compatibility_level character varying(255),
    final_feedback text
);


--
-- Name: application_analysis_dimension; Type: TABLE; Schema: public; Owner: -
--

CREATE TABLE public.application_analysis_dimension (
    score double precision,
    weight double precision,
    weighted_score double precision,
    analysis_id bigint,
    id bigint NOT NULL,
    selection_stage_id bigint
);


--
-- Name: application_analysis_dimension_id_seq; Type: SEQUENCE; Schema: public; Owner: -
--

ALTER TABLE public.application_analysis_dimension ALTER COLUMN id ADD GENERATED BY DEFAULT AS IDENTITY (
    SEQUENCE NAME public.application_analysis_dimension_id_seq
    START WITH 1
    INCREMENT BY 1
    NO MINVALUE
    NO MAXVALUE
    CACHE 1
);


--
-- Name: application_analysis_id_seq; Type: SEQUENCE; Schema: public; Owner: -
--

ALTER TABLE public.application_analysis ALTER COLUMN id ADD GENERATED BY DEFAULT AS IDENTITY (
    SEQUENCE NAME public.application_analysis_id_seq
    START WITH 1
    INCREMENT BY 1
    NO MINVALUE
    NO MAXVALUE
    CACHE 1
);


--
-- Name: application_stage_result; Type: TABLE; Schema: public; Owner: -
--

CREATE TABLE public.application_stage_result (
    locked boolean NOT NULL,
    score double precision,
    id bigint NOT NULL,
    job_application_id bigint,
    selection_stage_id bigint,
    stage_status character varying(255),
    CONSTRAINT application_stage_result_stage_status_check CHECK (((stage_status)::text = ANY ((ARRAY['LOCKED'::character varying, 'NOT_STARTED'::character varying, 'IN_PROGRESS'::character varying, 'COMPLETED'::character varying, 'FAILED'::character varying, 'PASSED'::character varying])::text[])))
);


--
-- Name: application_stage_result_id_seq; Type: SEQUENCE; Schema: public; Owner: -
--

ALTER TABLE public.application_stage_result ALTER COLUMN id ADD GENERATED BY DEFAULT AS IDENTITY (
    SEQUENCE NAME public.application_stage_result_id_seq
    START WITH 1
    INCREMENT BY 1
    NO MINVALUE
    NO MAXVALUE
    CACHE 1
);


--
-- Name: attachments; Type: TABLE; Schema: public; Owner: -
--

CREATE TABLE public.attachments (
    candidate_id bigint,
    file_id bigint,
    id bigint NOT NULL,
    type character varying(255),
    CONSTRAINT attachments_type_check CHECK (((type)::text = ANY ((ARRAY['RESUME'::character varying, 'COVER_LETTER'::character varying, 'CERTIFICATE'::character varying, 'PORTFOLIO'::character varying])::text[])))
);


--
-- Name: attachments_id_seq; Type: SEQUENCE; Schema: public; Owner: -
--

ALTER TABLE public.attachments ALTER COLUMN id ADD GENERATED BY DEFAULT AS IDENTITY (
    SEQUENCE NAME public.attachments_id_seq
    START WITH 1
    INCREMENT BY 1
    NO MINVALUE
    NO MAXVALUE
    CACHE 1
);


--
-- Name: candidate_preferences; Type: TABLE; Schema: public; Owner: -
--

CREATE TABLE public.candidate_preferences (
    id bigint NOT NULL,
    modality character varying(255),
    total_experience bigint,
    vacancy_type character varying(255),
    candidate_id bigint,
    CONSTRAINT candidate_preferences_modality_check CHECK (((modality)::text = ANY ((ARRAY['ON_SITE'::character varying, 'REMOTE'::character varying, 'HYBRID'::character varying])::text[]))),
    CONSTRAINT candidate_preferences_vacancy_type_check CHECK (((vacancy_type)::text = ANY ((ARRAY['FULL_TIME'::character varying, 'PART_TIME'::character varying, 'INTERSHIP'::character varying, 'TRAINEE'::character varying, 'TEMPORARY'::character varying, 'CONTRACT'::character varying, 'FREELANCE'::character varying, 'SELF_EMPLOYED'::character varying, 'VOLUNTEER'::character varying, 'APPRENTICESHIP'::character varying])::text[])))
);


--
-- Name: candidate_preferences_id_seq; Type: SEQUENCE; Schema: public; Owner: -
--

ALTER TABLE public.candidate_preferences ALTER COLUMN id ADD GENERATED BY DEFAULT AS IDENTITY (
    SEQUENCE NAME public.candidate_preferences_id_seq
    START WITH 1
    INCREMENT BY 1
    NO MINVALUE
    NO MAXVALUE
    CACHE 1
);


--
-- Name: candidates; Type: TABLE; Schema: public; Owner: -
--

CREATE TABLE public.candidates (
    date_of_birth date,
    created_at timestamp(6) without time zone NOT NULL,
    id bigint NOT NULL,
    profile_id bigint,
    updated_at timestamp(6) without time zone,
    user_id bigint,
    availability character varying(255),
    contact character varying(255) NOT NULL,
    cpf character varying(255) NOT NULL,
    full_name character varying(255) NOT NULL,
    gender character varying(255),
    race_ethnicity character varying(255),
    sector character varying(255),
    sector_id bigint,
    CONSTRAINT candidates_availability_check CHECK (((availability)::text = ANY ((ARRAY['FULL_TIME'::character varying, 'PART_TIME'::character varying, 'INTERSHIP'::character varying, 'TRAINEE'::character varying, 'TEMPORARY'::character varying, 'CONTRACT'::character varying, 'FREELANCE'::character varying, 'SELF_EMPLOYED'::character varying, 'VOLUNTEER'::character varying, 'APPRENTICESHIP'::character varying])::text[])))
);


--
-- Name: candidates_id_seq; Type: SEQUENCE; Schema: public; Owner: -
--

ALTER TABLE public.candidates ALTER COLUMN id ADD GENERATED BY DEFAULT AS IDENTITY (
    SEQUENCE NAME public.candidates_id_seq
    START WITH 1
    INCREMENT BY 1
    NO MINVALUE
    NO MAXVALUE
    CACHE 1
);


--
-- Name: certificate_sectors; Type: TABLE; Schema: public; Owner: -
--

CREATE TABLE public.certificate_sectors (
    certificate_id bigint NOT NULL,
    sector_id bigint NOT NULL
);


--
-- Name: certificates; Type: TABLE; Schema: public; Owner: -
--

CREATE TABLE public.certificates (
    candidate_id bigint NOT NULL,
    hours bigint,
    id bigint NOT NULL,
    expiration_date character varying(255),
    issue_date character varying(255),
    issuing_organization character varying(255),
    title character varying(255),
    url character varying(255)
);


--
-- Name: certificates_id_seq; Type: SEQUENCE; Schema: public; Owner: -
--

ALTER TABLE public.certificates ALTER COLUMN id ADD GENERATED BY DEFAULT AS IDENTITY (
    SEQUENCE NAME public.certificates_id_seq
    START WITH 1
    INCREMENT BY 1
    NO MINVALUE
    NO MAXVALUE
    CACHE 1
);


--
-- Name: enterprises; Type: TABLE; Schema: public; Owner: -
--

CREATE TABLE public.enterprises (
    is_approved boolean NOT NULL,
    size_enterprise smallint,
    created_at timestamp(6) without time zone NOT NULL,
    id bigint NOT NULL,
    number_of_employees bigint,
    profile_id bigint,
    updated_at timestamp(6) without time zone,
    user_id bigint,
    cnpj character varying(255) NOT NULL,
    contact character varying(255) NOT NULL,
    description character varying(255),
    enterprise_name character varying(255) NOT NULL,
    sector character varying(255),
    site_url character varying(255),
    social_reason character varying(255),
    CONSTRAINT enterprises_size_enterprise_check CHECK (((size_enterprise >= 0) AND (size_enterprise <= 2)))
);


--
-- Name: enterprises_id_seq; Type: SEQUENCE; Schema: public; Owner: -
--

ALTER TABLE public.enterprises ALTER COLUMN id ADD GENERATED BY DEFAULT AS IDENTITY (
    SEQUENCE NAME public.enterprises_id_seq
    START WITH 1
    INCREMENT BY 1
    NO MINVALUE
    NO MAXVALUE
    CACHE 1
);


--
-- Name: experiences; Type: TABLE; Schema: public; Owner: -
--

CREATE TABLE public.experiences (
    end_date date,
    is_current boolean NOT NULL,
    start_date date,
    candidate_id bigint,
    id bigint NOT NULL,
    description character varying(255),
    locality character varying(255),
    organization character varying(255),
    title character varying(255),
    work_modality character varying(255),
    work_type character varying(255),
    CONSTRAINT experiences_work_modality_check CHECK (((work_modality)::text = ANY ((ARRAY['ON_SITE'::character varying, 'REMOTE'::character varying, 'HYBRID'::character varying])::text[]))),
    CONSTRAINT experiences_work_type_check CHECK (((work_type)::text = ANY ((ARRAY['FULL_TIME'::character varying, 'PART_TIME'::character varying, 'INTERSHIP'::character varying, 'TRAINEE'::character varying, 'TEMPORARY'::character varying, 'CONTRACT'::character varying, 'FREELANCE'::character varying, 'SELF_EMPLOYED'::character varying, 'VOLUNTEER'::character varying, 'APPRENTICESHIP'::character varying])::text[])))
);


--
-- Name: experiences_id_seq; Type: SEQUENCE; Schema: public; Owner: -
--

ALTER TABLE public.experiences ALTER COLUMN id ADD GENERATED BY DEFAULT AS IDENTITY (
    SEQUENCE NAME public.experiences_id_seq
    START WITH 1
    INCREMENT BY 1
    NO MINVALUE
    NO MAXVALUE
    CACHE 1
);


--
-- Name: feed_item_score; Type: TABLE; Schema: public; Owner: -
--

CREATE TABLE public.feed_item_score (
    id bigint NOT NULL,
    created_at timestamp(6) without time zone NOT NULL,
    score double precision,
    updated_at timestamp(6) without time zone,
    post_id bigint NOT NULL
);


--
-- Name: feed_item_score_id_seq; Type: SEQUENCE; Schema: public; Owner: -
--

ALTER TABLE public.feed_item_score ALTER COLUMN id ADD GENERATED BY DEFAULT AS IDENTITY (
    SEQUENCE NAME public.feed_item_score_id_seq
    START WITH 1
    INCREMENT BY 1
    NO MINVALUE
    NO MAXVALUE
    CACHE 1
);


--
-- Name: files; Type: TABLE; Schema: public; Owner: -
--

CREATE TABLE public.files (
    id bigint NOT NULL,
    size bigint,
    content_type character varying(255),
    file_name character varying(255),
    path character varying(255)
);


--
-- Name: files_id_seq; Type: SEQUENCE; Schema: public; Owner: -
--

ALTER TABLE public.files ALTER COLUMN id ADD GENERATED BY DEFAULT AS IDENTITY (
    SEQUENCE NAME public.files_id_seq
    START WITH 1
    INCREMENT BY 1
    NO MINVALUE
    NO MAXVALUE
    CACHE 1
);


--
-- Name: job_application; Type: TABLE; Schema: public; Owner: -
--

CREATE TABLE public.job_application (
    candidate_id bigint NOT NULL,
    id bigint NOT NULL,
    vacancy_id bigint NOT NULL,
    status character varying(255),
    CONSTRAINT job_application_status_check CHECK (((status)::text = ANY ((ARRAY['APPLIED'::character varying, 'IN_PROGRESS'::character varying, 'WAITING_TEST'::character varying, 'TEST_IN_PROGRESS'::character varying, 'APPROVED'::character varying, 'REJECTED'::character varying, 'WITHDRAW'::character varying])::text[])))
);


--
-- Name: job_application_id_seq; Type: SEQUENCE; Schema: public; Owner: -
--

ALTER TABLE public.job_application ALTER COLUMN id ADD GENERATED BY DEFAULT AS IDENTITY (
    SEQUENCE NAME public.job_application_id_seq
    START WITH 1
    INCREMENT BY 1
    NO MINVALUE
    NO MAXVALUE
    CACHE 1
);


--
-- Name: permissions; Type: TABLE; Schema: public; Owner: -
--

CREATE TABLE public.permissions (
    id bigint NOT NULL,
    permission_name character varying(255),
    CONSTRAINT permissions_permission_name_check CHECK (((permission_name)::text = ANY ((ARRAY['PROFILE_UPDATE'::character varying, 'SKILL_ADD'::character varying, 'SKILL_UPDATE'::character varying, 'CERTIFICATE_CREATE'::character varying, 'CERTIFICATE_UPDATE'::character varying, 'CERTIFICATE_DELETE'::character varying, 'EXPERIENCE_CREATE'::character varying, 'EXPERIENCE_UPDATE'::character varying, 'EXPERIENCE_DELETE'::character varying, 'VACANCY_VIEW'::character varying, 'VACANCY_APPLY'::character varying, 'VACANCY_CREATE'::character varying, 'VACANCY_UPDATE'::character varying, 'VACANCY_CLOSE'::character varying, 'CANDIDATE_VIEW'::character varying, 'ENTERPRISE_VIEW'::character varying, 'ADMIN_ACCESS'::character varying])::text[])))
);


--
-- Name: permissions_id_seq; Type: SEQUENCE; Schema: public; Owner: -
--

ALTER TABLE public.permissions ALTER COLUMN id ADD GENERATED BY DEFAULT AS IDENTITY (
    SEQUENCE NAME public.permissions_id_seq
    START WITH 1
    INCREMENT BY 1
    NO MINVALUE
    NO MAXVALUE
    CACHE 1
);


--
-- Name: post; Type: TABLE; Schema: public; Owner: -
--

CREATE TABLE public.post (
    id bigint NOT NULL,
    created_at timestamp(6) without time zone NOT NULL,
    post_type character varying(255) NOT NULL,
    updated_at timestamp(6) without time zone,
    vacancy_status character varying(255),
    CONSTRAINT post_post_type_check CHECK (((post_type)::text = ANY ((ARRAY['PUBLICATION'::character varying, 'VACANCY'::character varying])::text[]))),
    CONSTRAINT post_vacancy_status_check CHECK (((vacancy_status)::text = ANY ((ARRAY['PENDING_APPROVAL'::character varying, 'APPROVED'::character varying, 'OPEN'::character varying, 'CLOSED'::character varying, 'PAUSED'::character varying, 'ARCHIVED'::character varying, 'REJECTED'::character varying])::text[])))
);


--
-- Name: post_id_seq; Type: SEQUENCE; Schema: public; Owner: -
--

ALTER TABLE public.post ALTER COLUMN id ADD GENERATED BY DEFAULT AS IDENTITY (
    SEQUENCE NAME public.post_id_seq
    START WITH 1
    INCREMENT BY 1
    NO MINVALUE
    NO MAXVALUE
    CACHE 1
);


--
-- Name: post_users; Type: TABLE; Schema: public; Owner: -
--

CREATE TABLE public.post_users (
    post_id bigint NOT NULL,
    user_id bigint NOT NULL
);


--
-- Name: profile; Type: TABLE; Schema: public; Owner: -
--

CREATE TABLE public.profile (
    created_at timestamp(6) without time zone NOT NULL,
    id bigint NOT NULL,
    updated_at timestamp(6) without time zone,
    personal_summary character varying(1000),
    banner character varying(255),
    head_line character varying(255),
    locality character varying(255),
    photo character varying(255),
    social_links character varying(255)
);


--
-- Name: profile_id_seq; Type: SEQUENCE; Schema: public; Owner: -
--

ALTER TABLE public.profile ALTER COLUMN id ADD GENERATED BY DEFAULT AS IDENTITY (
    SEQUENCE NAME public.profile_id_seq
    START WITH 1
    INCREMENT BY 1
    NO MINVALUE
    NO MAXVALUE
    CACHE 1
);


--
-- Name: publication; Type: TABLE; Schema: public; Owner: -
--

CREATE TABLE public.publication (
    id bigint NOT NULL,
    body character varying(255),
    post_id bigint NOT NULL,
    title character varying(255)
);


--
-- Name: publication_id_seq; Type: SEQUENCE; Schema: public; Owner: -
--

ALTER TABLE public.publication ALTER COLUMN id ADD GENERATED BY DEFAULT AS IDENTITY (
    SEQUENCE NAME public.publication_id_seq
    START WITH 1
    INCREMENT BY 1
    NO MINVALUE
    NO MAXVALUE
    CACHE 1
);


--
-- Name: role_permissions; Type: TABLE; Schema: public; Owner: -
--

CREATE TABLE public.role_permissions (
    permission_id bigint NOT NULL,
    role_id bigint NOT NULL
);


--
-- Name: roles; Type: TABLE; Schema: public; Owner: -
--

CREATE TABLE public.roles (
    created_at timestamp(6) without time zone NOT NULL,
    id bigint NOT NULL,
    updated_at timestamp(6) without time zone,
    role_name character varying(255),
    CONSTRAINT roles_role_name_check CHECK (((role_name)::text = ANY ((ARRAY['ADMINISTRATOR'::character varying, 'CANDIDATE'::character varying, 'ENTERPRISE'::character varying])::text[])))
);


--
-- Name: roles_id_seq; Type: SEQUENCE; Schema: public; Owner: -
--

ALTER TABLE public.roles ALTER COLUMN id ADD GENERATED BY DEFAULT AS IDENTITY (
    SEQUENCE NAME public.roles_id_seq
    START WITH 1
    INCREMENT BY 1
    NO MINVALUE
    NO MAXVALUE
    CACHE 1
);


--
-- Name: sector; Type: TABLE; Schema: public; Owner: -
--

CREATE TABLE public.sector (
    created_at timestamp(6) without time zone NOT NULL,
    id bigint NOT NULL,
    updated_at timestamp(6) without time zone,
    title character varying(255)
);


--
-- Name: sector_id_seq; Type: SEQUENCE; Schema: public; Owner: -
--

ALTER TABLE public.sector ALTER COLUMN id ADD GENERATED BY DEFAULT AS IDENTITY (
    SEQUENCE NAME public.sector_id_seq
    START WITH 1
    INCREMENT BY 1
    NO MINVALUE
    NO MAXVALUE
    CACHE 1
);


--
-- Name: selection_process; Type: TABLE; Schema: public; Owner: -
--

CREATE TABLE public.selection_process (
    is_active boolean NOT NULL,
    created_at timestamp(6) without time zone NOT NULL,
    id bigint NOT NULL,
    updated_at timestamp(6) without time zone,
    vacancy_id bigint,
    description character varying(255),
    title character varying(255)
);


--
-- Name: selection_process_id_seq; Type: SEQUENCE; Schema: public; Owner: -
--

ALTER TABLE public.selection_process ALTER COLUMN id ADD GENERATED BY DEFAULT AS IDENTITY (
    SEQUENCE NAME public.selection_process_id_seq
    START WITH 1
    INCREMENT BY 1
    NO MINVALUE
    NO MAXVALUE
    CACHE 1
);


--
-- Name: selection_stage; Type: TABLE; Schema: public; Owner: -
--

CREATE TABLE public.selection_stage (
    is_required boolean,
    max_score double precision,
    stage_order integer,
    visible boolean NOT NULL,
    weight double precision,
    id bigint NOT NULL,
    vacancy_id bigint NOT NULL,
    analysis_dimension character varying(255),
    name character varying(255),
    stage_type character varying(255),
    url character varying(255),
    CONSTRAINT selection_stage_analysis_dimension_check CHECK (((analysis_dimension)::text = ANY ((ARRAY['REQUIRED_SKILL'::character varying, 'OPTIONAL_SKILL'::character varying, 'TECHNICAL'::character varying, 'BEHAVIORAL'::character varying, 'CERTIFICATES'::character varying, 'EXPERIENCES'::character varying])::text[]))),
    CONSTRAINT selection_stage_stage_type_check CHECK (((stage_type)::text = ANY ((ARRAY['TECHNICAL_TEST'::character varying, 'BEHAVIORAL_TEST'::character varying, 'SKILL_REQUIRED'::character varying, 'SKILL_OPTIONAL'::character varying, 'CERTIFICATE'::character varying, 'EXPERIENCE'::character varying])::text[])))
);


--
-- Name: selection_stage_id_seq; Type: SEQUENCE; Schema: public; Owner: -
--

ALTER TABLE public.selection_stage ALTER COLUMN id ADD GENERATED BY DEFAULT AS IDENTITY (
    SEQUENCE NAME public.selection_stage_id_seq
    START WITH 1
    INCREMENT BY 1
    NO MINVALUE
    NO MAXVALUE
    CACHE 1
);


--
-- Name: skill_base; Type: TABLE; Schema: public; Owner: -
--

CREATE TABLE public.skill_base (
    created_at timestamp(6) without time zone NOT NULL,
    id bigint NOT NULL,
    updated_at timestamp(6) without time zone,
    skill_type character varying(255),
    title character varying(255),
    CONSTRAINT skill_base_skill_type_check CHECK (((skill_type)::text = ANY ((ARRAY['BEHAVIORAL'::character varying, 'TECHNICAL'::character varying])::text[])))
);


--
-- Name: skill_base_id_seq; Type: SEQUENCE; Schema: public; Owner: -
--

ALTER TABLE public.skill_base ALTER COLUMN id ADD GENERATED BY DEFAULT AS IDENTITY (
    SEQUENCE NAME public.skill_base_id_seq
    START WITH 1
    INCREMENT BY 1
    NO MINVALUE
    NO MAXVALUE
    CACHE 1
);


--
-- Name: skill_candidate; Type: TABLE; Schema: public; Owner: -
--

CREATE TABLE public.skill_candidate (
    candidate_id bigint NOT NULL,
    certificate_id bigint,
    created_at timestamp(6) without time zone NOT NULL,
    experience_id bigint,
    id bigint NOT NULL,
    skill_base_id bigint NOT NULL,
    updated_at timestamp(6) without time zone,
    skill_level character varying(255),
    source character varying(255),
    CONSTRAINT skill_candidate_skill_level_check CHECK (((skill_level)::text = ANY ((ARRAY['BASIC'::character varying, 'INTERMEDIATE'::character varying, 'ADVANCED'::character varying, 'NON_SPECIFIED'::character varying])::text[]))),
    CONSTRAINT skill_candidate_source_check CHECK (((source)::text = ANY ((ARRAY['MANUAL'::character varying, 'CERTIFICATE'::character varying, 'EXPERIENCE'::character varying])::text[])))
);


--
-- Name: skill_candidate_id_seq; Type: SEQUENCE; Schema: public; Owner: -
--

ALTER TABLE public.skill_candidate ALTER COLUMN id ADD GENERATED BY DEFAULT AS IDENTITY (
    SEQUENCE NAME public.skill_candidate_id_seq
    START WITH 1
    INCREMENT BY 1
    NO MINVALUE
    NO MAXVALUE
    CACHE 1
);


--
-- Name: skill_vacancy; Type: TABLE; Schema: public; Owner: -
--

CREATE TABLE public.skill_vacancy (
    required boolean,
    created_at timestamp(6) without time zone NOT NULL,
    id bigint NOT NULL,
    skill_base_id bigint,
    updated_at timestamp(6) without time zone,
    vacancy_id bigint
);


--
-- Name: skill_vacancy_id_seq; Type: SEQUENCE; Schema: public; Owner: -
--

ALTER TABLE public.skill_vacancy ALTER COLUMN id ADD GENERATED BY DEFAULT AS IDENTITY (
    SEQUENCE NAME public.skill_vacancy_id_seq
    START WITH 1
    INCREMENT BY 1
    NO MINVALUE
    NO MAXVALUE
    CACHE 1
);


--
-- Name: user_roles; Type: TABLE; Schema: public; Owner: -
--

CREATE TABLE public.user_roles (
    role_id bigint NOT NULL,
    user_id bigint NOT NULL
);


--
-- Name: users; Type: TABLE; Schema: public; Owner: -
--

CREATE TABLE public.users (
    created_at timestamp(6) without time zone NOT NULL,
    id bigint NOT NULL,
    updated_at timestamp(6) without time zone,
    email character varying(255),
    password character varying(255)
);


--
-- Name: users_id_seq; Type: SEQUENCE; Schema: public; Owner: -
--

ALTER TABLE public.users ALTER COLUMN id ADD GENERATED BY DEFAULT AS IDENTITY (
    SEQUENCE NAME public.users_id_seq
    START WITH 1
    INCREMENT BY 1
    NO MINVALUE
    NO MAXVALUE
    CACHE 1
);


--
-- Name: vacancys; Type: TABLE; Schema: public; Owner: -
--

CREATE TABLE public.vacancys (
    expiration_date date,
    has_a_behavioral_test boolean,
    has_a_technical_test boolean,
    publication_date date,
    required_certificate boolean,
    closed_at timestamp(6) without time zone,
    created_at timestamp(6) without time zone NOT NULL,
    enterprise_id bigint,
    id bigint NOT NULL,
    max_experience_range bigint,
    min_experience_range bigint,
    sector_id bigint,
    updated_at timestamp(6) without time zone,
    description character varying(255),
    experience_range character varying(255),
    locality character varying(255),
    modality_type character varying(255),
    "position" character varying(255),
    title character varying(255),
    vacancy_status character varying(255),
    vacancy_type character varying(255),
    post_id bigint NOT NULL,
    CONSTRAINT vacancys_experience_range_check CHECK (((experience_range)::text = ANY ((ARRAY['ZERO_TO_SIX_MONTHS'::character varying, 'ONE_TO_TWO_YEARS'::character varying, 'TWO_TO_FOUR_YEARS'::character varying, 'FOUR_PLUS_YEARS'::character varying])::text[]))),
    CONSTRAINT vacancys_modality_type_check CHECK (((modality_type)::text = ANY ((ARRAY['ON_SITE'::character varying, 'REMOTE'::character varying, 'HYBRID'::character varying])::text[]))),
    CONSTRAINT vacancys_vacancy_status_check CHECK (((vacancy_status)::text = ANY ((ARRAY['PENDING_APPROVAL'::character varying, 'APPROVED'::character varying, 'OPEN'::character varying, 'CLOSED'::character varying, 'PAUSED'::character varying, 'ARCHIVED'::character varying, 'REJECTED'::character varying])::text[]))),
    CONSTRAINT vacancys_vacancy_type_check CHECK (((vacancy_type)::text = ANY ((ARRAY['FULL_TIME'::character varying, 'PART_TIME'::character varying, 'INTERSHIP'::character varying, 'TRAINEE'::character varying, 'TEMPORARY'::character varying, 'CONTRACT'::character varying, 'FREELANCE'::character varying, 'SELF_EMPLOYED'::character varying, 'VOLUNTEER'::character varying, 'APPRENTICESHIP'::character varying])::text[])))
);


--
-- Name: vacancys_id_seq; Type: SEQUENCE; Schema: public; Owner: -
--

ALTER TABLE public.vacancys ALTER COLUMN id ADD GENERATED BY DEFAULT AS IDENTITY (
    SEQUENCE NAME public.vacancys_id_seq
    START WITH 1
    INCREMENT BY 1
    NO MINVALUE
    NO MAXVALUE
    CACHE 1
);


--
-- Data for Name: application_analysis; Type: TABLE DATA; Schema: public; Owner: -
--

COPY public.application_analysis (final_score, id, job_application_id, compatibility_level, final_feedback) FROM stdin;
\.


--
-- Data for Name: application_analysis_dimension; Type: TABLE DATA; Schema: public; Owner: -
--

COPY public.application_analysis_dimension (score, weight, weighted_score, analysis_id, id, selection_stage_id) FROM stdin;
\.


--
-- Data for Name: application_stage_result; Type: TABLE DATA; Schema: public; Owner: -
--

COPY public.application_stage_result (locked, score, id, job_application_id, selection_stage_id, stage_status) FROM stdin;
\.


--
-- Data for Name: attachments; Type: TABLE DATA; Schema: public; Owner: -
--

COPY public.attachments (candidate_id, file_id, id, type) FROM stdin;
1	1	1	CERTIFICATE
\.


--
-- Data for Name: candidate_preferences; Type: TABLE DATA; Schema: public; Owner: -
--

COPY public.candidate_preferences (id, modality, total_experience, vacancy_type, candidate_id) FROM stdin;
1	\N	3	\N	2
2	\N	0	\N	1
\.


--
-- Data for Name: candidates; Type: TABLE DATA; Schema: public; Owner: -
--

COPY public.candidates (date_of_birth, created_at, id, profile_id, updated_at, user_id, availability, contact, cpf, full_name, gender, race_ethnicity, sector, sector_id) FROM stdin;
\N	2026-03-25 15:59:06.30019	2	3	2026-03-25 15:59:06.300213	4	\N	98999998888	62958411397	Marcelo	\N	\N	\N	\N
\N	2026-03-24 16:49:02.472738	1	1	2026-03-30 21:08:39.26349	1	\N	(98) 99999-9999	12345678901	Marcelo Cavalcanti	Masculino	Branco	2	1
\.


--
-- Data for Name: certificate_sectors; Type: TABLE DATA; Schema: public; Owner: -
--

COPY public.certificate_sectors (certificate_id, sector_id) FROM stdin;
1	2
\.


--
-- Data for Name: certificates; Type: TABLE DATA; Schema: public; Owner: -
--

COPY public.certificates (candidate_id, hours, id, expiration_date, issue_date, issuing_organization, title, url) FROM stdin;
1	50	1	2026-12-01 +00	2026-02-01 +00	AMBINMA	C-PRO-R	https://www.credly.com/badges/exemplo
\.


--
-- Data for Name: enterprises; Type: TABLE DATA; Schema: public; Owner: -
--

COPY public.enterprises (is_approved, size_enterprise, created_at, id, number_of_employees, profile_id, updated_at, user_id, cnpj, contact, description, enterprise_name, sector, site_url, social_reason) FROM stdin;
f	\N	2026-03-26 20:49:00.735811	2	\N	4	2026-03-26 20:49:00.753349	7	12345678000199	12345678000199	\N	Tech Solutions	\N	\N	\N
f	\N	2026-03-26 20:49:47.806762	4	\N	6	2026-03-26 20:49:47.810956	9	12345678000199	1234567800199	\N	Tech Solutions	\N	\N	\N
f	\N	2026-03-31 17:38:13.821942	6	\N	8	2026-03-31 17:38:13.836013	11	40415381000194	98999999999	\N	FREIRES & CAVALCANTI LTDA	\N	\N	\N
f	\N	2026-03-24 16:49:14.651077	1	\N	2	2026-03-24 16:49:14.651101	2	12345678000199	1133334444	\N	Bradesco	\N	\N	\N
\.


--
-- Data for Name: experiences; Type: TABLE DATA; Schema: public; Owner: -
--

COPY public.experiences (end_date, is_current, start_date, candidate_id, id, description, locality, organization, title, work_modality, work_type) FROM stdin;
2026-03-13	f	2026-03-13	2	1	Descrição de atividades realizadas...	\N	Banco Inter	Bancário	REMOTE	CONTRACT
2026-06-13	f	2026-03-13	2	2	Descrição de atividades realizadas...	\N	Banco Inter	Bancário 2	REMOTE	CONTRACT
2026-06-13	f	2026-03-13	2	3	Descrição de atividades realizadas...	\N	Banco Inter	Bancário 3	REMOTE	CONTRACT
2026-06-13	f	2026-03-13	2	4	Descrição de atividades realizadas...	\N	Banco Inter	Bancário 3	REMOTE	CONTRACT
\N	t	2026-03-13	2	5	Descrição de atividades realizadas...	\N	Banco Inter	Bancário 3	REMOTE	CONTRACT
\N	t	2026-03-13	1	6	Descrição de atividades realizadas...	\N	Banco Inter	Bancário 3	REMOTE	CONTRACT
\.


--
-- Data for Name: feed_item_score; Type: TABLE DATA; Schema: public; Owner: -
--

COPY public.feed_item_score (id, created_at, score, updated_at, post_id) FROM stdin;
2	2026-03-31 20:04:06.447992	0	2026-03-31 20:04:06.448012	15
3	2026-03-31 20:04:13.14213	0	2026-03-31 20:04:13.14215	16
4	2026-03-31 20:59:16.362554	0	2026-03-31 20:59:16.362576	17
5	2026-03-31 21:00:57.264132	0	2026-03-31 21:00:57.264187	18
6	2026-03-31 21:26:00.718437	0	2026-03-31 21:26:00.718533	19
7	2026-03-31 21:26:03.844573	0	2026-03-31 21:26:03.844627	20
8	2026-03-31 21:26:06.898262	0	2026-03-31 21:26:06.89828	21
9	2026-03-31 21:26:10.055311	0	2026-03-31 21:26:10.05533	22
10	2026-03-31 21:26:13.254627	0	2026-03-31 21:26:13.254645	23
11	2026-03-31 21:26:29.06848	0	2026-03-31 21:26:29.068501	24
12	2026-03-31 21:26:32.294776	0	2026-03-31 21:26:32.294839	25
13	2026-03-31 21:26:35.568262	0	2026-03-31 21:26:35.568306	26
14	2026-03-31 21:26:38.350928	0	2026-03-31 21:26:38.35097	27
15	2026-03-31 21:26:41.39471	0	2026-03-31 21:26:41.394799	28
16	2026-03-31 21:26:44.546607	0	2026-03-31 21:26:44.546657	29
17	2026-03-31 21:26:48.518713	0	2026-03-31 21:26:48.518755	30
18	2026-03-31 21:26:52.644428	0	2026-03-31 21:26:52.64445	31
19	2026-03-31 21:26:57.220051	0	2026-03-31 21:26:57.220089	32
20	2026-03-31 21:27:02.099715	0	2026-03-31 21:27:02.099737	33
21	2026-03-31 21:27:05.028141	0	2026-03-31 21:27:05.028187	34
22	2026-03-31 21:27:08.228815	0	2026-03-31 21:27:08.228845	35
23	2026-03-31 21:27:10.971094	0	2026-03-31 21:27:10.971131	36
24	2026-03-31 21:27:14.403747	0	2026-03-31 21:27:14.403795	37
25	2026-03-31 21:27:23.997909	0	2026-03-31 21:27:23.997927	38
26	2026-03-31 21:27:27.422154	0	2026-03-31 21:27:27.42219	39
27	2026-03-31 21:27:31.722258	0	2026-03-31 21:27:31.722284	40
28	2026-03-31 21:27:35.009852	0	2026-03-31 21:27:35.009903	41
29	2026-03-31 21:27:38.86836	0	2026-03-31 21:27:38.868484	42
30	2026-03-31 21:27:42.112072	0	2026-03-31 21:27:42.112123	43
31	2026-03-31 21:27:45.108036	0	2026-03-31 21:27:45.108053	44
32	2026-03-31 21:29:48.964468	0	2026-03-31 21:29:48.964502	45
33	2026-03-31 21:29:49.823827	0	2026-03-31 21:29:49.823867	46
34	2026-03-31 21:29:50.666292	0	2026-03-31 21:29:50.666346	47
35	2026-03-31 21:29:51.547341	0	2026-03-31 21:29:51.547384	48
36	2026-03-31 21:29:52.348057	0	2026-03-31 21:29:52.348126	49
37	2026-03-31 21:29:53.123051	0	2026-03-31 21:29:53.123244	50
38	2026-03-31 21:29:53.885835	0	2026-03-31 21:29:53.88587	51
39	2026-03-31 21:29:54.632454	0	2026-03-31 21:29:54.632486	52
40	2026-03-31 21:29:55.400978	0	2026-03-31 21:29:55.401016	53
41	2026-03-31 21:29:56.227719	0	2026-03-31 21:29:56.227754	54
42	2026-03-31 21:29:58.861504	0	2026-03-31 21:29:58.861516	55
43	2026-03-31 21:29:59.631452	0	2026-03-31 21:29:59.631584	56
44	2026-03-31 21:30:00.408284	0	2026-03-31 21:30:00.408299	57
45	2026-03-31 21:30:01.157429	0	2026-03-31 21:30:01.157475	58
46	2026-03-31 21:30:01.865669	0	2026-03-31 21:30:01.865686	59
47	2026-03-31 21:30:02.592449	0	2026-03-31 21:30:02.592466	60
48	2026-03-31 21:30:03.353202	0	2026-03-31 21:30:03.353249	61
49	2026-03-31 21:30:04.133917	0	2026-03-31 21:30:04.133937	62
50	2026-03-31 21:30:04.884516	0	2026-03-31 21:30:04.884656	63
51	2026-03-31 21:30:05.61407	0	2026-03-31 21:30:05.614084	64
52	2026-03-31 21:30:06.346792	0	2026-03-31 21:30:06.346805	65
53	2026-03-31 21:30:07.094935	0	2026-03-31 21:30:07.094955	66
54	2026-03-31 21:30:07.850073	0	2026-03-31 21:30:07.85011	67
55	2026-03-31 21:30:08.576091	0	2026-03-31 21:30:08.576135	68
56	2026-03-31 21:30:09.241929	0	2026-03-31 21:30:09.242042	69
57	2026-03-31 21:30:09.902364	0	2026-03-31 21:30:09.902449	70
58	2026-03-31 21:30:10.627384	0	2026-03-31 21:30:10.627434	71
59	2026-03-31 21:30:11.370236	0	2026-03-31 21:30:11.370364	72
60	2026-03-31 21:30:12.042703	0	2026-03-31 21:30:12.042761	73
\.


--
-- Data for Name: files; Type: TABLE DATA; Schema: public; Owner: -
--

COPY public.files (id, size, content_type, file_name, path) FROM stdin;
1	1043690	image/png	aistudio.google.com_apps_72147936-4ed6-4673-afca-39c1bc7c4fbc_showPreview=true&showAssistant=true&fullscreenApplet=true (2).png	\N
\.


--
-- Data for Name: job_application; Type: TABLE DATA; Schema: public; Owner: -
--

COPY public.job_application (candidate_id, id, vacancy_id, status) FROM stdin;
\.


--
-- Data for Name: permissions; Type: TABLE DATA; Schema: public; Owner: -
--

COPY public.permissions (id, permission_name) FROM stdin;
1	PROFILE_UPDATE
2	SKILL_ADD
3	SKILL_UPDATE
4	CERTIFICATE_CREATE
5	CERTIFICATE_UPDATE
6	CERTIFICATE_DELETE
7	EXPERIENCE_CREATE
8	EXPERIENCE_UPDATE
9	EXPERIENCE_DELETE
10	VACANCY_VIEW
11	VACANCY_APPLY
12	VACANCY_CREATE
13	VACANCY_UPDATE
14	VACANCY_CLOSE
15	CANDIDATE_VIEW
16	ENTERPRISE_VIEW
17	ADMIN_ACCESS
\.


--
-- Data for Name: post; Type: TABLE DATA; Schema: public; Owner: -
--

COPY public.post (id, created_at, post_type, updated_at, vacancy_status) FROM stdin;
15	2026-03-31 20:04:06.36726	VACANCY	2026-03-31 20:04:06.367294	PENDING_APPROVAL
16	2026-03-31 20:04:13.133783	PUBLICATION	2026-03-31 20:04:13.13381	PENDING_APPROVAL
17	2026-03-31 20:59:16.288319	VACANCY	2026-03-31 20:59:16.288375	PENDING_APPROVAL
18	2026-03-31 21:00:57.23979	PUBLICATION	2026-03-31 21:00:57.239844	PENDING_APPROVAL
19	2026-03-31 21:26:00.683413	PUBLICATION	2026-03-31 21:26:00.683458	PENDING_APPROVAL
20	2026-03-31 21:26:03.837907	PUBLICATION	2026-03-31 21:26:03.838044	PENDING_APPROVAL
21	2026-03-31 21:26:06.894902	PUBLICATION	2026-03-31 21:26:06.894921	PENDING_APPROVAL
22	2026-03-31 21:26:10.052268	PUBLICATION	2026-03-31 21:26:10.052282	PENDING_APPROVAL
23	2026-03-31 21:26:13.25081	PUBLICATION	2026-03-31 21:26:13.250823	PENDING_APPROVAL
24	2026-03-31 21:26:29.01523	VACANCY	2026-03-31 21:26:29.015277	PENDING_APPROVAL
25	2026-03-31 21:26:32.245706	VACANCY	2026-03-31 21:26:32.245751	PENDING_APPROVAL
26	2026-03-31 21:26:35.540479	VACANCY	2026-03-31 21:26:35.540495	PENDING_APPROVAL
27	2026-03-31 21:26:38.301614	VACANCY	2026-03-31 21:26:38.301668	PENDING_APPROVAL
28	2026-03-31 21:26:41.322587	VACANCY	2026-03-31 21:26:41.322645	PENDING_APPROVAL
29	2026-03-31 21:26:44.491789	VACANCY	2026-03-31 21:26:44.491844	PENDING_APPROVAL
30	2026-03-31 21:26:48.481577	VACANCY	2026-03-31 21:26:48.481612	PENDING_APPROVAL
31	2026-03-31 21:26:52.606399	VACANCY	2026-03-31 21:26:52.606439	PENDING_APPROVAL
32	2026-03-31 21:26:57.180694	VACANCY	2026-03-31 21:26:57.180737	PENDING_APPROVAL
33	2026-03-31 21:27:02.079693	VACANCY	2026-03-31 21:27:02.079711	PENDING_APPROVAL
34	2026-03-31 21:27:04.999553	VACANCY	2026-03-31 21:27:04.999581	PENDING_APPROVAL
35	2026-03-31 21:27:08.186689	VACANCY	2026-03-31 21:27:08.186723	PENDING_APPROVAL
36	2026-03-31 21:27:10.9323	VACANCY	2026-03-31 21:27:10.932355	PENDING_APPROVAL
37	2026-03-31 21:27:14.380337	VACANCY	2026-03-31 21:27:14.380351	PENDING_APPROVAL
38	2026-03-31 21:27:23.99343	PUBLICATION	2026-03-31 21:27:23.993446	PENDING_APPROVAL
39	2026-03-31 21:27:27.417247	PUBLICATION	2026-03-31 21:27:27.41732	PENDING_APPROVAL
40	2026-03-31 21:27:31.715888	PUBLICATION	2026-03-31 21:27:31.715926	PENDING_APPROVAL
41	2026-03-31 21:27:35.0003	PUBLICATION	2026-03-31 21:27:35.000353	PENDING_APPROVAL
42	2026-03-31 21:27:38.85416	PUBLICATION	2026-03-31 21:27:38.854206	PENDING_APPROVAL
43	2026-03-31 21:27:42.103322	PUBLICATION	2026-03-31 21:27:42.103375	PENDING_APPROVAL
44	2026-03-31 21:27:45.103637	PUBLICATION	2026-03-31 21:27:45.103884	PENDING_APPROVAL
45	2026-03-31 21:29:48.930943	VACANCY	2026-03-31 21:29:48.930984	PENDING_APPROVAL
46	2026-03-31 21:29:49.794379	VACANCY	2026-03-31 21:29:49.794547	PENDING_APPROVAL
47	2026-03-31 21:29:50.651469	VACANCY	2026-03-31 21:29:50.651489	PENDING_APPROVAL
48	2026-03-31 21:29:51.504042	VACANCY	2026-03-31 21:29:51.504094	PENDING_APPROVAL
49	2026-03-31 21:29:52.295352	VACANCY	2026-03-31 21:29:52.295399	PENDING_APPROVAL
50	2026-03-31 21:29:53.081721	VACANCY	2026-03-31 21:29:53.08176	PENDING_APPROVAL
51	2026-03-31 21:29:53.844232	VACANCY	2026-03-31 21:29:53.844278	PENDING_APPROVAL
52	2026-03-31 21:29:54.598434	VACANCY	2026-03-31 21:29:54.598448	PENDING_APPROVAL
53	2026-03-31 21:29:55.369288	VACANCY	2026-03-31 21:29:55.369327	PENDING_APPROVAL
54	2026-03-31 21:29:56.182671	VACANCY	2026-03-31 21:29:56.182686	PENDING_APPROVAL
55	2026-03-31 21:29:58.859535	PUBLICATION	2026-03-31 21:29:58.85955	PENDING_APPROVAL
56	2026-03-31 21:29:59.622101	PUBLICATION	2026-03-31 21:29:59.622134	PENDING_APPROVAL
57	2026-03-31 21:30:00.405127	PUBLICATION	2026-03-31 21:30:00.405178	PENDING_APPROVAL
58	2026-03-31 21:30:01.151027	PUBLICATION	2026-03-31 21:30:01.151064	PENDING_APPROVAL
59	2026-03-31 21:30:01.862213	PUBLICATION	2026-03-31 21:30:01.862227	PENDING_APPROVAL
60	2026-03-31 21:30:02.581277	PUBLICATION	2026-03-31 21:30:02.58131	PENDING_APPROVAL
61	2026-03-31 21:30:03.346736	PUBLICATION	2026-03-31 21:30:03.346752	PENDING_APPROVAL
62	2026-03-31 21:30:04.126354	PUBLICATION	2026-03-31 21:30:04.126385	PENDING_APPROVAL
63	2026-03-31 21:30:04.876566	PUBLICATION	2026-03-31 21:30:04.8766	PENDING_APPROVAL
64	2026-03-31 21:30:05.610736	PUBLICATION	2026-03-31 21:30:05.610749	PENDING_APPROVAL
65	2026-03-31 21:30:06.344585	PUBLICATION	2026-03-31 21:30:06.344797	PENDING_APPROVAL
66	2026-03-31 21:30:07.092085	PUBLICATION	2026-03-31 21:30:07.092115	PENDING_APPROVAL
67	2026-03-31 21:30:07.844393	PUBLICATION	2026-03-31 21:30:07.844424	PENDING_APPROVAL
68	2026-03-31 21:30:08.566782	PUBLICATION	2026-03-31 21:30:08.566834	PENDING_APPROVAL
69	2026-03-31 21:30:09.230941	PUBLICATION	2026-03-31 21:30:09.230984	PENDING_APPROVAL
70	2026-03-31 21:30:09.890888	PUBLICATION	2026-03-31 21:30:09.890931	PENDING_APPROVAL
71	2026-03-31 21:30:10.615156	PUBLICATION	2026-03-31 21:30:10.615198	PENDING_APPROVAL
72	2026-03-31 21:30:11.354668	PUBLICATION	2026-03-31 21:30:11.354706	PENDING_APPROVAL
73	2026-03-31 21:30:12.033029	PUBLICATION	2026-03-31 21:30:12.033072	PENDING_APPROVAL
\.


--
-- Data for Name: post_users; Type: TABLE DATA; Schema: public; Owner: -
--

COPY public.post_users (post_id, user_id) FROM stdin;
15	3
16	3
17	3
18	3
19	3
20	3
21	3
22	3
23	3
24	3
25	3
26	3
27	3
28	3
29	3
30	3
31	3
32	3
33	3
34	3
35	3
36	3
37	3
38	3
39	3
40	3
41	3
42	3
43	3
44	3
45	3
46	3
47	3
48	3
49	3
50	3
51	3
52	3
53	3
54	3
55	3
56	3
57	3
58	3
59	3
60	3
61	3
62	3
63	3
64	3
65	3
66	3
67	3
68	3
69	3
70	3
71	3
72	3
73	3
\.


--
-- Data for Name: profile; Type: TABLE DATA; Schema: public; Owner: -
--

COPY public.profile (created_at, id, updated_at, personal_summary, banner, head_line, locality, photo, social_links) FROM stdin;
2026-03-25 15:59:06.290492	3	2026-03-25 15:59:06.290526	\N	\N	\N	\N	\N	\N
2026-03-26 20:49:00.71173	4	2026-03-26 20:49:00.7118	\N	\N	\N	\N	\N	\N
2026-03-26 20:49:47.80397	6	2026-03-26 20:49:47.804013	\N	\N	\N	\N	\N	\N
2026-03-27 03:04:21.427713	7	2026-03-27 03:04:21.427786	\N	\N	\N	\N	\N	\N
2026-03-24 16:49:02.46595	1	2026-03-30 21:08:39.26006	Sou Marcelo Cavalcanti, estudante de Ciência da Computação em fase de conclusão e Desenvolvedor Full Stack, focado em criar soluções completas e escaláveis \r\n\r\nTenho interesse em atuar nas áreas de Desenvolvimento de Softwares, sistemas web e análise de dados\r\n\r\nMeu principal foco tem sido o desenvolvimento web, onde, ao longo de diversos projetos, tive a oportunidade de trabalhar com diferentes linguagens, frameworks e tecnologias, aprendendo na prática sobre deploy, nuvem, containers e integração de sistemas. Essa diversidade de experiências me permitiu desenvolver habilidades sólidas em modelagem de dados, gestão de estados, otimização de performance e boas práticas de desenvolvimento, sempre aplicando conceitos de arquitetura limpa, testes automatizados e deploy em ambientes cloud.\r\n\r\nMeu objetivo é contribuir com projetos que unam tecnologia, eficiência e inovação, entregando resultados que realmente impactem usuários e negócios de forma positiva.	/var/uploads/candidate/1/photo_1774902970756.jpg	Analista Financeiro	São Luís, Maranhão, Brazil	/var/uploads/candidate/1/photo_1774902540742.jpg	https://linkedin.com/in/cavalcantgus
2026-03-24 16:49:14.646147	2	2026-03-27 20:47:22.141545	\N	/uploads/enterprises/1/images (1).jpg	\N	\N	/var/uploads/enterprises/1/photo_1774644442112.jpg	
2026-03-31 17:38:13.811457	8	2026-03-31 17:40:34.66613	\N	/uploads/enterprises/6/images.jpg	\N	\N	/var/uploads/enterprises/6/photo_1774978834640.jpg	
\.


--
-- Data for Name: publication; Type: TABLE DATA; Schema: public; Owner: -
--

COPY public.publication (id, body, post_id, title) FROM stdin;
7	Teste	16	Publicação de Teste
8	TESTE	18	Publicação
9	TESTE	19	Publicação 1
10	TESTE	20	Publicação 2
11	TESTE	21	Publicação 3
12	TESTE	22	Publicação 4
13	TESTE	23	Publicação 5
14	TESTE	38	Publicação 6
15	TESTE	39	Publicação 7
16	TESTE	40	Publicação 8
17	TESTE	41	Publicação 9
18	TESTE	42	Publicação 10
19	TESTE	43	Publicação 11
20	TESTE	44	Publicação 12
21	TESTE	55	Publicação 12
22	TESTE	56	Publicação 12
23	TESTE	57	Publicação 12
24	TESTE	58	Publicação 12
25	TESTE	59	Publicação 12
26	TESTE	60	Publicação 12
27	TESTE	61	Publicação 12
28	TESTE	62	Publicação 12
29	TESTE	63	Publicação 12
30	TESTE	64	Publicação 12
31	TESTE	65	Publicação 12
32	TESTE	66	Publicação 12
33	TESTE	67	Publicação 12
34	TESTE	68	Publicação 12
35	TESTE	69	Publicação 12
36	TESTE	70	Publicação 12
37	TESTE	71	Publicação 12
38	TESTE	72	Publicação 12
39	TESTE	73	Publicação 12
\.


--
-- Data for Name: role_permissions; Type: TABLE DATA; Schema: public; Owner: -
--

COPY public.role_permissions (permission_id, role_id) FROM stdin;
1	3
2	3
3	3
4	3
5	3
6	3
7	3
8	3
9	3
10	3
11	3
12	3
13	3
14	3
15	3
16	3
17	3
1	1
2	1
3	1
4	1
5	1
6	1
7	1
8	1
9	1
10	1
11	1
1	2
10	2
12	2
13	2
14	2
15	2
\.


--
-- Data for Name: roles; Type: TABLE DATA; Schema: public; Owner: -
--

COPY public.roles (created_at, id, updated_at, role_name) FROM stdin;
2026-03-24 16:42:29.941694	1	2026-03-24 16:42:29.941694	CANDIDATE
2026-03-24 16:42:29.941694	2	2026-03-24 16:42:29.941694	ENTERPRISE
2026-03-24 16:42:29.941694	3	2026-03-24 16:42:29.941694	ADMINISTRATOR
\.


--
-- Data for Name: sector; Type: TABLE DATA; Schema: public; Owner: -
--

COPY public.sector (created_at, id, updated_at, title) FROM stdin;
2026-03-24 16:59:55.066948	1	2026-03-24 16:59:55.066948	Banco de Investimento
2026-03-24 16:59:55.066948	2	2026-03-24 16:59:55.066948	Banco Comercial
2026-03-24 16:59:55.066948	3	2026-03-24 16:59:55.066948	Corretora de Valores
2026-03-24 16:59:55.066948	4	2026-03-24 16:59:55.066948	Gestão de Ativos
2026-03-24 16:59:55.066948	5	2026-03-24 16:59:55.066948	Private Equity
2026-03-24 16:59:55.066948	6	2026-03-24 16:59:55.066948	Venture Capital
2026-03-24 16:59:55.066948	7	2026-03-24 16:59:55.066948	Hedge Funds
2026-03-24 16:59:55.066948	8	2026-03-24 16:59:55.066948	Tesouraria
2026-03-24 16:59:55.066948	9	2026-03-24 16:59:55.066948	Risco e Compliance
2026-03-24 16:59:55.066948	10	2026-03-24 16:59:55.066948	Auditoria Financeira
2026-03-24 16:59:55.066948	11	2026-03-24 16:59:55.066948	Planejamento Financeiro
2026-03-24 16:59:55.066948	12	2026-03-24 16:59:55.066948	Análise de Investimentos
2026-03-24 16:59:55.066948	13	2026-03-24 16:59:55.066948	Mercado de Capitais
2026-03-24 16:59:55.066948	14	2026-03-24 16:59:55.066948	Crédito e Financiamento
2026-03-24 16:59:55.066948	15	2026-03-24 16:59:55.066948	Seguros
2026-03-24 16:59:55.066948	16	2026-03-24 16:59:55.066948	Previdência Privada
2026-03-24 16:59:55.066948	17	2026-03-24 16:59:55.066948	Fintech
2026-03-24 16:59:55.066948	18	2026-03-24 16:59:55.066948	Pagamentos e Meios Digitais
2026-03-24 16:59:55.066948	19	2026-03-24 16:59:55.066948	Câmbio e Comércio Exterior
2026-03-24 16:59:55.066948	20	2026-03-24 16:59:55.066948	Controladoria
\.


--
-- Data for Name: selection_process; Type: TABLE DATA; Schema: public; Owner: -
--

COPY public.selection_process (is_active, created_at, id, updated_at, vacancy_id, description, title) FROM stdin;
\.


--
-- Data for Name: selection_stage; Type: TABLE DATA; Schema: public; Owner: -
--

COPY public.selection_stage (is_required, max_score, stage_order, visible, weight, id, vacancy_id, analysis_dimension, name, stage_type, url) FROM stdin;
t	\N	\N	f	0.2	87	29	REQUIRED_SKILL	\N	SKILL_REQUIRED	\N
f	\N	\N	f	0.02	88	29	CERTIFICATES	\N	CERTIFICATE	\N
t	\N	2	t	0.35	89	29	BEHAVIORAL	\N	BEHAVIORAL_TEST	\N
f	\N	\N	f	0.02	90	30	CERTIFICATES	\N	CERTIFICATE	\N
t	\N	\N	f	0.2	91	30	REQUIRED_SKILL	\N	SKILL_REQUIRED	\N
t	\N	2	t	0.35	92	30	BEHAVIORAL	\N	BEHAVIORAL_TEST	\N
t	\N	2	t	0.35	93	31	BEHAVIORAL	\N	BEHAVIORAL_TEST	\N
f	\N	\N	f	0.02	94	31	CERTIFICATES	\N	CERTIFICATE	\N
t	\N	\N	f	0.2	95	31	REQUIRED_SKILL	\N	SKILL_REQUIRED	\N
t	\N	\N	f	0.2	96	32	REQUIRED_SKILL	\N	SKILL_REQUIRED	\N
f	\N	\N	f	0.02	97	32	CERTIFICATES	\N	CERTIFICATE	\N
t	\N	2	t	0.35	98	32	BEHAVIORAL	\N	BEHAVIORAL_TEST	\N
t	\N	2	t	0.35	99	33	BEHAVIORAL	\N	BEHAVIORAL_TEST	\N
f	\N	\N	f	0.02	100	33	CERTIFICATES	\N	CERTIFICATE	\N
t	\N	\N	f	0.2	101	33	REQUIRED_SKILL	\N	SKILL_REQUIRED	\N
t	\N	\N	f	0.2	102	34	REQUIRED_SKILL	\N	SKILL_REQUIRED	\N
t	\N	2	t	0.35	103	34	BEHAVIORAL	\N	BEHAVIORAL_TEST	\N
f	\N	\N	f	0.02	104	34	CERTIFICATES	\N	CERTIFICATE	\N
t	\N	2	t	0.35	105	35	BEHAVIORAL	\N	BEHAVIORAL_TEST	\N
t	\N	\N	f	0.2	106	35	REQUIRED_SKILL	\N	SKILL_REQUIRED	\N
f	\N	\N	f	0.02	107	35	CERTIFICATES	\N	CERTIFICATE	\N
t	\N	\N	f	0.2	108	36	REQUIRED_SKILL	\N	SKILL_REQUIRED	\N
f	\N	\N	f	0.02	109	36	CERTIFICATES	\N	CERTIFICATE	\N
t	\N	2	t	0.35	110	36	BEHAVIORAL	\N	BEHAVIORAL_TEST	\N
t	\N	2	t	0.35	111	37	BEHAVIORAL	\N	BEHAVIORAL_TEST	\N
f	\N	\N	f	0.02	112	37	CERTIFICATES	\N	CERTIFICATE	\N
t	\N	\N	f	0.2	113	37	REQUIRED_SKILL	\N	SKILL_REQUIRED	\N
f	\N	\N	f	0.02	114	38	CERTIFICATES	\N	CERTIFICATE	\N
t	\N	2	t	0.35	115	38	BEHAVIORAL	\N	BEHAVIORAL_TEST	\N
t	\N	\N	f	0.2	116	38	REQUIRED_SKILL	\N	SKILL_REQUIRED	\N
t	\N	2	t	0.35	117	39	BEHAVIORAL	\N	BEHAVIORAL_TEST	\N
f	\N	\N	f	0.02	118	39	CERTIFICATES	\N	CERTIFICATE	\N
t	\N	\N	f	0.2	119	39	REQUIRED_SKILL	\N	SKILL_REQUIRED	\N
f	\N	\N	f	0.02	120	40	CERTIFICATES	\N	CERTIFICATE	\N
t	\N	\N	f	0.2	121	40	REQUIRED_SKILL	\N	SKILL_REQUIRED	\N
t	\N	2	t	0.35	122	40	BEHAVIORAL	\N	BEHAVIORAL_TEST	\N
t	\N	\N	f	0.2	123	41	REQUIRED_SKILL	\N	SKILL_REQUIRED	\N
t	\N	2	t	0.35	124	41	BEHAVIORAL	\N	BEHAVIORAL_TEST	\N
f	\N	\N	f	0.02	125	41	CERTIFICATES	\N	CERTIFICATE	\N
t	\N	2	t	0.35	126	42	BEHAVIORAL	\N	BEHAVIORAL_TEST	\N
f	\N	\N	f	0.02	127	42	CERTIFICATES	\N	CERTIFICATE	\N
t	\N	\N	f	0.2	128	42	REQUIRED_SKILL	\N	SKILL_REQUIRED	\N
t	\N	\N	f	0.2	129	43	REQUIRED_SKILL	\N	SKILL_REQUIRED	\N
f	\N	\N	f	0.02	130	43	CERTIFICATES	\N	CERTIFICATE	\N
t	\N	2	t	0.35	131	43	BEHAVIORAL	\N	BEHAVIORAL_TEST	\N
t	\N	2	t	0.35	132	44	BEHAVIORAL	\N	BEHAVIORAL_TEST	\N
t	\N	\N	f	0.2	133	44	REQUIRED_SKILL	\N	SKILL_REQUIRED	\N
f	\N	\N	f	0.02	134	44	CERTIFICATES	\N	CERTIFICATE	\N
f	\N	\N	f	0.02	135	45	CERTIFICATES	\N	CERTIFICATE	\N
t	\N	\N	f	0.2	136	45	REQUIRED_SKILL	\N	SKILL_REQUIRED	\N
t	\N	2	t	0.35	137	45	BEHAVIORAL	\N	BEHAVIORAL_TEST	\N
t	\N	2	t	0.35	138	46	BEHAVIORAL	\N	BEHAVIORAL_TEST	\N
f	\N	\N	f	0.02	139	46	CERTIFICATES	\N	CERTIFICATE	\N
t	\N	\N	f	0.2	140	46	REQUIRED_SKILL	\N	SKILL_REQUIRED	\N
t	\N	2	t	0.35	141	47	BEHAVIORAL	\N	BEHAVIORAL_TEST	\N
t	\N	\N	f	0.2	142	47	REQUIRED_SKILL	\N	SKILL_REQUIRED	\N
f	\N	\N	f	0.02	143	47	CERTIFICATES	\N	CERTIFICATE	\N
f	\N	\N	f	0.02	144	48	CERTIFICATES	\N	CERTIFICATE	\N
t	\N	2	t	0.35	145	48	BEHAVIORAL	\N	BEHAVIORAL_TEST	\N
t	\N	\N	f	0.2	146	48	REQUIRED_SKILL	\N	SKILL_REQUIRED	\N
t	\N	\N	f	0.2	147	49	REQUIRED_SKILL	\N	SKILL_REQUIRED	\N
t	\N	2	t	0.35	148	49	BEHAVIORAL	\N	BEHAVIORAL_TEST	\N
f	\N	\N	f	0.02	149	49	CERTIFICATES	\N	CERTIFICATE	\N
f	\N	\N	f	0.02	150	50	CERTIFICATES	\N	CERTIFICATE	\N
t	\N	2	t	0.35	151	50	BEHAVIORAL	\N	BEHAVIORAL_TEST	\N
t	\N	\N	f	0.2	152	50	REQUIRED_SKILL	\N	SKILL_REQUIRED	\N
t	\N	\N	f	0.2	153	51	REQUIRED_SKILL	\N	SKILL_REQUIRED	\N
f	\N	\N	f	0.02	154	51	CERTIFICATES	\N	CERTIFICATE	\N
t	\N	2	t	0.35	155	51	BEHAVIORAL	\N	BEHAVIORAL_TEST	\N
t	\N	\N	f	0.2	156	52	REQUIRED_SKILL	\N	SKILL_REQUIRED	\N
t	\N	2	t	0.35	157	52	BEHAVIORAL	\N	BEHAVIORAL_TEST	\N
f	\N	\N	f	0.02	158	52	CERTIFICATES	\N	CERTIFICATE	\N
t	\N	2	t	0.35	159	53	BEHAVIORAL	\N	BEHAVIORAL_TEST	\N
t	\N	\N	f	0.2	160	53	REQUIRED_SKILL	\N	SKILL_REQUIRED	\N
f	\N	\N	f	0.02	161	53	CERTIFICATES	\N	CERTIFICATE	\N
t	\N	2	t	0.35	162	54	BEHAVIORAL	\N	BEHAVIORAL_TEST	\N
t	\N	\N	f	0.2	163	54	REQUIRED_SKILL	\N	SKILL_REQUIRED	\N
f	\N	\N	f	0.02	164	54	CERTIFICATES	\N	CERTIFICATE	\N
\.


--
-- Data for Name: skill_base; Type: TABLE DATA; Schema: public; Owner: -
--

COPY public.skill_base (created_at, id, updated_at, skill_type, title) FROM stdin;
2026-03-24 17:09:19.6338	2	2026-03-24 17:09:19.6338	TECHNICAL	Análise Fundamentalista
2026-03-24 17:09:19.6338	3	2026-03-24 17:09:19.6338	TECHNICAL	Análise Técnica
2026-03-24 17:09:19.6338	4	2026-03-24 17:09:19.6338	TECHNICAL	Valuation de Empresas
2026-03-24 17:09:19.6338	5	2026-03-24 17:09:19.6338	TECHNICAL	Modelagem Financeira
2026-03-24 17:09:19.6338	6	2026-03-24 17:09:19.6338	TECHNICAL	Excel Avançado para Finanças
2026-03-24 17:09:19.6338	7	2026-03-24 17:09:19.6338	TECHNICAL	Power BI para Finanças
2026-03-24 17:09:19.6338	8	2026-03-24 17:09:19.6338	TECHNICAL	Gestão de Portfólio
2026-03-24 17:09:19.6338	9	2026-03-24 17:09:19.6338	TECHNICAL	Precificação de Ativos
2026-03-24 17:09:19.6338	10	2026-03-24 17:09:19.6338	TECHNICAL	Derivativos Financeiros
2026-03-24 17:09:19.6338	11	2026-03-24 17:09:19.6338	TECHNICAL	Mercado de Ações
2026-03-24 17:09:19.6338	12	2026-03-24 17:09:19.6338	TECHNICAL	Renda Fixa
2026-03-24 17:09:19.6338	13	2026-03-24 17:09:19.6338	TECHNICAL	Renda Variável
2026-03-24 17:09:19.6338	14	2026-03-24 17:09:19.6338	TECHNICAL	Análise de Demonstrativos Financeiros
2026-03-24 17:09:19.6338	15	2026-03-24 17:09:19.6338	TECHNICAL	Planejamento Financeiro
2026-03-24 17:09:19.6338	16	2026-03-24 17:09:19.6338	TECHNICAL	Gestão de Riscos
2026-03-24 17:09:19.6338	17	2026-03-24 17:09:19.6338	TECHNICAL	Compliance Financeiro
2026-03-24 17:09:19.6338	18	2026-03-24 17:09:19.6338	TECHNICAL	Auditoria Financeira
2026-03-24 17:09:19.6338	19	2026-03-24 17:09:19.6338	TECHNICAL	Contabilidade Financeira
2026-03-24 17:09:19.6338	20	2026-03-24 17:09:19.6338	TECHNICAL	Controladoria
2026-03-24 17:09:19.6338	21	2026-03-24 17:09:19.6338	TECHNICAL	Tesouraria Corporativa
2026-03-24 17:09:19.6338	22	2026-03-24 17:09:19.6338	TECHNICAL	Gestão de Liquidez
2026-03-24 17:09:19.6338	23	2026-03-24 17:09:19.6338	TECHNICAL	Crédito e Análise de Crédito
2026-03-24 17:09:19.6338	24	2026-03-24 17:09:19.6338	TECHNICAL	Gestão de Investimentos
2026-03-24 17:09:19.6338	25	2026-03-24 17:09:19.6338	TECHNICAL	Private Equity
2026-03-24 17:09:19.6338	26	2026-03-24 17:09:19.6338	TECHNICAL	Venture Capital
2026-03-24 17:09:19.6338	27	2026-03-24 17:09:19.6338	TECHNICAL	Hedge Funds
2026-03-24 17:09:19.6338	28	2026-03-24 17:09:19.6338	TECHNICAL	Finanças Corporativas
2026-03-24 17:09:19.6338	29	2026-03-24 17:09:19.6338	TECHNICAL	Fusões e Aquisições (M&A)
2026-03-24 17:09:19.6338	30	2026-03-24 17:09:19.6338	TECHNICAL	Planejamento Tributário
2026-03-24 17:09:19.6338	31	2026-03-24 17:09:19.6338	TECHNICAL	Análise de Custos
2026-03-24 17:09:19.6338	32	2026-03-24 17:09:19.6338	TECHNICAL	Forecast Financeiro
2026-03-24 17:09:19.6338	33	2026-03-24 17:09:19.6338	TECHNICAL	Orçamento Empresarial
2026-03-24 17:09:19.6338	34	2026-03-24 17:09:19.6338	TECHNICAL	Gestão de Indicadores Financeiros (KPIs)
2026-03-24 17:09:19.6338	35	2026-03-24 17:09:19.6338	TECHNICAL	Análise de Fluxo de Caixa
2026-03-24 17:09:19.6338	36	2026-03-24 17:09:19.6338	TECHNICAL	Gestão de Dívidas
2026-03-24 17:09:19.6338	37	2026-03-24 17:09:19.6338	TECHNICAL	Câmbio e Mercado Internacional
2026-03-24 17:09:19.6338	38	2026-03-24 17:09:19.6338	TECHNICAL	Precificação de Derivativos
2026-03-24 17:09:19.6338	39	2026-03-24 17:09:19.6338	TECHNICAL	Gestão de Fundos de Investimento
2026-03-24 17:09:19.6338	40	2026-03-24 17:09:19.6338	TECHNICAL	Análise Macroeconômica
2026-03-24 17:09:19.6338	41	2026-03-24 17:09:19.6338	TECHNICAL	Econometria Aplicada
2026-03-24 17:09:19.6338	42	2026-03-24 17:09:19.6338	TECHNICAL	Gestão de Riscos de Mercado
2026-03-24 17:09:19.6338	43	2026-03-24 17:09:19.6338	TECHNICAL	Gestão de Riscos de Crédito
2026-03-24 17:09:19.6338	44	2026-03-24 17:09:19.6338	TECHNICAL	Regulação do Sistema Financeiro
2026-03-24 17:09:19.6338	45	2026-03-24 17:09:19.6338	TECHNICAL	Basel III
2026-03-24 17:09:19.6338	46	2026-03-24 17:09:19.6338	TECHNICAL	IFRS (Normas Internacionais)
2026-03-24 17:09:19.6338	47	2026-03-24 17:09:19.6338	BEHAVIORAL	Pensamento Analítico
2026-03-24 17:09:19.6338	48	2026-03-24 17:09:19.6338	BEHAVIORAL	Tomada de Decisão
2026-03-24 17:09:19.6338	49	2026-03-24 17:09:19.6338	BEHAVIORAL	Gestão do Tempo
2026-03-24 17:09:19.6338	50	2026-03-24 17:09:19.6338	BEHAVIORAL	Comunicação Clara
2026-03-24 17:09:19.6338	51	2026-03-24 17:09:19.6338	BEHAVIORAL	Atenção a Detalhes
\.


--
-- Data for Name: skill_candidate; Type: TABLE DATA; Schema: public; Owner: -
--

COPY public.skill_candidate (candidate_id, certificate_id, created_at, experience_id, id, skill_base_id, updated_at, skill_level, source) FROM stdin;
1	1	2026-03-24 18:40:35.288454	\N	1	2	2026-03-24 18:40:35.288494	NON_SPECIFIED	CERTIFICATE
1	1	2026-03-24 18:40:35.292848	\N	2	3	2026-03-24 18:40:35.292865	NON_SPECIFIED	CERTIFICATE
2	\N	2026-03-25 17:18:45.173061	4	3	2	2026-03-25 17:18:45.173153	NON_SPECIFIED	EXPERIENCE
2	\N	2026-03-27 01:42:04.831519	5	4	2	2026-03-27 01:42:04.831588	NON_SPECIFIED	EXPERIENCE
1	\N	2026-03-27 02:19:26.833912	6	5	2	2026-03-27 02:19:26.833933	NON_SPECIFIED	EXPERIENCE
\.


--
-- Data for Name: skill_vacancy; Type: TABLE DATA; Schema: public; Owner: -
--

COPY public.skill_vacancy (required, created_at, id, skill_base_id, updated_at, vacancy_id) FROM stdin;
t	2026-03-31 20:04:06.444759	34	29	2026-03-31 20:04:06.444778	29
t	2026-03-31 20:59:16.358444	35	29	2026-03-31 20:59:16.358509	30
t	2026-03-31 21:26:29.064909	36	29	2026-03-31 21:26:29.064927	31
t	2026-03-31 21:26:32.290429	37	29	2026-03-31 21:26:32.290467	32
t	2026-03-31 21:26:35.564442	38	29	2026-03-31 21:26:35.564479	33
t	2026-03-31 21:26:38.346417	39	29	2026-03-31 21:26:38.346509	34
t	2026-03-31 21:26:41.387169	40	29	2026-03-31 21:26:41.38725	35
t	2026-03-31 21:26:44.540964	41	29	2026-03-31 21:26:44.541008	36
t	2026-03-31 21:26:48.516235	42	29	2026-03-31 21:26:48.516255	37
t	2026-03-31 21:26:52.641321	43	29	2026-03-31 21:26:52.64136	38
t	2026-03-31 21:26:57.217659	44	29	2026-03-31 21:26:57.217678	39
t	2026-03-31 21:27:02.097549	45	29	2026-03-31 21:27:02.097575	40
t	2026-03-31 21:27:05.023609	46	29	2026-03-31 21:27:05.023661	41
t	2026-03-31 21:27:08.225698	47	29	2026-03-31 21:27:08.225724	42
t	2026-03-31 21:27:10.966033	48	29	2026-03-31 21:27:10.966061	43
t	2026-03-31 21:27:14.399509	49	29	2026-03-31 21:27:14.399612	44
t	2026-03-31 21:29:48.962619	50	29	2026-03-31 21:29:48.962654	45
t	2026-03-31 21:29:49.820798	51	29	2026-03-31 21:29:49.820837	46
t	2026-03-31 21:29:50.663918	52	29	2026-03-31 21:29:50.663969	47
t	2026-03-31 21:29:51.545467	53	29	2026-03-31 21:29:51.545488	48
t	2026-03-31 21:29:52.342197	54	29	2026-03-31 21:29:52.342265	49
t	2026-03-31 21:29:53.119213	55	29	2026-03-31 21:29:53.119446	50
t	2026-03-31 21:29:53.883244	56	29	2026-03-31 21:29:53.883266	51
t	2026-03-31 21:29:54.6291	57	29	2026-03-31 21:29:54.629166	52
t	2026-03-31 21:29:55.398917	58	29	2026-03-31 21:29:55.398953	53
t	2026-03-31 21:29:56.224797	59	29	2026-03-31 21:29:56.22484	54
\.


--
-- Data for Name: user_roles; Type: TABLE DATA; Schema: public; Owner: -
--

COPY public.user_roles (role_id, user_id) FROM stdin;
1	1
2	2
3	3
1	4
2	6
2	7
2	9
2	11
\.


--
-- Data for Name: users; Type: TABLE DATA; Schema: public; Owner: -
--

COPY public.users (created_at, id, updated_at, email, password) FROM stdin;
2026-03-24 16:49:02.430212	1	2026-03-24 16:49:02.430301	candidate@gmail.com	$2a$10$W/9fvKn.wKaTqADcWhVTwOoaEGxhG/KG8uG.cAEVjauuJ2UDo.NES
2026-03-24 16:49:30.571558	3	2026-03-24 16:49:30.57164	admin@email.com	$2a$10$bfP/5sfgCPgdjVNzIJhVmuZodDLLZhVphMyc49Yd5eA7RnSbDXrmy
2026-03-25 15:59:06.248835	4	2026-03-25 15:59:06.248885	marcelo@gmail.com	$2a$10$CAjgoS5W.MCnMDBxUWzej.A/jI8xL8Xnw4OA46jGZDwMqQdzF5Eea
2026-03-26 17:36:56.021916	6	2026-03-26 17:36:56.021983	marcelo2@gmail.com	\N
2026-03-26 20:49:00.742082	7	2026-03-26 20:49:00.742098	marcelo3@gmail.com	\N
2026-03-26 20:49:47.809031	9	2026-03-26 20:49:47.809045	marcelo4@gmail.com	\N
2026-03-24 16:49:14.644201	2	2026-03-24 16:49:14.644222	enterprise@techsolutions.com	$2a$10$W/9fvKn.wKaTqADcWhVTwOoaEGxhG/KG8uG.cAEVjauuJ2UDo.NES
2026-03-31 17:38:13.828791	11	2026-03-31 17:38:13.828809	enterprise@email.com	\N
\.


--
-- Data for Name: vacancys; Type: TABLE DATA; Schema: public; Owner: -
--

COPY public.vacancys (expiration_date, has_a_behavioral_test, has_a_technical_test, publication_date, required_certificate, closed_at, created_at, enterprise_id, id, max_experience_range, min_experience_range, sector_id, updated_at, description, experience_range, locality, modality_type, "position", title, vacancy_status, vacancy_type, post_id) FROM stdin;
\N	t	f	\N	f	\N	2026-03-31 21:29:48.943302	6	45	6	0	10	2026-03-31 21:29:48.943328	Execução e controle de operações internas do banco.	ZERO_TO_SIX_MONTHS	São Luís - MA	ON_SITE	OPERATIONS_ANALYST	CEO 14	PENDING_APPROVAL	FULL_TIME	45
\N	t	f	\N	f	\N	2026-03-31 21:29:49.806315	6	46	6	0	10	2026-03-31 21:29:49.806353	Execução e controle de operações internas do banco.	ZERO_TO_SIX_MONTHS	São Luís - MA	ON_SITE	OPERATIONS_ANALYST	CEO 14	PENDING_APPROVAL	FULL_TIME	46
\N	t	f	\N	f	\N	2026-03-31 21:29:50.655799	6	47	6	0	10	2026-03-31 21:29:50.655816	Execução e controle de operações internas do banco.	ZERO_TO_SIX_MONTHS	São Luís - MA	ON_SITE	OPERATIONS_ANALYST	CEO 14	PENDING_APPROVAL	FULL_TIME	47
\N	t	f	\N	f	\N	2026-03-31 21:29:51.520534	6	48	6	0	10	2026-03-31 21:29:51.520591	Execução e controle de operações internas do banco.	ZERO_TO_SIX_MONTHS	São Luís - MA	ON_SITE	OPERATIONS_ANALYST	CEO 14	PENDING_APPROVAL	FULL_TIME	48
\N	t	f	\N	f	\N	2026-03-31 21:29:52.310618	6	49	6	0	10	2026-03-31 21:29:52.310709	Execução e controle de operações internas do banco.	ZERO_TO_SIX_MONTHS	São Luís - MA	ON_SITE	OPERATIONS_ANALYST	CEO 14	PENDING_APPROVAL	FULL_TIME	49
\N	t	f	\N	f	\N	2026-03-31 21:29:53.095219	6	50	6	0	10	2026-03-31 21:29:53.095276	Execução e controle de operações internas do banco.	ZERO_TO_SIX_MONTHS	São Luís - MA	ON_SITE	OPERATIONS_ANALYST	CEO 14	PENDING_APPROVAL	FULL_TIME	50
\N	t	f	\N	f	\N	2026-03-31 21:29:53.856346	6	51	6	0	10	2026-03-31 21:29:53.85639	Execução e controle de operações internas do banco.	ZERO_TO_SIX_MONTHS	São Luís - MA	ON_SITE	OPERATIONS_ANALYST	CEO 14	PENDING_APPROVAL	FULL_TIME	51
\N	t	f	\N	f	\N	2026-03-31 21:29:54.60558	6	52	6	0	10	2026-03-31 21:29:54.60561	Execução e controle de operações internas do banco.	ZERO_TO_SIX_MONTHS	São Luís - MA	ON_SITE	OPERATIONS_ANALYST	CEO 14	PENDING_APPROVAL	FULL_TIME	52
\N	t	f	\N	f	\N	2026-03-31 21:29:55.380599	6	53	6	0	10	2026-03-31 21:29:55.380656	Execução e controle de operações internas do banco.	ZERO_TO_SIX_MONTHS	São Luís - MA	ON_SITE	OPERATIONS_ANALYST	CEO 14	PENDING_APPROVAL	FULL_TIME	53
\N	t	f	\N	f	\N	2026-03-31 21:29:56.201676	6	54	6	0	10	2026-03-31 21:29:56.201731	Execução e controle de operações internas do banco.	ZERO_TO_SIX_MONTHS	São Luís - MA	ON_SITE	OPERATIONS_ANALYST	CEO 14	PENDING_APPROVAL	FULL_TIME	54
\N	t	f	\N	f	\N	2026-03-31 20:04:06.408374	6	29	6	0	10	2026-03-31 20:04:06.408392	Execução e controle de operações internas do banco.	ZERO_TO_SIX_MONTHS	São Luís - MA	ON_SITE	OPERATIONS_ANALYST	Gestor de Crédito	PENDING_APPROVAL	FULL_TIME	15
\N	t	f	\N	f	\N	2026-03-31 20:59:16.326087	6	30	6	0	10	2026-03-31 20:59:16.326103	Execução e controle de operações internas do banco.	ZERO_TO_SIX_MONTHS	São Luís - MA	ON_SITE	OPERATIONS_ANALYST	CEO	PENDING_APPROVAL	FULL_TIME	17
\N	t	f	\N	f	\N	2026-03-31 21:26:29.032451	6	31	6	0	10	2026-03-31 21:26:29.032467	Execução e controle de operações internas do banco.	ZERO_TO_SIX_MONTHS	São Luís - MA	ON_SITE	OPERATIONS_ANALYST	CEO 1	PENDING_APPROVAL	FULL_TIME	24
\N	t	f	\N	f	\N	2026-03-31 21:26:32.26675	6	32	6	0	10	2026-03-31 21:26:32.266791	Execução e controle de operações internas do banco.	ZERO_TO_SIX_MONTHS	São Luís - MA	ON_SITE	OPERATIONS_ANALYST	CEO 2	PENDING_APPROVAL	FULL_TIME	25
\N	t	f	\N	f	\N	2026-03-31 21:26:35.548141	6	33	6	0	10	2026-03-31 21:26:35.548171	Execução e controle de operações internas do banco.	ZERO_TO_SIX_MONTHS	São Luís - MA	ON_SITE	OPERATIONS_ANALYST	CEO 3	PENDING_APPROVAL	FULL_TIME	26
\N	t	f	\N	f	\N	2026-03-31 21:26:38.318905	6	34	6	0	10	2026-03-31 21:26:38.318989	Execução e controle de operações internas do banco.	ZERO_TO_SIX_MONTHS	São Luís - MA	ON_SITE	OPERATIONS_ANALYST	CEO 4	PENDING_APPROVAL	FULL_TIME	27
\N	t	f	\N	f	\N	2026-03-31 21:26:41.344451	6	35	6	0	10	2026-03-31 21:26:41.344502	Execução e controle de operações internas do banco.	ZERO_TO_SIX_MONTHS	São Luís - MA	ON_SITE	OPERATIONS_ANALYST	CEO 5	PENDING_APPROVAL	FULL_TIME	28
\N	t	f	\N	f	\N	2026-03-31 21:26:44.511924	6	36	6	0	10	2026-03-31 21:26:44.511978	Execução e controle de operações internas do banco.	ZERO_TO_SIX_MONTHS	São Luís - MA	ON_SITE	OPERATIONS_ANALYST	CEO 6	PENDING_APPROVAL	FULL_TIME	29
\N	t	f	\N	f	\N	2026-03-31 21:26:48.496986	6	37	6	0	10	2026-03-31 21:26:48.497016	Execução e controle de operações internas do banco.	ZERO_TO_SIX_MONTHS	São Luís - MA	ON_SITE	OPERATIONS_ANALYST	CEO 7	PENDING_APPROVAL	FULL_TIME	30
\N	t	f	\N	f	\N	2026-03-31 21:26:52.622558	6	38	6	0	10	2026-03-31 21:26:52.622602	Execução e controle de operações internas do banco.	ZERO_TO_SIX_MONTHS	São Luís - MA	ON_SITE	OPERATIONS_ANALYST	CEO 8	PENDING_APPROVAL	FULL_TIME	31
\N	t	f	\N	f	\N	2026-03-31 21:26:57.199065	6	39	6	0	10	2026-03-31 21:26:57.199096	Execução e controle de operações internas do banco.	ZERO_TO_SIX_MONTHS	São Luís - MA	ON_SITE	OPERATIONS_ANALYST	CEO 9	PENDING_APPROVAL	FULL_TIME	32
\N	t	f	\N	f	\N	2026-03-31 21:27:02.087089	6	40	6	0	10	2026-03-31 21:27:02.087106	Execução e controle de operações internas do banco.	ZERO_TO_SIX_MONTHS	São Luís - MA	ON_SITE	OPERATIONS_ANALYST	CEO 10	PENDING_APPROVAL	FULL_TIME	33
\N	t	f	\N	f	\N	2026-03-31 21:27:05.00927	6	41	6	0	10	2026-03-31 21:27:05.009306	Execução e controle de operações internas do banco.	ZERO_TO_SIX_MONTHS	São Luís - MA	ON_SITE	OPERATIONS_ANALYST	CEO 11	PENDING_APPROVAL	FULL_TIME	34
\N	t	f	\N	f	\N	2026-03-31 21:27:08.203359	6	42	6	0	10	2026-03-31 21:27:08.203388	Execução e controle de operações internas do banco.	ZERO_TO_SIX_MONTHS	São Luís - MA	ON_SITE	OPERATIONS_ANALYST	CEO 12	PENDING_APPROVAL	FULL_TIME	35
\N	t	f	\N	f	\N	2026-03-31 21:27:10.947273	6	43	6	0	10	2026-03-31 21:27:10.947305	Execução e controle de operações internas do banco.	ZERO_TO_SIX_MONTHS	São Luís - MA	ON_SITE	OPERATIONS_ANALYST	CEO 13	PENDING_APPROVAL	FULL_TIME	36
\N	t	f	\N	f	\N	2026-03-31 21:27:14.385599	6	44	6	0	10	2026-03-31 21:27:14.385617	Execução e controle de operações internas do banco.	ZERO_TO_SIX_MONTHS	São Luís - MA	ON_SITE	OPERATIONS_ANALYST	CEO 14	PENDING_APPROVAL	FULL_TIME	37
\.


--
-- Name: application_analysis_dimension_id_seq; Type: SEQUENCE SET; Schema: public; Owner: -
--

SELECT pg_catalog.setval('public.application_analysis_dimension_id_seq', 1, false);


--
-- Name: application_analysis_id_seq; Type: SEQUENCE SET; Schema: public; Owner: -
--

SELECT pg_catalog.setval('public.application_analysis_id_seq', 1, false);


--
-- Name: application_stage_result_id_seq; Type: SEQUENCE SET; Schema: public; Owner: -
--

SELECT pg_catalog.setval('public.application_stage_result_id_seq', 1, false);


--
-- Name: attachments_id_seq; Type: SEQUENCE SET; Schema: public; Owner: -
--

SELECT pg_catalog.setval('public.attachments_id_seq', 1, true);


--
-- Name: candidate_preferences_id_seq; Type: SEQUENCE SET; Schema: public; Owner: -
--

SELECT pg_catalog.setval('public.candidate_preferences_id_seq', 2, true);


--
-- Name: candidates_id_seq; Type: SEQUENCE SET; Schema: public; Owner: -
--

SELECT pg_catalog.setval('public.candidates_id_seq', 2, true);


--
-- Name: certificates_id_seq; Type: SEQUENCE SET; Schema: public; Owner: -
--

SELECT pg_catalog.setval('public.certificates_id_seq', 1, true);


--
-- Name: enterprises_id_seq; Type: SEQUENCE SET; Schema: public; Owner: -
--

SELECT pg_catalog.setval('public.enterprises_id_seq', 6, true);


--
-- Name: experiences_id_seq; Type: SEQUENCE SET; Schema: public; Owner: -
--

SELECT pg_catalog.setval('public.experiences_id_seq', 6, true);


--
-- Name: feed_item_score_id_seq; Type: SEQUENCE SET; Schema: public; Owner: -
--

SELECT pg_catalog.setval('public.feed_item_score_id_seq', 60, true);


--
-- Name: files_id_seq; Type: SEQUENCE SET; Schema: public; Owner: -
--

SELECT pg_catalog.setval('public.files_id_seq', 1, true);


--
-- Name: job_application_id_seq; Type: SEQUENCE SET; Schema: public; Owner: -
--

SELECT pg_catalog.setval('public.job_application_id_seq', 1, false);


--
-- Name: permissions_id_seq; Type: SEQUENCE SET; Schema: public; Owner: -
--

SELECT pg_catalog.setval('public.permissions_id_seq', 17, true);


--
-- Name: post_id_seq; Type: SEQUENCE SET; Schema: public; Owner: -
--

SELECT pg_catalog.setval('public.post_id_seq', 73, true);


--
-- Name: profile_id_seq; Type: SEQUENCE SET; Schema: public; Owner: -
--

SELECT pg_catalog.setval('public.profile_id_seq', 8, true);


--
-- Name: publication_id_seq; Type: SEQUENCE SET; Schema: public; Owner: -
--

SELECT pg_catalog.setval('public.publication_id_seq', 39, true);


--
-- Name: roles_id_seq; Type: SEQUENCE SET; Schema: public; Owner: -
--

SELECT pg_catalog.setval('public.roles_id_seq', 3, true);


--
-- Name: sector_id_seq; Type: SEQUENCE SET; Schema: public; Owner: -
--

SELECT pg_catalog.setval('public.sector_id_seq', 20, true);


--
-- Name: selection_process_id_seq; Type: SEQUENCE SET; Schema: public; Owner: -
--

SELECT pg_catalog.setval('public.selection_process_id_seq', 1, false);


--
-- Name: selection_stage_id_seq; Type: SEQUENCE SET; Schema: public; Owner: -
--

SELECT pg_catalog.setval('public.selection_stage_id_seq', 164, true);


--
-- Name: skill_base_id_seq; Type: SEQUENCE SET; Schema: public; Owner: -
--

SELECT pg_catalog.setval('public.skill_base_id_seq', 51, true);


--
-- Name: skill_candidate_id_seq; Type: SEQUENCE SET; Schema: public; Owner: -
--

SELECT pg_catalog.setval('public.skill_candidate_id_seq', 5, true);


--
-- Name: skill_vacancy_id_seq; Type: SEQUENCE SET; Schema: public; Owner: -
--

SELECT pg_catalog.setval('public.skill_vacancy_id_seq', 59, true);


--
-- Name: users_id_seq; Type: SEQUENCE SET; Schema: public; Owner: -
--

SELECT pg_catalog.setval('public.users_id_seq', 11, true);


--
-- Name: vacancys_id_seq; Type: SEQUENCE SET; Schema: public; Owner: -
--

SELECT pg_catalog.setval('public.vacancys_id_seq', 54, true);


--
-- Name: application_analysis_dimension application_analysis_dimension_pkey; Type: CONSTRAINT; Schema: public; Owner: -
--

ALTER TABLE ONLY public.application_analysis_dimension
    ADD CONSTRAINT application_analysis_dimension_pkey PRIMARY KEY (id);


--
-- Name: application_analysis_dimension application_analysis_dimension_selection_stage_id_key; Type: CONSTRAINT; Schema: public; Owner: -
--

ALTER TABLE ONLY public.application_analysis_dimension
    ADD CONSTRAINT application_analysis_dimension_selection_stage_id_key UNIQUE (selection_stage_id);


--
-- Name: application_analysis application_analysis_job_application_id_key; Type: CONSTRAINT; Schema: public; Owner: -
--

ALTER TABLE ONLY public.application_analysis
    ADD CONSTRAINT application_analysis_job_application_id_key UNIQUE (job_application_id);


--
-- Name: application_analysis application_analysis_pkey; Type: CONSTRAINT; Schema: public; Owner: -
--

ALTER TABLE ONLY public.application_analysis
    ADD CONSTRAINT application_analysis_pkey PRIMARY KEY (id);


--
-- Name: application_stage_result application_stage_result_pkey; Type: CONSTRAINT; Schema: public; Owner: -
--

ALTER TABLE ONLY public.application_stage_result
    ADD CONSTRAINT application_stage_result_pkey PRIMARY KEY (id);


--
-- Name: attachments attachments_pkey; Type: CONSTRAINT; Schema: public; Owner: -
--

ALTER TABLE ONLY public.attachments
    ADD CONSTRAINT attachments_pkey PRIMARY KEY (id);


--
-- Name: candidate_preferences candidate_preferences_pkey; Type: CONSTRAINT; Schema: public; Owner: -
--

ALTER TABLE ONLY public.candidate_preferences
    ADD CONSTRAINT candidate_preferences_pkey PRIMARY KEY (id);


--
-- Name: candidates candidates_pkey; Type: CONSTRAINT; Schema: public; Owner: -
--

ALTER TABLE ONLY public.candidates
    ADD CONSTRAINT candidates_pkey PRIMARY KEY (id);


--
-- Name: candidates candidates_profile_id_key; Type: CONSTRAINT; Schema: public; Owner: -
--

ALTER TABLE ONLY public.candidates
    ADD CONSTRAINT candidates_profile_id_key UNIQUE (profile_id);


--
-- Name: candidates candidates_user_id_key; Type: CONSTRAINT; Schema: public; Owner: -
--

ALTER TABLE ONLY public.candidates
    ADD CONSTRAINT candidates_user_id_key UNIQUE (user_id);


--
-- Name: certificate_sectors certificate_sectors_pkey; Type: CONSTRAINT; Schema: public; Owner: -
--

ALTER TABLE ONLY public.certificate_sectors
    ADD CONSTRAINT certificate_sectors_pkey PRIMARY KEY (certificate_id, sector_id);


--
-- Name: certificates certificates_pkey; Type: CONSTRAINT; Schema: public; Owner: -
--

ALTER TABLE ONLY public.certificates
    ADD CONSTRAINT certificates_pkey PRIMARY KEY (id);


--
-- Name: enterprises enterprises_pkey; Type: CONSTRAINT; Schema: public; Owner: -
--

ALTER TABLE ONLY public.enterprises
    ADD CONSTRAINT enterprises_pkey PRIMARY KEY (id);


--
-- Name: enterprises enterprises_profile_id_key; Type: CONSTRAINT; Schema: public; Owner: -
--

ALTER TABLE ONLY public.enterprises
    ADD CONSTRAINT enterprises_profile_id_key UNIQUE (profile_id);


--
-- Name: enterprises enterprises_user_id_key; Type: CONSTRAINT; Schema: public; Owner: -
--

ALTER TABLE ONLY public.enterprises
    ADD CONSTRAINT enterprises_user_id_key UNIQUE (user_id);


--
-- Name: experiences experiences_pkey; Type: CONSTRAINT; Schema: public; Owner: -
--

ALTER TABLE ONLY public.experiences
    ADD CONSTRAINT experiences_pkey PRIMARY KEY (id);


--
-- Name: feed_item_score feed_item_score_pkey; Type: CONSTRAINT; Schema: public; Owner: -
--

ALTER TABLE ONLY public.feed_item_score
    ADD CONSTRAINT feed_item_score_pkey PRIMARY KEY (id);


--
-- Name: files files_pkey; Type: CONSTRAINT; Schema: public; Owner: -
--

ALTER TABLE ONLY public.files
    ADD CONSTRAINT files_pkey PRIMARY KEY (id);


--
-- Name: job_application job_application_pkey; Type: CONSTRAINT; Schema: public; Owner: -
--

ALTER TABLE ONLY public.job_application
    ADD CONSTRAINT job_application_pkey PRIMARY KEY (id);


--
-- Name: permissions permissions_permission_name_key; Type: CONSTRAINT; Schema: public; Owner: -
--

ALTER TABLE ONLY public.permissions
    ADD CONSTRAINT permissions_permission_name_key UNIQUE (permission_name);


--
-- Name: permissions permissions_pkey; Type: CONSTRAINT; Schema: public; Owner: -
--

ALTER TABLE ONLY public.permissions
    ADD CONSTRAINT permissions_pkey PRIMARY KEY (id);


--
-- Name: post post_pkey; Type: CONSTRAINT; Schema: public; Owner: -
--

ALTER TABLE ONLY public.post
    ADD CONSTRAINT post_pkey PRIMARY KEY (id);


--
-- Name: profile profile_pkey; Type: CONSTRAINT; Schema: public; Owner: -
--

ALTER TABLE ONLY public.profile
    ADD CONSTRAINT profile_pkey PRIMARY KEY (id);


--
-- Name: publication publication_pkey; Type: CONSTRAINT; Schema: public; Owner: -
--

ALTER TABLE ONLY public.publication
    ADD CONSTRAINT publication_pkey PRIMARY KEY (id);


--
-- Name: role_permissions role_permissions_pkey; Type: CONSTRAINT; Schema: public; Owner: -
--

ALTER TABLE ONLY public.role_permissions
    ADD CONSTRAINT role_permissions_pkey PRIMARY KEY (permission_id, role_id);


--
-- Name: roles roles_pkey; Type: CONSTRAINT; Schema: public; Owner: -
--

ALTER TABLE ONLY public.roles
    ADD CONSTRAINT roles_pkey PRIMARY KEY (id);


--
-- Name: sector sector_pkey; Type: CONSTRAINT; Schema: public; Owner: -
--

ALTER TABLE ONLY public.sector
    ADD CONSTRAINT sector_pkey PRIMARY KEY (id);


--
-- Name: selection_process selection_process_pkey; Type: CONSTRAINT; Schema: public; Owner: -
--

ALTER TABLE ONLY public.selection_process
    ADD CONSTRAINT selection_process_pkey PRIMARY KEY (id);


--
-- Name: selection_stage selection_stage_pkey; Type: CONSTRAINT; Schema: public; Owner: -
--

ALTER TABLE ONLY public.selection_stage
    ADD CONSTRAINT selection_stage_pkey PRIMARY KEY (id);


--
-- Name: skill_base skill_base_pkey; Type: CONSTRAINT; Schema: public; Owner: -
--

ALTER TABLE ONLY public.skill_base
    ADD CONSTRAINT skill_base_pkey PRIMARY KEY (id);


--
-- Name: skill_candidate skill_candidate_pkey; Type: CONSTRAINT; Schema: public; Owner: -
--

ALTER TABLE ONLY public.skill_candidate
    ADD CONSTRAINT skill_candidate_pkey PRIMARY KEY (id);


--
-- Name: skill_vacancy skill_vacancy_pkey; Type: CONSTRAINT; Schema: public; Owner: -
--

ALTER TABLE ONLY public.skill_vacancy
    ADD CONSTRAINT skill_vacancy_pkey PRIMARY KEY (id);


--
-- Name: publication uk1dpy6e8ccvr9g9tura25ems4r; Type: CONSTRAINT; Schema: public; Owner: -
--

ALTER TABLE ONLY public.publication
    ADD CONSTRAINT uk1dpy6e8ccvr9g9tura25ems4r UNIQUE (post_id);


--
-- Name: vacancys uk1vkcg2ej2t9u5no9poykamji9; Type: CONSTRAINT; Schema: public; Owner: -
--

ALTER TABLE ONLY public.vacancys
    ADD CONSTRAINT uk1vkcg2ej2t9u5no9poykamji9 UNIQUE (post_id);


--
-- Name: feed_item_score uk6skdvce73j0176abaubga983f; Type: CONSTRAINT; Schema: public; Owner: -
--

ALTER TABLE ONLY public.feed_item_score
    ADD CONSTRAINT uk6skdvce73j0176abaubga983f UNIQUE (post_id);


--
-- Name: candidate_preferences ukquutml5nn64oo0rh6q36yusp3; Type: CONSTRAINT; Schema: public; Owner: -
--

ALTER TABLE ONLY public.candidate_preferences
    ADD CONSTRAINT ukquutml5nn64oo0rh6q36yusp3 UNIQUE (candidate_id);


--
-- Name: user_roles user_roles_pkey; Type: CONSTRAINT; Schema: public; Owner: -
--

ALTER TABLE ONLY public.user_roles
    ADD CONSTRAINT user_roles_pkey PRIMARY KEY (role_id, user_id);


--
-- Name: users users_email_key; Type: CONSTRAINT; Schema: public; Owner: -
--

ALTER TABLE ONLY public.users
    ADD CONSTRAINT users_email_key UNIQUE (email);


--
-- Name: users users_pkey; Type: CONSTRAINT; Schema: public; Owner: -
--

ALTER TABLE ONLY public.users
    ADD CONSTRAINT users_pkey PRIMARY KEY (id);


--
-- Name: vacancys vacancys_pkey; Type: CONSTRAINT; Schema: public; Owner: -
--

ALTER TABLE ONLY public.vacancys
    ADD CONSTRAINT vacancys_pkey PRIMARY KEY (id);


--
-- Name: post_users fk1eiaqoq8dyr0ujm3ba7qdk7gp; Type: FK CONSTRAINT; Schema: public; Owner: -
--

ALTER TABLE ONLY public.post_users
    ADD CONSTRAINT fk1eiaqoq8dyr0ujm3ba7qdk7gp FOREIGN KEY (post_id) REFERENCES public.post(id);


--
-- Name: certificate_sectors fk1fay3bywkhftba1sam70gdupa; Type: FK CONSTRAINT; Schema: public; Owner: -
--

ALTER TABLE ONLY public.certificate_sectors
    ADD CONSTRAINT fk1fay3bywkhftba1sam70gdupa FOREIGN KEY (certificate_id) REFERENCES public.certificates(id);


--
-- Name: vacancys fk3h7n9q8kgli5x2ybrls7hdbku; Type: FK CONSTRAINT; Schema: public; Owner: -
--

ALTER TABLE ONLY public.vacancys
    ADD CONSTRAINT fk3h7n9q8kgli5x2ybrls7hdbku FOREIGN KEY (sector_id) REFERENCES public.sector(id);


--
-- Name: skill_candidate fk451x2pw5dkbn80bmrpd40eobn; Type: FK CONSTRAINT; Schema: public; Owner: -
--

ALTER TABLE ONLY public.skill_candidate
    ADD CONSTRAINT fk451x2pw5dkbn80bmrpd40eobn FOREIGN KEY (candidate_id) REFERENCES public.candidates(id);


--
-- Name: skill_candidate fk4rs7fox1dvay3k6qft96i481j; Type: FK CONSTRAINT; Schema: public; Owner: -
--

ALTER TABLE ONLY public.skill_candidate
    ADD CONSTRAINT fk4rs7fox1dvay3k6qft96i481j FOREIGN KEY (skill_base_id) REFERENCES public.skill_base(id);


--
-- Name: application_analysis_dimension fk4ygpsy78j37jekam659r544n7; Type: FK CONSTRAINT; Schema: public; Owner: -
--

ALTER TABLE ONLY public.application_analysis_dimension
    ADD CONSTRAINT fk4ygpsy78j37jekam659r544n7 FOREIGN KEY (selection_stage_id) REFERENCES public.selection_stage(id);


--
-- Name: experiences fk5pts9l4acfs3e1h5u3y35sudc; Type: FK CONSTRAINT; Schema: public; Owner: -
--

ALTER TABLE ONLY public.experiences
    ADD CONSTRAINT fk5pts9l4acfs3e1h5u3y35sudc FOREIGN KEY (candidate_id) REFERENCES public.candidates(id);


--
-- Name: application_analysis_dimension fk7lc9fuveca89001wjgswy0tkw; Type: FK CONSTRAINT; Schema: public; Owner: -
--

ALTER TABLE ONLY public.application_analysis_dimension
    ADD CONSTRAINT fk7lc9fuveca89001wjgswy0tkw FOREIGN KEY (analysis_id) REFERENCES public.application_analysis(id);


--
-- Name: application_analysis fk7rtrps12o363nkhx89ju0ek1b; Type: FK CONSTRAINT; Schema: public; Owner: -
--

ALTER TABLE ONLY public.application_analysis
    ADD CONSTRAINT fk7rtrps12o363nkhx89ju0ek1b FOREIGN KEY (job_application_id) REFERENCES public.job_application(id);


--
-- Name: certificate_sectors fk80kbng06eb1j6y9551ujyt6tv; Type: FK CONSTRAINT; Schema: public; Owner: -
--

ALTER TABLE ONLY public.certificate_sectors
    ADD CONSTRAINT fk80kbng06eb1j6y9551ujyt6tv FOREIGN KEY (sector_id) REFERENCES public.sector(id);


--
-- Name: candidate_preferences fkcn6lkmc1r6hnerpyxmci0kn38; Type: FK CONSTRAINT; Schema: public; Owner: -
--

ALTER TABLE ONLY public.candidate_preferences
    ADD CONSTRAINT fkcn6lkmc1r6hnerpyxmci0kn38 FOREIGN KEY (candidate_id) REFERENCES public.candidates(id);


--
-- Name: vacancys fkcwbp1j2b9c26riyyjxprsmetx; Type: FK CONSTRAINT; Schema: public; Owner: -
--

ALTER TABLE ONLY public.vacancys
    ADD CONSTRAINT fkcwbp1j2b9c26riyyjxprsmetx FOREIGN KEY (post_id) REFERENCES public.post(id);


--
-- Name: role_permissions fkegdk29eiy7mdtefy5c7eirr6e; Type: FK CONSTRAINT; Schema: public; Owner: -
--

ALTER TABLE ONLY public.role_permissions
    ADD CONSTRAINT fkegdk29eiy7mdtefy5c7eirr6e FOREIGN KEY (permission_id) REFERENCES public.permissions(id);


--
-- Name: selection_stage fkf1aaqsidd3ap08ol9igx14wmp; Type: FK CONSTRAINT; Schema: public; Owner: -
--

ALTER TABLE ONLY public.selection_stage
    ADD CONSTRAINT fkf1aaqsidd3ap08ol9igx14wmp FOREIGN KEY (vacancy_id) REFERENCES public.vacancys(id);


--
-- Name: skill_candidate fkfas865y9rk3s4nlvsm01p3uer; Type: FK CONSTRAINT; Schema: public; Owner: -
--

ALTER TABLE ONLY public.skill_candidate
    ADD CONSTRAINT fkfas865y9rk3s4nlvsm01p3uer FOREIGN KEY (certificate_id) REFERENCES public.certificates(id);


--
-- Name: skill_vacancy fkg30ghng7o69kibrwo42ucf8ge; Type: FK CONSTRAINT; Schema: public; Owner: -
--

ALTER TABLE ONLY public.skill_vacancy
    ADD CONSTRAINT fkg30ghng7o69kibrwo42ucf8ge FOREIGN KEY (vacancy_id) REFERENCES public.vacancys(id);


--
-- Name: enterprises fkgwhwka4fieky5ubej703irgnv; Type: FK CONSTRAINT; Schema: public; Owner: -
--

ALTER TABLE ONLY public.enterprises
    ADD CONSTRAINT fkgwhwka4fieky5ubej703irgnv FOREIGN KEY (profile_id) REFERENCES public.profile(id);


--
-- Name: user_roles fkh8ciramu9cc9q3qcqiv4ue8a6; Type: FK CONSTRAINT; Schema: public; Owner: -
--

ALTER TABLE ONLY public.user_roles
    ADD CONSTRAINT fkh8ciramu9cc9q3qcqiv4ue8a6 FOREIGN KEY (role_id) REFERENCES public.roles(id);


--
-- Name: attachments fkh9io9v0megiiy1am1p0by1mak; Type: FK CONSTRAINT; Schema: public; Owner: -
--

ALTER TABLE ONLY public.attachments
    ADD CONSTRAINT fkh9io9v0megiiy1am1p0by1mak FOREIGN KEY (candidate_id) REFERENCES public.candidates(id);


--
-- Name: job_application fkh9wg68ilb7hmn2ya9mfaaw4h7; Type: FK CONSTRAINT; Schema: public; Owner: -
--

ALTER TABLE ONLY public.job_application
    ADD CONSTRAINT fkh9wg68ilb7hmn2ya9mfaaw4h7 FOREIGN KEY (candidate_id) REFERENCES public.candidates(id);


--
-- Name: publication fkhdnec6b77ygxs34st111q1uji; Type: FK CONSTRAINT; Schema: public; Owner: -
--

ALTER TABLE ONLY public.publication
    ADD CONSTRAINT fkhdnec6b77ygxs34st111q1uji FOREIGN KEY (post_id) REFERENCES public.post(id);


--
-- Name: user_roles fkhfh9dx7w3ubf1co1vdev94g3f; Type: FK CONSTRAINT; Schema: public; Owner: -
--

ALTER TABLE ONLY public.user_roles
    ADD CONSTRAINT fkhfh9dx7w3ubf1co1vdev94g3f FOREIGN KEY (user_id) REFERENCES public.users(id);


--
-- Name: job_application fki2539f7afnd9xbd3w9jixspn2; Type: FK CONSTRAINT; Schema: public; Owner: -
--

ALTER TABLE ONLY public.job_application
    ADD CONSTRAINT fki2539f7afnd9xbd3w9jixspn2 FOREIGN KEY (vacancy_id) REFERENCES public.vacancys(id);


--
-- Name: candidates fkm216ns4754viej0mmvbia3x0y; Type: FK CONSTRAINT; Schema: public; Owner: -
--

ALTER TABLE ONLY public.candidates
    ADD CONSTRAINT fkm216ns4754viej0mmvbia3x0y FOREIGN KEY (profile_id) REFERENCES public.profile(id);


--
-- Name: candidates fkme4fkelukmx2s63tlcrft6hio; Type: FK CONSTRAINT; Schema: public; Owner: -
--

ALTER TABLE ONLY public.candidates
    ADD CONSTRAINT fkme4fkelukmx2s63tlcrft6hio FOREIGN KEY (user_id) REFERENCES public.users(id);


--
-- Name: role_permissions fkn5fotdgk8d1xvo8nav9uv3muc; Type: FK CONSTRAINT; Schema: public; Owner: -
--

ALTER TABLE ONLY public.role_permissions
    ADD CONSTRAINT fkn5fotdgk8d1xvo8nav9uv3muc FOREIGN KEY (role_id) REFERENCES public.roles(id);


--
-- Name: feed_item_score fknpk8rpwud68if9kf1pextgtn4; Type: FK CONSTRAINT; Schema: public; Owner: -
--

ALTER TABLE ONLY public.feed_item_score
    ADD CONSTRAINT fknpk8rpwud68if9kf1pextgtn4 FOREIGN KEY (post_id) REFERENCES public.post(id);


--
-- Name: skill_candidate fko22j8gml1ttayim71gv98pl1; Type: FK CONSTRAINT; Schema: public; Owner: -
--

ALTER TABLE ONLY public.skill_candidate
    ADD CONSTRAINT fko22j8gml1ttayim71gv98pl1 FOREIGN KEY (experience_id) REFERENCES public.experiences(id);


--
-- Name: application_stage_result fkomd2qk2nis50ibatcgpg6ypk; Type: FK CONSTRAINT; Schema: public; Owner: -
--

ALTER TABLE ONLY public.application_stage_result
    ADD CONSTRAINT fkomd2qk2nis50ibatcgpg6ypk FOREIGN KEY (job_application_id) REFERENCES public.job_application(id);


--
-- Name: skill_vacancy fkox3nm4wegle95i5vsid9vqbpb; Type: FK CONSTRAINT; Schema: public; Owner: -
--

ALTER TABLE ONLY public.skill_vacancy
    ADD CONSTRAINT fkox3nm4wegle95i5vsid9vqbpb FOREIGN KEY (skill_base_id) REFERENCES public.skill_base(id);


--
-- Name: selection_process fkpfc8vrun7ukmtsg914lqm8ugv; Type: FK CONSTRAINT; Schema: public; Owner: -
--

ALTER TABLE ONLY public.selection_process
    ADD CONSTRAINT fkpfc8vrun7ukmtsg914lqm8ugv FOREIGN KEY (vacancy_id) REFERENCES public.vacancys(id);


--
-- Name: post_users fkpu0bfvwu4b5u6dhirreyuejxu; Type: FK CONSTRAINT; Schema: public; Owner: -
--

ALTER TABLE ONLY public.post_users
    ADD CONSTRAINT fkpu0bfvwu4b5u6dhirreyuejxu FOREIGN KEY (user_id) REFERENCES public.users(id);


--
-- Name: application_stage_result fkq9g8c7nyvu9ugf97wyjd876fh; Type: FK CONSTRAINT; Schema: public; Owner: -
--

ALTER TABLE ONLY public.application_stage_result
    ADD CONSTRAINT fkq9g8c7nyvu9ugf97wyjd876fh FOREIGN KEY (selection_stage_id) REFERENCES public.selection_stage(id);


--
-- Name: candidates fkr5qvor849ych7eow0th4mq5u6; Type: FK CONSTRAINT; Schema: public; Owner: -
--

ALTER TABLE ONLY public.candidates
    ADD CONSTRAINT fkr5qvor849ych7eow0th4mq5u6 FOREIGN KEY (sector_id) REFERENCES public.sector(id);


--
-- Name: vacancys fkrx14df5m2mq33fydxjojg85b8; Type: FK CONSTRAINT; Schema: public; Owner: -
--

ALTER TABLE ONLY public.vacancys
    ADD CONSTRAINT fkrx14df5m2mq33fydxjojg85b8 FOREIGN KEY (enterprise_id) REFERENCES public.enterprises(id);


--
-- Name: attachments fksmrevr8b9202m113f0sdda24d; Type: FK CONSTRAINT; Schema: public; Owner: -
--

ALTER TABLE ONLY public.attachments
    ADD CONSTRAINT fksmrevr8b9202m113f0sdda24d FOREIGN KEY (file_id) REFERENCES public.files(id);


--
-- Name: certificates fkt8r0o54nmp2jussm9qm3xedvu; Type: FK CONSTRAINT; Schema: public; Owner: -
--

ALTER TABLE ONLY public.certificates
    ADD CONSTRAINT fkt8r0o54nmp2jussm9qm3xedvu FOREIGN KEY (candidate_id) REFERENCES public.candidates(id);


--
-- Name: enterprises fktegoe6oujp8lc23w368lii1i4; Type: FK CONSTRAINT; Schema: public; Owner: -
--

ALTER TABLE ONLY public.enterprises
    ADD CONSTRAINT fktegoe6oujp8lc23w368lii1i4 FOREIGN KEY (user_id) REFERENCES public.users(id);


--
-- PostgreSQL database dump complete
--

\unrestrict gRcpENsTeDvPBYO3ahkh3UrrJwQ2xbtkbhlbvWbfXsdmsteHDQJJ5NYzsOM2b5p

