--
-- PostgreSQL database dump
--

\restrict b7mlJmmYCEdvqJaWP8UJEtz6JeYfeNt5uFiJl3bCqkZaat4O69eDcpaUYMxhRS2

-- Dumped from database version 15.17 (Debian 15.17-1.pgdg13+1)
-- Dumped by pg_dump version 15.17 (Debian 15.17-1.pgdg13+1)

SET statement_timeout = 0;
SET lock_timeout = 0;
SET idle_in_transaction_session_timeout = 0;
SET client_encoding = 'UTF8';
SET standard_conforming_strings = on;
SELECT pg_catalog.set_config('search_path', '', false);
SET check_function_bodies = false;
SET xmloption = content;
SET client_min_messages = warning;
SET row_security = off;

SET default_tablespace = '';

SET default_table_access_method = heap;

--
-- Name: application_stage_result; Type: TABLE; Schema: public; Owner: sintonya_user
--

CREATE TABLE public.application_stage_result (
    id bigint NOT NULL,
    external_test_id bigint,
    locked boolean NOT NULL,
    score double precision,
    stage_status character varying(255),
    job_application_id bigint,
    selection_stage_id bigint,
    CONSTRAINT application_stage_result_stage_status_check CHECK (((stage_status)::text = ANY ((ARRAY['LOCKED'::character varying, 'NOT_STARTED'::character varying, 'IN_PROGRESS'::character varying, 'COMPLETED'::character varying, 'FAILED'::character varying, 'PASSED'::character varying])::text[])))
);


ALTER TABLE public.application_stage_result OWNER TO sintonya_user;

--
-- Name: application_stage_result_id_seq; Type: SEQUENCE; Schema: public; Owner: sintonya_user
--

ALTER TABLE public.application_stage_result ALTER COLUMN id ADD GENERATED BY DEFAULT AS IDENTITY (
    SEQUENCE NAME public.application_stage_result_id_seq
    START WITH 1
    INCREMENT BY 1
    NO MINVALUE
    NO MAXVALUE
    CACHE 1
);


--
-- Name: attachments; Type: TABLE; Schema: public; Owner: sintonya_user
--

CREATE TABLE public.attachments (
    id bigint NOT NULL,
    type character varying(255),
    candidate_id bigint,
    file_id bigint,
    CONSTRAINT attachments_type_check CHECK (((type)::text = ANY ((ARRAY['RESUME'::character varying, 'COVER_LETTER'::character varying, 'CERTIFICATE'::character varying, 'PORTFOLIO'::character varying])::text[])))
);


ALTER TABLE public.attachments OWNER TO sintonya_user;

--
-- Name: attachments_id_seq; Type: SEQUENCE; Schema: public; Owner: sintonya_user
--

ALTER TABLE public.attachments ALTER COLUMN id ADD GENERATED BY DEFAULT AS IDENTITY (
    SEQUENCE NAME public.attachments_id_seq
    START WITH 1
    INCREMENT BY 1
    NO MINVALUE
    NO MAXVALUE
    CACHE 1
);


--
-- Name: candidates; Type: TABLE; Schema: public; Owner: sintonya_user
--

CREATE TABLE public.candidates (
    id bigint NOT NULL,
    availability character varying(255),
    contact character varying(255) NOT NULL,
    cpf character varying(255) NOT NULL,
    created_at timestamp(6) without time zone NOT NULL,
    date_of_birth date,
    full_name character varying(255) NOT NULL,
    gender character varying(255),
    race_ethnicity character varying(255),
    sector character varying(255),
    updated_at timestamp(6) without time zone,
    profile_id bigint,
    user_id bigint,
    CONSTRAINT candidates_availability_check CHECK (((availability)::text = ANY ((ARRAY['FULL_TIME'::character varying, 'PART_TIME'::character varying, 'INTERSHIP'::character varying, 'TRAINEE'::character varying, 'TEMPORARY'::character varying, 'CONTRACT'::character varying, 'FREELANCE'::character varying, 'SELF_EMPLOYED'::character varying, 'VOLUNTEER'::character varying, 'APPRENTICESHIP'::character varying])::text[])))
);


ALTER TABLE public.candidates OWNER TO sintonya_user;

--
-- Name: candidates_id_seq; Type: SEQUENCE; Schema: public; Owner: sintonya_user
--

ALTER TABLE public.candidates ALTER COLUMN id ADD GENERATED BY DEFAULT AS IDENTITY (
    SEQUENCE NAME public.candidates_id_seq
    START WITH 1
    INCREMENT BY 1
    NO MINVALUE
    NO MAXVALUE
    CACHE 1
);


--
-- Name: certificates; Type: TABLE; Schema: public; Owner: sintonya_user
--

CREATE TABLE public.certificates (
    id bigint NOT NULL,
    expiration_date character varying(255),
    hours bigint,
    issue_date character varying(255),
    issuing_organization character varying(255),
    title character varying(255),
    url character varying(255),
    candidate_id bigint NOT NULL
);


ALTER TABLE public.certificates OWNER TO sintonya_user;

--
-- Name: certificates_id_seq; Type: SEQUENCE; Schema: public; Owner: sintonya_user
--

ALTER TABLE public.certificates ALTER COLUMN id ADD GENERATED BY DEFAULT AS IDENTITY (
    SEQUENCE NAME public.certificates_id_seq
    START WITH 1
    INCREMENT BY 1
    NO MINVALUE
    NO MAXVALUE
    CACHE 1
);


--
-- Name: enterprises; Type: TABLE; Schema: public; Owner: sintonya_user
--

CREATE TABLE public.enterprises (
    id bigint NOT NULL,
    cnpj character varying(255) NOT NULL,
    contact character varying(255) NOT NULL,
    created_at timestamp(6) without time zone NOT NULL,
    description character varying(255),
    enterprise_name character varying(255) NOT NULL,
    is_approved boolean NOT NULL,
    locality character varying(255),
    number_of_employees bigint,
    sector character varying(255),
    site_url character varying(255),
    size_enterprise smallint,
    social_reason character varying(255),
    updated_at timestamp(6) without time zone,
    user_id bigint,
    CONSTRAINT enterprises_size_enterprise_check CHECK (((size_enterprise >= 0) AND (size_enterprise <= 2)))
);


ALTER TABLE public.enterprises OWNER TO sintonya_user;

--
-- Name: enterprises_id_seq; Type: SEQUENCE; Schema: public; Owner: sintonya_user
--

ALTER TABLE public.enterprises ALTER COLUMN id ADD GENERATED BY DEFAULT AS IDENTITY (
    SEQUENCE NAME public.enterprises_id_seq
    START WITH 1
    INCREMENT BY 1
    NO MINVALUE
    NO MAXVALUE
    CACHE 1
);


--
-- Name: experiences; Type: TABLE; Schema: public; Owner: sintonya_user
--

CREATE TABLE public.experiences (
    id bigint NOT NULL,
    description character varying(255),
    end_date date,
    is_current boolean NOT NULL,
    locality character varying(255),
    organization character varying(255),
    start_date date,
    title character varying(255),
    work_modality character varying(255),
    work_type character varying(255),
    candidate_id bigint,
    CONSTRAINT experiences_work_modality_check CHECK (((work_modality)::text = ANY ((ARRAY['ON_SITE'::character varying, 'REMOTE'::character varying, 'HYBRID'::character varying])::text[]))),
    CONSTRAINT experiences_work_type_check CHECK (((work_type)::text = ANY ((ARRAY['FULL_TIME'::character varying, 'PART_TIME'::character varying, 'INTERSHIP'::character varying, 'TRAINEE'::character varying, 'TEMPORARY'::character varying, 'CONTRACT'::character varying, 'FREELANCE'::character varying, 'SELF_EMPLOYED'::character varying, 'VOLUNTEER'::character varying, 'APPRENTICESHIP'::character varying])::text[])))
);


ALTER TABLE public.experiences OWNER TO sintonya_user;

--
-- Name: experiences_id_seq; Type: SEQUENCE; Schema: public; Owner: sintonya_user
--

ALTER TABLE public.experiences ALTER COLUMN id ADD GENERATED BY DEFAULT AS IDENTITY (
    SEQUENCE NAME public.experiences_id_seq
    START WITH 1
    INCREMENT BY 1
    NO MINVALUE
    NO MAXVALUE
    CACHE 1
);


--
-- Name: files; Type: TABLE; Schema: public; Owner: sintonya_user
--

CREATE TABLE public.files (
    id bigint NOT NULL,
    content_type character varying(255),
    file_name character varying(255),
    path character varying(255),
    size bigint
);


ALTER TABLE public.files OWNER TO sintonya_user;

--
-- Name: files_id_seq; Type: SEQUENCE; Schema: public; Owner: sintonya_user
--

ALTER TABLE public.files ALTER COLUMN id ADD GENERATED BY DEFAULT AS IDENTITY (
    SEQUENCE NAME public.files_id_seq
    START WITH 1
    INCREMENT BY 1
    NO MINVALUE
    NO MAXVALUE
    CACHE 1
);


--
-- Name: job_application; Type: TABLE; Schema: public; Owner: sintonya_user
--

CREATE TABLE public.job_application (
    id bigint NOT NULL,
    status character varying(255),
    candidate_id bigint NOT NULL,
    vacancy_id bigint NOT NULL,
    CONSTRAINT job_application_status_check CHECK (((status)::text = ANY ((ARRAY['APPLIED'::character varying, 'IN_PROGRESS'::character varying, 'WAITING_TEST'::character varying, 'TEST_IN_PROGRESS'::character varying, 'APPROVED'::character varying, 'REJECTED'::character varying, 'WITHDRAW'::character varying])::text[])))
);


ALTER TABLE public.job_application OWNER TO sintonya_user;

--
-- Name: job_application_id_seq; Type: SEQUENCE; Schema: public; Owner: sintonya_user
--

ALTER TABLE public.job_application ALTER COLUMN id ADD GENERATED BY DEFAULT AS IDENTITY (
    SEQUENCE NAME public.job_application_id_seq
    START WITH 1
    INCREMENT BY 1
    NO MINVALUE
    NO MAXVALUE
    CACHE 1
);


--
-- Name: permissions; Type: TABLE; Schema: public; Owner: sintonya_user
--

CREATE TABLE public.permissions (
    id bigint NOT NULL,
    permission_name character varying(255),
    CONSTRAINT permissions_permission_name_check CHECK (((permission_name)::text = ANY ((ARRAY['PROFILE_UPDATE'::character varying, 'SKILL_ADD'::character varying, 'SKILL_UPDATE'::character varying, 'CERTIFICATE_CREATE'::character varying, 'CERTIFICATE_UPDATE'::character varying, 'CERTIFICATE_DELETE'::character varying, 'EXPERIENCE_CREATE'::character varying, 'EXPERIENCE_UPDATE'::character varying, 'EXPERIENCE_DELETE'::character varying, 'VACANCY_VIEW'::character varying, 'VACANCY_APPLY'::character varying, 'VACANCY_CREATE'::character varying, 'VACANCY_UPDATE'::character varying, 'VACANCY_CLOSE'::character varying, 'CANDIDATE_VIEW'::character varying, 'ENTERPRISE_VIEW'::character varying, 'ADMIN_ACCESS'::character varying])::text[])))
);


ALTER TABLE public.permissions OWNER TO sintonya_user;

--
-- Name: permissions_id_seq; Type: SEQUENCE; Schema: public; Owner: sintonya_user
--

ALTER TABLE public.permissions ALTER COLUMN id ADD GENERATED BY DEFAULT AS IDENTITY (
    SEQUENCE NAME public.permissions_id_seq
    START WITH 1
    INCREMENT BY 1
    NO MINVALUE
    NO MAXVALUE
    CACHE 1
);


--
-- Name: profile; Type: TABLE; Schema: public; Owner: sintonya_user
--

CREATE TABLE public.profile (
    id bigint NOT NULL,
    banner character varying(255),
    created_at timestamp(6) without time zone NOT NULL,
    head_line character varying(255),
    locality character varying(255),
    personal_summary character varying(1000),
    photo character varying(255),
    social_links character varying(255),
    updated_at timestamp(6) without time zone
);


ALTER TABLE public.profile OWNER TO sintonya_user;

--
-- Name: profile_id_seq; Type: SEQUENCE; Schema: public; Owner: sintonya_user
--

ALTER TABLE public.profile ALTER COLUMN id ADD GENERATED BY DEFAULT AS IDENTITY (
    SEQUENCE NAME public.profile_id_seq
    START WITH 1
    INCREMENT BY 1
    NO MINVALUE
    NO MAXVALUE
    CACHE 1
);


--
-- Name: role_permissions; Type: TABLE; Schema: public; Owner: sintonya_user
--

CREATE TABLE public.role_permissions (
    role_id bigint NOT NULL,
    permission_id bigint NOT NULL
);


ALTER TABLE public.role_permissions OWNER TO sintonya_user;

--
-- Name: roles; Type: TABLE; Schema: public; Owner: sintonya_user
--

CREATE TABLE public.roles (
    id bigint NOT NULL,
    created_at timestamp(6) without time zone NOT NULL,
    role_name character varying(255),
    updated_at timestamp(6) without time zone,
    CONSTRAINT roles_role_name_check CHECK (((role_name)::text = ANY ((ARRAY['ADMINISTRADOR'::character varying, 'CANDIDATO'::character varying, 'EMPRESA'::character varying])::text[])))
);


ALTER TABLE public.roles OWNER TO sintonya_user;

--
-- Name: roles_id_seq; Type: SEQUENCE; Schema: public; Owner: sintonya_user
--

ALTER TABLE public.roles ALTER COLUMN id ADD GENERATED BY DEFAULT AS IDENTITY (
    SEQUENCE NAME public.roles_id_seq
    START WITH 1
    INCREMENT BY 1
    NO MINVALUE
    NO MAXVALUE
    CACHE 1
);


--
-- Name: selection_process; Type: TABLE; Schema: public; Owner: sintonya_user
--

CREATE TABLE public.selection_process (
    id bigint NOT NULL,
    created_at timestamp(6) without time zone NOT NULL,
    description character varying(255),
    is_active boolean NOT NULL,
    title character varying(255),
    updated_at timestamp(6) without time zone,
    vacancy_id bigint
);


ALTER TABLE public.selection_process OWNER TO sintonya_user;

--
-- Name: selection_process_id_seq; Type: SEQUENCE; Schema: public; Owner: sintonya_user
--

ALTER TABLE public.selection_process ALTER COLUMN id ADD GENERATED BY DEFAULT AS IDENTITY (
    SEQUENCE NAME public.selection_process_id_seq
    START WITH 1
    INCREMENT BY 1
    NO MINVALUE
    NO MAXVALUE
    CACHE 1
);


--
-- Name: selection_stage; Type: TABLE; Schema: public; Owner: sintonya_user
--

CREATE TABLE public.selection_stage (
    id bigint NOT NULL,
    name character varying(255),
    stage_order integer,
    stage_type character varying(255),
    url character varying(255),
    vacancy_id bigint NOT NULL,
    CONSTRAINT selection_stage_stage_type_check CHECK (((stage_type)::text = ANY ((ARRAY['BEHAVIORAL_TEST'::character varying, 'TECHNICAL_TEST'::character varying])::text[])))
);


ALTER TABLE public.selection_stage OWNER TO sintonya_user;

--
-- Name: selection_stage_id_seq; Type: SEQUENCE; Schema: public; Owner: sintonya_user
--

ALTER TABLE public.selection_stage ALTER COLUMN id ADD GENERATED BY DEFAULT AS IDENTITY (
    SEQUENCE NAME public.selection_stage_id_seq
    START WITH 1
    INCREMENT BY 1
    NO MINVALUE
    NO MAXVALUE
    CACHE 1
);


--
-- Name: skill_base; Type: TABLE; Schema: public; Owner: sintonya_user
--

CREATE TABLE public.skill_base (
    id bigint NOT NULL,
    created_at timestamp(6) without time zone NOT NULL,
    skill_type character varying(255),
    title character varying(255),
    updated_at timestamp(6) without time zone,
    CONSTRAINT skill_base_skill_type_check CHECK (((skill_type)::text = ANY ((ARRAY['BEHAVIORAL'::character varying, 'TECHNICAL'::character varying])::text[])))
);


ALTER TABLE public.skill_base OWNER TO sintonya_user;

--
-- Name: skill_base_id_seq; Type: SEQUENCE; Schema: public; Owner: sintonya_user
--

ALTER TABLE public.skill_base ALTER COLUMN id ADD GENERATED BY DEFAULT AS IDENTITY (
    SEQUENCE NAME public.skill_base_id_seq
    START WITH 1
    INCREMENT BY 1
    NO MINVALUE
    NO MAXVALUE
    CACHE 1
);


--
-- Name: skill_candidate; Type: TABLE; Schema: public; Owner: sintonya_user
--

CREATE TABLE public.skill_candidate (
    id bigint NOT NULL,
    created_at timestamp(6) without time zone NOT NULL,
    skill_level character varying(255),
    source character varying(255),
    updated_at timestamp(6) without time zone,
    candidate_id bigint NOT NULL,
    certificate_id bigint,
    experience_id bigint,
    skill_base_id bigint NOT NULL,
    CONSTRAINT skill_candidate_skill_level_check CHECK (((skill_level)::text = ANY ((ARRAY['BASIC'::character varying, 'INTERMEDIATE'::character varying, 'ADVANCED'::character varying, 'NON_SPECIFIED'::character varying])::text[]))),
    CONSTRAINT skill_candidate_source_check CHECK (((source)::text = ANY ((ARRAY['MANUAL'::character varying, 'CERTIFICATE'::character varying, 'EXPERIENCE'::character varying])::text[])))
);


ALTER TABLE public.skill_candidate OWNER TO sintonya_user;

--
-- Name: skill_candidate_id_seq; Type: SEQUENCE; Schema: public; Owner: sintonya_user
--

ALTER TABLE public.skill_candidate ALTER COLUMN id ADD GENERATED BY DEFAULT AS IDENTITY (
    SEQUENCE NAME public.skill_candidate_id_seq
    START WITH 1
    INCREMENT BY 1
    NO MINVALUE
    NO MAXVALUE
    CACHE 1
);


--
-- Name: skill_vacancy; Type: TABLE; Schema: public; Owner: sintonya_user
--

CREATE TABLE public.skill_vacancy (
    id bigint NOT NULL,
    created_at timestamp(6) without time zone NOT NULL,
    is_required boolean NOT NULL,
    updated_at timestamp(6) without time zone,
    weight integer,
    skill_base_id bigint,
    vacancy_id bigint
);


ALTER TABLE public.skill_vacancy OWNER TO sintonya_user;

--
-- Name: skill_vacancy_id_seq; Type: SEQUENCE; Schema: public; Owner: sintonya_user
--

ALTER TABLE public.skill_vacancy ALTER COLUMN id ADD GENERATED BY DEFAULT AS IDENTITY (
    SEQUENCE NAME public.skill_vacancy_id_seq
    START WITH 1
    INCREMENT BY 1
    NO MINVALUE
    NO MAXVALUE
    CACHE 1
);


--
-- Name: user_roles; Type: TABLE; Schema: public; Owner: sintonya_user
--

CREATE TABLE public.user_roles (
    user_id bigint NOT NULL,
    role_id bigint NOT NULL
);


ALTER TABLE public.user_roles OWNER TO sintonya_user;

--
-- Name: users; Type: TABLE; Schema: public; Owner: sintonya_user
--

CREATE TABLE public.users (
    id bigint NOT NULL,
    created_at timestamp(6) without time zone NOT NULL,
    email character varying(255),
    password character varying(255),
    updated_at timestamp(6) without time zone
);


ALTER TABLE public.users OWNER TO sintonya_user;

--
-- Name: users_id_seq; Type: SEQUENCE; Schema: public; Owner: sintonya_user
--

ALTER TABLE public.users ALTER COLUMN id ADD GENERATED BY DEFAULT AS IDENTITY (
    SEQUENCE NAME public.users_id_seq
    START WITH 1
    INCREMENT BY 1
    NO MINVALUE
    NO MAXVALUE
    CACHE 1
);


--
-- Name: vacancys; Type: TABLE; Schema: public; Owner: sintonya_user
--

CREATE TABLE public.vacancys (
    id bigint NOT NULL,
    closed_at timestamp(6) without time zone,
    created_at timestamp(6) without time zone NOT NULL,
    description character varying(255),
    expiration_date date,
    locality character varying(255),
    modality_type character varying(255),
    "position" character varying(255),
    publication_date date,
    title character varying(255),
    updated_at timestamp(6) without time zone,
    vacancy_status character varying(255),
    vacancy_type character varying(255),
    enterprise_id bigint,
    CONSTRAINT vacancys_modality_type_check CHECK (((modality_type)::text = ANY ((ARRAY['ON_SITE'::character varying, 'REMOTE'::character varying, 'HYBRID'::character varying])::text[]))),
    CONSTRAINT vacancys_vacancy_status_check CHECK (((vacancy_status)::text = ANY ((ARRAY['PENDING_APPROVAL'::character varying, 'APPROVED'::character varying, 'OPEN'::character varying, 'CLOSED'::character varying, 'PAUSED'::character varying, 'ARCHIVED'::character varying, 'REJECTED'::character varying])::text[]))),
    CONSTRAINT vacancys_vacancy_type_check CHECK (((vacancy_type)::text = ANY ((ARRAY['FULL_TIME'::character varying, 'PART_TIME'::character varying, 'INTERSHIP'::character varying, 'TRAINEE'::character varying, 'TEMPORARY'::character varying, 'CONTRACT'::character varying, 'FREELANCE'::character varying, 'SELF_EMPLOYED'::character varying, 'VOLUNTEER'::character varying, 'APPRENTICESHIP'::character varying])::text[])))
);


ALTER TABLE public.vacancys OWNER TO sintonya_user;

--
-- Name: vacancys_id_seq; Type: SEQUENCE; Schema: public; Owner: sintonya_user
--

ALTER TABLE public.vacancys ALTER COLUMN id ADD GENERATED BY DEFAULT AS IDENTITY (
    SEQUENCE NAME public.vacancys_id_seq
    START WITH 1
    INCREMENT BY 1
    NO MINVALUE
    NO MAXVALUE
    CACHE 1
);


--
-- Data for Name: application_stage_result; Type: TABLE DATA; Schema: public; Owner: sintonya_user
--

INSERT INTO public.application_stage_result VALUES (1, NULL, false, 0, 'NOT_STARTED', 2, 1);
INSERT INTO public.application_stage_result VALUES (2, NULL, true, 0, 'NOT_STARTED', 2, 2);


--
-- Data for Name: attachments; Type: TABLE DATA; Schema: public; Owner: sintonya_user
--

INSERT INTO public.attachments VALUES (1, 'CERTIFICATE', 1, 1);


--
-- Data for Name: candidates; Type: TABLE DATA; Schema: public; Owner: sintonya_user
--

INSERT INTO public.candidates VALUES (1, NULL, '(98) 99999-9999', '12345678901', '2026-03-10 20:30:25.262615', NULL, 'Adrian Moreira', 'Masculino', 'Pardo', 'Financeiro', '2026-03-10 20:46:05.082897', 1, 1);


--
-- Data for Name: certificates; Type: TABLE DATA; Schema: public; Owner: sintonya_user
--

INSERT INTO public.certificates VALUES (1, NULL, 50, NULL, 'AMBINMA', 'C-PRO-R', 'https://www.credly.com/badges/exemplo', 1);


--
-- Data for Name: enterprises; Type: TABLE DATA; Schema: public; Owner: sintonya_user
--

INSERT INTO public.enterprises VALUES (1, '12345678000199', '1133334444', '2026-03-10 20:30:39.231013', NULL, 'Tech Solutions LTDA', false, NULL, NULL, NULL, NULL, NULL, NULL, '2026-03-10 20:30:39.231049', 2);


--
-- Data for Name: experiences; Type: TABLE DATA; Schema: public; Owner: sintonya_user
--

INSERT INTO public.experiences VALUES (3, 'Atuou no suporte e análise de sistemas financeiros, auxiliando na gestão de operações bancárias, análise de dados financeiros e melhoria de processos internos relacionados a crédito, investimentos e serviços digitais.', '2023-12-20', false, NULL, 'Banco Digital Financeiro', '2022-06-01', 'Financial Systems Analyst', 'REMOTE', 'TEMPORARY', 1);


--
-- Data for Name: files; Type: TABLE DATA; Schema: public; Owner: sintonya_user
--

INSERT INTO public.files VALUES (1, 'image/png', 'aistudio.google.com_apps_72147936-4ed6-4673-afca-39c1bc7c4fbc_showPreview=true&showAssistant=true&fullscreenApplet=true (2).png', NULL, 1043690);


--
-- Data for Name: job_application; Type: TABLE DATA; Schema: public; Owner: sintonya_user
--

INSERT INTO public.job_application VALUES (2, 'WAITING_TEST', 1, 1);


--
-- Data for Name: permissions; Type: TABLE DATA; Schema: public; Owner: sintonya_user
--

INSERT INTO public.permissions VALUES (1, 'PROFILE_UPDATE');
INSERT INTO public.permissions VALUES (2, 'SKILL_ADD');
INSERT INTO public.permissions VALUES (3, 'SKILL_UPDATE');
INSERT INTO public.permissions VALUES (4, 'CERTIFICATE_CREATE');
INSERT INTO public.permissions VALUES (5, 'CERTIFICATE_UPDATE');
INSERT INTO public.permissions VALUES (6, 'CERTIFICATE_DELETE');
INSERT INTO public.permissions VALUES (7, 'EXPERIENCE_CREATE');
INSERT INTO public.permissions VALUES (8, 'EXPERIENCE_UPDATE');
INSERT INTO public.permissions VALUES (9, 'EXPERIENCE_DELETE');
INSERT INTO public.permissions VALUES (10, 'VACANCY_VIEW');
INSERT INTO public.permissions VALUES (11, 'VACANCY_APPLY');
INSERT INTO public.permissions VALUES (12, 'VACANCY_CREATE');
INSERT INTO public.permissions VALUES (13, 'VACANCY_UPDATE');
INSERT INTO public.permissions VALUES (14, 'VACANCY_CLOSE');
INSERT INTO public.permissions VALUES (15, 'CANDIDATE_VIEW');
INSERT INTO public.permissions VALUES (16, 'ENTERPRISE_VIEW');
INSERT INTO public.permissions VALUES (17, 'ADMIN_ACCESS');


--
-- Data for Name: profile; Type: TABLE DATA; Schema: public; Owner: sintonya_user
--

INSERT INTO public.profile VALUES (2, NULL, '2026-03-10 20:31:06.219311', NULL, NULL, NULL, NULL, NULL, '2026-03-10 20:31:06.219334');
INSERT INTO public.profile VALUES (1, NULL, '2026-03-10 20:30:25.259519', 'Banqueiro', 'São Luís - MA', 'Sou profissional com interesse na área financeira, com experiência no desenvolvimento de sistemas e análise de dados aplicados a aplicações corporativas. Possuo familiaridade com modelagem de banco de dados, automação de processos e construção de soluções que apoiam a tomada de decisão. Tenho perfil analítico, atenção a detalhes e interesse em temas como mercado financeiro, gestão de riscos e análise de informações para suporte estratégico.', NULL, 'https://linkedin.com/in/adrian-medeiros', '2026-03-10 20:47:06.459797');


--
-- Data for Name: role_permissions; Type: TABLE DATA; Schema: public; Owner: sintonya_user
--

INSERT INTO public.role_permissions VALUES (1, 1);
INSERT INTO public.role_permissions VALUES (1, 2);
INSERT INTO public.role_permissions VALUES (1, 3);
INSERT INTO public.role_permissions VALUES (1, 4);
INSERT INTO public.role_permissions VALUES (1, 5);
INSERT INTO public.role_permissions VALUES (1, 6);
INSERT INTO public.role_permissions VALUES (1, 7);
INSERT INTO public.role_permissions VALUES (1, 8);
INSERT INTO public.role_permissions VALUES (1, 9);
INSERT INTO public.role_permissions VALUES (1, 10);
INSERT INTO public.role_permissions VALUES (1, 11);
INSERT INTO public.role_permissions VALUES (1, 16);
INSERT INTO public.role_permissions VALUES (3, 1);
INSERT INTO public.role_permissions VALUES (3, 2);
INSERT INTO public.role_permissions VALUES (3, 3);
INSERT INTO public.role_permissions VALUES (3, 4);
INSERT INTO public.role_permissions VALUES (3, 5);
INSERT INTO public.role_permissions VALUES (3, 6);
INSERT INTO public.role_permissions VALUES (3, 7);
INSERT INTO public.role_permissions VALUES (3, 8);
INSERT INTO public.role_permissions VALUES (3, 9);
INSERT INTO public.role_permissions VALUES (3, 10);
INSERT INTO public.role_permissions VALUES (3, 11);
INSERT INTO public.role_permissions VALUES (3, 12);
INSERT INTO public.role_permissions VALUES (3, 13);
INSERT INTO public.role_permissions VALUES (3, 14);
INSERT INTO public.role_permissions VALUES (3, 15);
INSERT INTO public.role_permissions VALUES (3, 16);
INSERT INTO public.role_permissions VALUES (3, 17);


--
-- Data for Name: roles; Type: TABLE DATA; Schema: public; Owner: sintonya_user
--

INSERT INTO public.roles VALUES (1, '2026-03-10 20:30:25.170352', 'CANDIDATO', '2026-03-10 20:30:25.170413');
INSERT INTO public.roles VALUES (2, '2026-03-10 20:30:39.223094', 'EMPRESA', '2026-03-10 20:30:39.223132');
INSERT INTO public.roles VALUES (3, '2026-03-10 20:42:47.532632', 'ADMINISTRADOR', '2026-03-10 20:42:47.532632');


--
-- Data for Name: selection_process; Type: TABLE DATA; Schema: public; Owner: sintonya_user
--



--
-- Data for Name: selection_stage; Type: TABLE DATA; Schema: public; Owner: sintonya_user
--

INSERT INTO public.selection_stage VALUES (1, 'Teste Comportamental', 0, 'BEHAVIORAL_TEST', 'https://example.com/behavioral-test', 1);
INSERT INTO public.selection_stage VALUES (2, 'Teste Técnico', 1, 'TECHNICAL_TEST', 'https://example.com/technical-test', 1);


--
-- Data for Name: skill_base; Type: TABLE DATA; Schema: public; Owner: sintonya_user
--

INSERT INTO public.skill_base VALUES (1, '2026-03-10 20:52:31.491679', 'TECHNICAL', 'Análise de Demonstrativos Financeiros', '2026-03-10 20:52:31.491679');
INSERT INTO public.skill_base VALUES (2, '2026-03-10 20:52:31.491679', 'TECHNICAL', 'Modelagem Financeira', '2026-03-10 20:52:31.491679');
INSERT INTO public.skill_base VALUES (3, '2026-03-10 20:52:31.491679', 'TECHNICAL', 'Valuation de Empresas', '2026-03-10 20:52:31.491679');
INSERT INTO public.skill_base VALUES (4, '2026-03-10 20:52:31.491679', 'TECHNICAL', 'Gestão de Risco Financeiro', '2026-03-10 20:52:31.491679');
INSERT INTO public.skill_base VALUES (5, '2026-03-10 20:52:31.491679', 'TECHNICAL', 'Mercado de Capitais', '2026-03-10 20:52:31.491679');
INSERT INTO public.skill_base VALUES (6, '2026-03-10 20:52:31.491679', 'TECHNICAL', 'Análise de Crédito', '2026-03-10 20:52:31.491679');
INSERT INTO public.skill_base VALUES (7, '2026-03-10 20:52:31.491679', 'TECHNICAL', 'Compliance Bancário', '2026-03-10 20:52:31.491679');
INSERT INTO public.skill_base VALUES (8, '2026-03-10 20:52:31.491679', 'TECHNICAL', 'Regulação Financeira', '2026-03-10 20:52:31.491679');
INSERT INTO public.skill_base VALUES (9, '2026-03-10 20:52:31.491679', 'TECHNICAL', 'Gestão de Portfólio', '2026-03-10 20:52:31.491679');
INSERT INTO public.skill_base VALUES (10, '2026-03-10 20:52:31.491679', 'TECHNICAL', 'Derivativos Financeiros', '2026-03-10 20:52:31.491679');
INSERT INTO public.skill_base VALUES (11, '2026-03-10 20:52:31.491679', 'TECHNICAL', 'Precificação de Ativos', '2026-03-10 20:52:31.491679');
INSERT INTO public.skill_base VALUES (12, '2026-03-10 20:52:31.491679', 'TECHNICAL', 'Análise Quantitativa', '2026-03-10 20:52:31.491679');
INSERT INTO public.skill_base VALUES (13, '2026-03-10 20:52:31.491679', 'TECHNICAL', 'Gestão de Investimentos', '2026-03-10 20:52:31.491679');
INSERT INTO public.skill_base VALUES (14, '2026-03-10 20:52:31.491679', 'TECHNICAL', 'Planejamento Financeiro', '2026-03-10 20:52:31.491679');
INSERT INTO public.skill_base VALUES (15, '2026-03-10 20:52:31.491679', 'TECHNICAL', 'Contabilidade Financeira', '2026-03-10 20:52:31.491679');
INSERT INTO public.skill_base VALUES (16, '2026-03-10 20:52:31.491679', 'TECHNICAL', 'Finanças Corporativas', '2026-03-10 20:52:31.491679');
INSERT INTO public.skill_base VALUES (17, '2026-03-10 20:52:31.491679', 'TECHNICAL', 'Análise Macroeconômica', '2026-03-10 20:52:31.491679');
INSERT INTO public.skill_base VALUES (18, '2026-03-10 20:52:31.491679', 'TECHNICAL', 'Gestão de Liquidez', '2026-03-10 20:52:31.491679');
INSERT INTO public.skill_base VALUES (19, '2026-03-10 20:52:31.491679', 'TECHNICAL', 'Avaliação de Risco de Crédito', '2026-03-10 20:52:31.491679');
INSERT INTO public.skill_base VALUES (20, '2026-03-10 20:52:31.491679', 'TECHNICAL', 'Estruturação de Operações Financeiras', '2026-03-10 20:52:31.491679');
INSERT INTO public.skill_base VALUES (21, '2026-03-10 20:52:31.491679', 'TECHNICAL', 'Conhecimento em Produtos Bancários', '2026-03-10 20:52:31.491679');
INSERT INTO public.skill_base VALUES (22, '2026-03-10 20:52:31.491679', 'TECHNICAL', 'Análise de Investimentos', '2026-03-10 20:52:31.491679');
INSERT INTO public.skill_base VALUES (23, '2026-03-10 20:52:31.491679', 'TECHNICAL', 'Planejamento Tributário Financeiro', '2026-03-10 20:52:31.491679');
INSERT INTO public.skill_base VALUES (24, '2026-03-10 20:52:31.491679', 'TECHNICAL', 'Análise de Dados Financeiros', '2026-03-10 20:52:31.491679');
INSERT INTO public.skill_base VALUES (25, '2026-03-10 20:52:31.491679', 'TECHNICAL', 'Uso de Excel Avançado para Finanças', '2026-03-10 20:52:31.491679');
INSERT INTO public.skill_base VALUES (26, '2026-03-10 20:52:31.491679', 'TECHNICAL', 'Conhecimento em Sistemas Bancários', '2026-03-10 20:52:31.491679');
INSERT INTO public.skill_base VALUES (27, '2026-03-10 20:52:31.491679', 'TECHNICAL', 'Gestão de Tesouraria', '2026-03-10 20:52:31.491679');
INSERT INTO public.skill_base VALUES (28, '2026-03-10 20:52:31.491679', 'TECHNICAL', 'Análise de Rentabilidade', '2026-03-10 20:52:31.491679');
INSERT INTO public.skill_base VALUES (29, '2026-03-10 20:52:31.491679', 'TECHNICAL', 'Gestão de Ativos', '2026-03-10 20:52:31.491679');
INSERT INTO public.skill_base VALUES (30, '2026-03-10 20:52:31.491679', 'TECHNICAL', 'Controle de Custos Financeiros', '2026-03-10 20:52:31.491679');
INSERT INTO public.skill_base VALUES (31, '2026-03-10 20:52:31.491679', 'BEHAVIORAL', 'Pensamento Analítico', '2026-03-10 20:52:31.491679');
INSERT INTO public.skill_base VALUES (32, '2026-03-10 20:52:31.491679', 'BEHAVIORAL', 'Tomada de Decisão Baseada em Dados', '2026-03-10 20:52:31.491679');
INSERT INTO public.skill_base VALUES (33, '2026-03-10 20:52:31.491679', 'BEHAVIORAL', 'Atenção a Detalhes', '2026-03-10 20:52:31.491679');
INSERT INTO public.skill_base VALUES (34, '2026-03-10 20:52:31.491679', 'BEHAVIORAL', 'Ética Profissional', '2026-03-10 20:52:31.491679');
INSERT INTO public.skill_base VALUES (35, '2026-03-10 20:52:31.491679', 'BEHAVIORAL', 'Comunicação Clara com Clientes', '2026-03-10 20:52:31.491679');
INSERT INTO public.skill_base VALUES (36, '2026-03-10 20:52:31.491679', 'BEHAVIORAL', 'Negociação Financeira', '2026-03-10 20:52:31.491679');
INSERT INTO public.skill_base VALUES (37, '2026-03-10 20:52:31.491679', 'BEHAVIORAL', 'Gestão de Tempo', '2026-03-10 20:52:31.491679');
INSERT INTO public.skill_base VALUES (38, '2026-03-10 20:52:31.491679', 'BEHAVIORAL', 'Resolução de Problemas Complexos', '2026-03-10 20:52:31.491679');
INSERT INTO public.skill_base VALUES (39, '2026-03-10 20:52:31.491679', 'BEHAVIORAL', 'Pensamento Crítico', '2026-03-10 20:52:31.491679');
INSERT INTO public.skill_base VALUES (40, '2026-03-10 20:52:31.491679', 'BEHAVIORAL', 'Responsabilidade com Informações Sensíveis', '2026-03-10 20:52:31.491679');
INSERT INTO public.skill_base VALUES (41, '2026-03-10 20:52:31.491679', 'BEHAVIORAL', 'Trabalho em Equipe', '2026-03-10 20:52:31.491679');
INSERT INTO public.skill_base VALUES (42, '2026-03-10 20:52:31.491679', 'BEHAVIORAL', 'Capacidade de Aprendizado Contínuo', '2026-03-10 20:52:31.491679');
INSERT INTO public.skill_base VALUES (43, '2026-03-10 20:52:31.491679', 'BEHAVIORAL', 'Adaptabilidade a Mudanças de Mercado', '2026-03-10 20:52:31.491679');
INSERT INTO public.skill_base VALUES (44, '2026-03-10 20:52:31.491679', 'BEHAVIORAL', 'Proatividade', '2026-03-10 20:52:31.491679');
INSERT INTO public.skill_base VALUES (45, '2026-03-10 20:52:31.491679', 'BEHAVIORAL', 'Gestão de Conflitos', '2026-03-10 20:52:31.491679');
INSERT INTO public.skill_base VALUES (46, '2026-03-10 20:52:31.491679', 'BEHAVIORAL', 'Orientação para Resultados', '2026-03-10 20:52:31.491679');
INSERT INTO public.skill_base VALUES (47, '2026-03-10 20:52:31.491679', 'BEHAVIORAL', 'Relacionamento com Clientes', '2026-03-10 20:52:31.491679');
INSERT INTO public.skill_base VALUES (48, '2026-03-10 20:52:31.491679', 'BEHAVIORAL', 'Comunicação Interdepartamental', '2026-03-10 20:52:31.491679');
INSERT INTO public.skill_base VALUES (49, '2026-03-10 20:52:31.491679', 'BEHAVIORAL', 'Pensamento Estratégico', '2026-03-10 20:52:31.491679');
INSERT INTO public.skill_base VALUES (50, '2026-03-10 20:52:31.491679', 'BEHAVIORAL', 'Resiliência em Ambientes de Alta Pressão', '2026-03-10 20:52:31.491679');


--
-- Data for Name: skill_candidate; Type: TABLE DATA; Schema: public; Owner: sintonya_user
--

INSERT INTO public.skill_candidate VALUES (1, '2026-03-10 20:53:33.650329', 'BASIC', 'MANUAL', '2026-03-10 20:53:33.650341', 1, NULL, NULL, 1);
INSERT INTO public.skill_candidate VALUES (2, '2026-03-10 20:53:33.655983', 'BASIC', 'MANUAL', '2026-03-10 20:53:33.655994', 1, NULL, NULL, 2);
INSERT INTO public.skill_candidate VALUES (3, '2026-03-10 20:53:33.657484', 'BASIC', 'MANUAL', '2026-03-10 20:53:33.657492', 1, NULL, NULL, 3);
INSERT INTO public.skill_candidate VALUES (8, '2026-03-10 21:02:16.779774', 'NON_SPECIFIED', 'EXPERIENCE', '2026-03-10 21:02:16.785635', 1, NULL, 3, 1);
INSERT INTO public.skill_candidate VALUES (9, '2026-03-10 21:02:16.781745', 'NON_SPECIFIED', 'EXPERIENCE', '2026-03-10 21:02:16.786876', 1, NULL, 3, 2);
INSERT INTO public.skill_candidate VALUES (10, '2026-03-10 21:03:39.725183', 'NON_SPECIFIED', 'CERTIFICATE', '2026-03-10 21:03:39.725193', 1, 1, NULL, 8);
INSERT INTO public.skill_candidate VALUES (11, '2026-03-10 21:03:39.726613', 'NON_SPECIFIED', 'CERTIFICATE', '2026-03-10 21:03:39.72662', 1, 1, NULL, 11);


--
-- Data for Name: skill_vacancy; Type: TABLE DATA; Schema: public; Owner: sintonya_user
--



--
-- Data for Name: user_roles; Type: TABLE DATA; Schema: public; Owner: sintonya_user
--

INSERT INTO public.user_roles VALUES (3, 3);
INSERT INTO public.user_roles VALUES (1, 1);
INSERT INTO public.user_roles VALUES (2, 2);


--
-- Data for Name: users; Type: TABLE DATA; Schema: public; Owner: sintonya_user
--

INSERT INTO public.users VALUES (1, '2026-03-10 20:30:25.257001', 'candidate@email.com', '$2a$10$W55i6Sph0qmN2ipMoYxL2e8w0j9ipuQgxFqWw46N13mbYAhcfMM8.', '2026-03-10 20:30:25.25702');
INSERT INTO public.users VALUES (2, '2026-03-10 20:30:39.225683', 'enterprise@techsolutions.com', NULL, '2026-03-10 20:30:39.225708');
INSERT INTO public.users VALUES (3, '2026-03-10 20:31:06.217518', 'admin@email.com', '$2a$10$DhHDVURRg/VcmMsH.5tbjeRE1ZZOFIOq0MimyDJdjLxcvkGyCN.i.', '2026-03-10 20:31:06.217534');


--
-- Data for Name: vacancys; Type: TABLE DATA; Schema: public; Owner: sintonya_user
--

INSERT INTO public.vacancys VALUES (1, NULL, '2026-03-10 21:10:53.447251', 'Atuar no suporte às operações financeiras da instituição.', '2026-04-30', 'São Paulo, Brazil', 'REMOTE', 'Financial Analyst', '2026-03-10', 'Analista Financeiro Júnior', '2026-03-10 21:10:53.447251', 'OPEN', 'TEMPORARY', 1);


--
-- Name: application_stage_result_id_seq; Type: SEQUENCE SET; Schema: public; Owner: sintonya_user
--

SELECT pg_catalog.setval('public.application_stage_result_id_seq', 2, true);


--
-- Name: attachments_id_seq; Type: SEQUENCE SET; Schema: public; Owner: sintonya_user
--

SELECT pg_catalog.setval('public.attachments_id_seq', 1, true);


--
-- Name: candidates_id_seq; Type: SEQUENCE SET; Schema: public; Owner: sintonya_user
--

SELECT pg_catalog.setval('public.candidates_id_seq', 2, true);


--
-- Name: certificates_id_seq; Type: SEQUENCE SET; Schema: public; Owner: sintonya_user
--

SELECT pg_catalog.setval('public.certificates_id_seq', 1, true);


--
-- Name: enterprises_id_seq; Type: SEQUENCE SET; Schema: public; Owner: sintonya_user
--

SELECT pg_catalog.setval('public.enterprises_id_seq', 1, true);


--
-- Name: experiences_id_seq; Type: SEQUENCE SET; Schema: public; Owner: sintonya_user
--

SELECT pg_catalog.setval('public.experiences_id_seq', 3, true);


--
-- Name: files_id_seq; Type: SEQUENCE SET; Schema: public; Owner: sintonya_user
--

SELECT pg_catalog.setval('public.files_id_seq', 1, true);


--
-- Name: job_application_id_seq; Type: SEQUENCE SET; Schema: public; Owner: sintonya_user
--

SELECT pg_catalog.setval('public.job_application_id_seq', 2, true);


--
-- Name: permissions_id_seq; Type: SEQUENCE SET; Schema: public; Owner: sintonya_user
--

SELECT pg_catalog.setval('public.permissions_id_seq', 17, true);


--
-- Name: profile_id_seq; Type: SEQUENCE SET; Schema: public; Owner: sintonya_user
--

SELECT pg_catalog.setval('public.profile_id_seq', 2, true);


--
-- Name: roles_id_seq; Type: SEQUENCE SET; Schema: public; Owner: sintonya_user
--

SELECT pg_catalog.setval('public.roles_id_seq', 3, true);


--
-- Name: selection_process_id_seq; Type: SEQUENCE SET; Schema: public; Owner: sintonya_user
--

SELECT pg_catalog.setval('public.selection_process_id_seq', 1, false);


--
-- Name: selection_stage_id_seq; Type: SEQUENCE SET; Schema: public; Owner: sintonya_user
--

SELECT pg_catalog.setval('public.selection_stage_id_seq', 2, true);


--
-- Name: skill_base_id_seq; Type: SEQUENCE SET; Schema: public; Owner: sintonya_user
--

SELECT pg_catalog.setval('public.skill_base_id_seq', 50, true);


--
-- Name: skill_candidate_id_seq; Type: SEQUENCE SET; Schema: public; Owner: sintonya_user
--

SELECT pg_catalog.setval('public.skill_candidate_id_seq', 11, true);


--
-- Name: skill_vacancy_id_seq; Type: SEQUENCE SET; Schema: public; Owner: sintonya_user
--

SELECT pg_catalog.setval('public.skill_vacancy_id_seq', 1, false);


--
-- Name: users_id_seq; Type: SEQUENCE SET; Schema: public; Owner: sintonya_user
--

SELECT pg_catalog.setval('public.users_id_seq', 3, true);


--
-- Name: vacancys_id_seq; Type: SEQUENCE SET; Schema: public; Owner: sintonya_user
--

SELECT pg_catalog.setval('public.vacancys_id_seq', 1, true);


--
-- Name: application_stage_result application_stage_result_pkey; Type: CONSTRAINT; Schema: public; Owner: sintonya_user
--

ALTER TABLE ONLY public.application_stage_result
    ADD CONSTRAINT application_stage_result_pkey PRIMARY KEY (id);


--
-- Name: attachments attachments_pkey; Type: CONSTRAINT; Schema: public; Owner: sintonya_user
--

ALTER TABLE ONLY public.attachments
    ADD CONSTRAINT attachments_pkey PRIMARY KEY (id);


--
-- Name: candidates candidates_pkey; Type: CONSTRAINT; Schema: public; Owner: sintonya_user
--

ALTER TABLE ONLY public.candidates
    ADD CONSTRAINT candidates_pkey PRIMARY KEY (id);


--
-- Name: certificates certificates_pkey; Type: CONSTRAINT; Schema: public; Owner: sintonya_user
--

ALTER TABLE ONLY public.certificates
    ADD CONSTRAINT certificates_pkey PRIMARY KEY (id);


--
-- Name: enterprises enterprises_pkey; Type: CONSTRAINT; Schema: public; Owner: sintonya_user
--

ALTER TABLE ONLY public.enterprises
    ADD CONSTRAINT enterprises_pkey PRIMARY KEY (id);


--
-- Name: experiences experiences_pkey; Type: CONSTRAINT; Schema: public; Owner: sintonya_user
--

ALTER TABLE ONLY public.experiences
    ADD CONSTRAINT experiences_pkey PRIMARY KEY (id);


--
-- Name: files files_pkey; Type: CONSTRAINT; Schema: public; Owner: sintonya_user
--

ALTER TABLE ONLY public.files
    ADD CONSTRAINT files_pkey PRIMARY KEY (id);


--
-- Name: job_application job_application_pkey; Type: CONSTRAINT; Schema: public; Owner: sintonya_user
--

ALTER TABLE ONLY public.job_application
    ADD CONSTRAINT job_application_pkey PRIMARY KEY (id);


--
-- Name: permissions permissions_pkey; Type: CONSTRAINT; Schema: public; Owner: sintonya_user
--

ALTER TABLE ONLY public.permissions
    ADD CONSTRAINT permissions_pkey PRIMARY KEY (id);


--
-- Name: profile profile_pkey; Type: CONSTRAINT; Schema: public; Owner: sintonya_user
--

ALTER TABLE ONLY public.profile
    ADD CONSTRAINT profile_pkey PRIMARY KEY (id);


--
-- Name: role_permissions role_permissions_pkey; Type: CONSTRAINT; Schema: public; Owner: sintonya_user
--

ALTER TABLE ONLY public.role_permissions
    ADD CONSTRAINT role_permissions_pkey PRIMARY KEY (role_id, permission_id);


--
-- Name: roles roles_pkey; Type: CONSTRAINT; Schema: public; Owner: sintonya_user
--

ALTER TABLE ONLY public.roles
    ADD CONSTRAINT roles_pkey PRIMARY KEY (id);


--
-- Name: selection_process selection_process_pkey; Type: CONSTRAINT; Schema: public; Owner: sintonya_user
--

ALTER TABLE ONLY public.selection_process
    ADD CONSTRAINT selection_process_pkey PRIMARY KEY (id);


--
-- Name: selection_stage selection_stage_pkey; Type: CONSTRAINT; Schema: public; Owner: sintonya_user
--

ALTER TABLE ONLY public.selection_stage
    ADD CONSTRAINT selection_stage_pkey PRIMARY KEY (id);


--
-- Name: skill_base skill_base_pkey; Type: CONSTRAINT; Schema: public; Owner: sintonya_user
--

ALTER TABLE ONLY public.skill_base
    ADD CONSTRAINT skill_base_pkey PRIMARY KEY (id);


--
-- Name: skill_candidate skill_candidate_pkey; Type: CONSTRAINT; Schema: public; Owner: sintonya_user
--

ALTER TABLE ONLY public.skill_candidate
    ADD CONSTRAINT skill_candidate_pkey PRIMARY KEY (id);


--
-- Name: skill_vacancy skill_vacancy_pkey; Type: CONSTRAINT; Schema: public; Owner: sintonya_user
--

ALTER TABLE ONLY public.skill_vacancy
    ADD CONSTRAINT skill_vacancy_pkey PRIMARY KEY (id);


--
-- Name: candidates uk3aej55o08fioyxlr8m5vmwx6f; Type: CONSTRAINT; Schema: public; Owner: sintonya_user
--

ALTER TABLE ONLY public.candidates
    ADD CONSTRAINT uk3aej55o08fioyxlr8m5vmwx6f UNIQUE (profile_id);


--
-- Name: users uk6dotkott2kjsp8vw4d0m25fb7; Type: CONSTRAINT; Schema: public; Owner: sintonya_user
--

ALTER TABLE ONLY public.users
    ADD CONSTRAINT uk6dotkott2kjsp8vw4d0m25fb7 UNIQUE (email);


--
-- Name: enterprises uk8d4ninni1puu1j5jg1rromp9s; Type: CONSTRAINT; Schema: public; Owner: sintonya_user
--

ALTER TABLE ONLY public.enterprises
    ADD CONSTRAINT uk8d4ninni1puu1j5jg1rromp9s UNIQUE (user_id);


--
-- Name: candidates ukdoi1o7iyehcrqrrrbxjostvv5; Type: CONSTRAINT; Schema: public; Owner: sintonya_user
--

ALTER TABLE ONLY public.candidates
    ADD CONSTRAINT ukdoi1o7iyehcrqrrrbxjostvv5 UNIQUE (user_id);


--
-- Name: permissions uknry1f3jmc4abb5yvkftlvn6vg; Type: CONSTRAINT; Schema: public; Owner: sintonya_user
--

ALTER TABLE ONLY public.permissions
    ADD CONSTRAINT uknry1f3jmc4abb5yvkftlvn6vg UNIQUE (permission_name);


--
-- Name: user_roles user_roles_pkey; Type: CONSTRAINT; Schema: public; Owner: sintonya_user
--

ALTER TABLE ONLY public.user_roles
    ADD CONSTRAINT user_roles_pkey PRIMARY KEY (user_id, role_id);


--
-- Name: users users_pkey; Type: CONSTRAINT; Schema: public; Owner: sintonya_user
--

ALTER TABLE ONLY public.users
    ADD CONSTRAINT users_pkey PRIMARY KEY (id);


--
-- Name: vacancys vacancys_pkey; Type: CONSTRAINT; Schema: public; Owner: sintonya_user
--

ALTER TABLE ONLY public.vacancys
    ADD CONSTRAINT vacancys_pkey PRIMARY KEY (id);


--
-- Name: skill_candidate fk451x2pw5dkbn80bmrpd40eobn; Type: FK CONSTRAINT; Schema: public; Owner: sintonya_user
--

ALTER TABLE ONLY public.skill_candidate
    ADD CONSTRAINT fk451x2pw5dkbn80bmrpd40eobn FOREIGN KEY (candidate_id) REFERENCES public.candidates(id);


--
-- Name: skill_candidate fk4rs7fox1dvay3k6qft96i481j; Type: FK CONSTRAINT; Schema: public; Owner: sintonya_user
--

ALTER TABLE ONLY public.skill_candidate
    ADD CONSTRAINT fk4rs7fox1dvay3k6qft96i481j FOREIGN KEY (skill_base_id) REFERENCES public.skill_base(id);


--
-- Name: experiences fk5pts9l4acfs3e1h5u3y35sudc; Type: FK CONSTRAINT; Schema: public; Owner: sintonya_user
--

ALTER TABLE ONLY public.experiences
    ADD CONSTRAINT fk5pts9l4acfs3e1h5u3y35sudc FOREIGN KEY (candidate_id) REFERENCES public.candidates(id);


--
-- Name: role_permissions fkegdk29eiy7mdtefy5c7eirr6e; Type: FK CONSTRAINT; Schema: public; Owner: sintonya_user
--

ALTER TABLE ONLY public.role_permissions
    ADD CONSTRAINT fkegdk29eiy7mdtefy5c7eirr6e FOREIGN KEY (permission_id) REFERENCES public.permissions(id);


--
-- Name: selection_stage fkf1aaqsidd3ap08ol9igx14wmp; Type: FK CONSTRAINT; Schema: public; Owner: sintonya_user
--

ALTER TABLE ONLY public.selection_stage
    ADD CONSTRAINT fkf1aaqsidd3ap08ol9igx14wmp FOREIGN KEY (vacancy_id) REFERENCES public.vacancys(id);


--
-- Name: skill_candidate fkfas865y9rk3s4nlvsm01p3uer; Type: FK CONSTRAINT; Schema: public; Owner: sintonya_user
--

ALTER TABLE ONLY public.skill_candidate
    ADD CONSTRAINT fkfas865y9rk3s4nlvsm01p3uer FOREIGN KEY (certificate_id) REFERENCES public.certificates(id);


--
-- Name: skill_vacancy fkg30ghng7o69kibrwo42ucf8ge; Type: FK CONSTRAINT; Schema: public; Owner: sintonya_user
--

ALTER TABLE ONLY public.skill_vacancy
    ADD CONSTRAINT fkg30ghng7o69kibrwo42ucf8ge FOREIGN KEY (vacancy_id) REFERENCES public.vacancys(id);


--
-- Name: user_roles fkh8ciramu9cc9q3qcqiv4ue8a6; Type: FK CONSTRAINT; Schema: public; Owner: sintonya_user
--

ALTER TABLE ONLY public.user_roles
    ADD CONSTRAINT fkh8ciramu9cc9q3qcqiv4ue8a6 FOREIGN KEY (role_id) REFERENCES public.roles(id);


--
-- Name: attachments fkh9io9v0megiiy1am1p0by1mak; Type: FK CONSTRAINT; Schema: public; Owner: sintonya_user
--

ALTER TABLE ONLY public.attachments
    ADD CONSTRAINT fkh9io9v0megiiy1am1p0by1mak FOREIGN KEY (candidate_id) REFERENCES public.candidates(id);


--
-- Name: job_application fkh9wg68ilb7hmn2ya9mfaaw4h7; Type: FK CONSTRAINT; Schema: public; Owner: sintonya_user
--

ALTER TABLE ONLY public.job_application
    ADD CONSTRAINT fkh9wg68ilb7hmn2ya9mfaaw4h7 FOREIGN KEY (candidate_id) REFERENCES public.candidates(id);


--
-- Name: user_roles fkhfh9dx7w3ubf1co1vdev94g3f; Type: FK CONSTRAINT; Schema: public; Owner: sintonya_user
--

ALTER TABLE ONLY public.user_roles
    ADD CONSTRAINT fkhfh9dx7w3ubf1co1vdev94g3f FOREIGN KEY (user_id) REFERENCES public.users(id);


--
-- Name: job_application fki2539f7afnd9xbd3w9jixspn2; Type: FK CONSTRAINT; Schema: public; Owner: sintonya_user
--

ALTER TABLE ONLY public.job_application
    ADD CONSTRAINT fki2539f7afnd9xbd3w9jixspn2 FOREIGN KEY (vacancy_id) REFERENCES public.vacancys(id);


--
-- Name: candidates fkm216ns4754viej0mmvbia3x0y; Type: FK CONSTRAINT; Schema: public; Owner: sintonya_user
--

ALTER TABLE ONLY public.candidates
    ADD CONSTRAINT fkm216ns4754viej0mmvbia3x0y FOREIGN KEY (profile_id) REFERENCES public.profile(id);


--
-- Name: candidates fkme4fkelukmx2s63tlcrft6hio; Type: FK CONSTRAINT; Schema: public; Owner: sintonya_user
--

ALTER TABLE ONLY public.candidates
    ADD CONSTRAINT fkme4fkelukmx2s63tlcrft6hio FOREIGN KEY (user_id) REFERENCES public.users(id);


--
-- Name: role_permissions fkn5fotdgk8d1xvo8nav9uv3muc; Type: FK CONSTRAINT; Schema: public; Owner: sintonya_user
--

ALTER TABLE ONLY public.role_permissions
    ADD CONSTRAINT fkn5fotdgk8d1xvo8nav9uv3muc FOREIGN KEY (role_id) REFERENCES public.roles(id);


--
-- Name: skill_candidate fko22j8gml1ttayim71gv98pl1; Type: FK CONSTRAINT; Schema: public; Owner: sintonya_user
--

ALTER TABLE ONLY public.skill_candidate
    ADD CONSTRAINT fko22j8gml1ttayim71gv98pl1 FOREIGN KEY (experience_id) REFERENCES public.experiences(id);


--
-- Name: application_stage_result fkomd2qk2nis50ibatcgpg6ypk; Type: FK CONSTRAINT; Schema: public; Owner: sintonya_user
--

ALTER TABLE ONLY public.application_stage_result
    ADD CONSTRAINT fkomd2qk2nis50ibatcgpg6ypk FOREIGN KEY (job_application_id) REFERENCES public.job_application(id);


--
-- Name: skill_vacancy fkox3nm4wegle95i5vsid9vqbpb; Type: FK CONSTRAINT; Schema: public; Owner: sintonya_user
--

ALTER TABLE ONLY public.skill_vacancy
    ADD CONSTRAINT fkox3nm4wegle95i5vsid9vqbpb FOREIGN KEY (skill_base_id) REFERENCES public.skill_base(id);


--
-- Name: selection_process fkpfc8vrun7ukmtsg914lqm8ugv; Type: FK CONSTRAINT; Schema: public; Owner: sintonya_user
--

ALTER TABLE ONLY public.selection_process
    ADD CONSTRAINT fkpfc8vrun7ukmtsg914lqm8ugv FOREIGN KEY (vacancy_id) REFERENCES public.vacancys(id);


--
-- Name: application_stage_result fkq9g8c7nyvu9ugf97wyjd876fh; Type: FK CONSTRAINT; Schema: public; Owner: sintonya_user
--

ALTER TABLE ONLY public.application_stage_result
    ADD CONSTRAINT fkq9g8c7nyvu9ugf97wyjd876fh FOREIGN KEY (selection_stage_id) REFERENCES public.selection_stage(id);


--
-- Name: vacancys fkrx14df5m2mq33fydxjojg85b8; Type: FK CONSTRAINT; Schema: public; Owner: sintonya_user
--

ALTER TABLE ONLY public.vacancys
    ADD CONSTRAINT fkrx14df5m2mq33fydxjojg85b8 FOREIGN KEY (enterprise_id) REFERENCES public.enterprises(id);


--
-- Name: attachments fksmrevr8b9202m113f0sdda24d; Type: FK CONSTRAINT; Schema: public; Owner: sintonya_user
--

ALTER TABLE ONLY public.attachments
    ADD CONSTRAINT fksmrevr8b9202m113f0sdda24d FOREIGN KEY (file_id) REFERENCES public.files(id);


--
-- Name: certificates fkt8r0o54nmp2jussm9qm3xedvu; Type: FK CONSTRAINT; Schema: public; Owner: sintonya_user
--

ALTER TABLE ONLY public.certificates
    ADD CONSTRAINT fkt8r0o54nmp2jussm9qm3xedvu FOREIGN KEY (candidate_id) REFERENCES public.candidates(id);


--
-- Name: enterprises fktegoe6oujp8lc23w368lii1i4; Type: FK CONSTRAINT; Schema: public; Owner: sintonya_user
--

ALTER TABLE ONLY public.enterprises
    ADD CONSTRAINT fktegoe6oujp8lc23w368lii1i4 FOREIGN KEY (user_id) REFERENCES public.users(id);


--
-- PostgreSQL database dump complete
--

\unrestrict b7mlJmmYCEdvqJaWP8UJEtz6JeYfeNt5uFiJl3bCqkZaat4O69eDcpaUYMxhRS2

